{"stats":{"minecraft:picked_up":{"minecraft:melon_slice":7,"minecraft:dirt":4},"minecraft:custom":{"minecraft:jump":14,"minecraft:time_since_rest":999,"minecraft:leave_game":1,"minecraft:crouch_one_cm":806,"minecraft:walk_on_water_one_cm":236,"minecraft:sprint_one_cm":1215,"minecraft:play_time":999,"minecraft:time_since_death":999,"minecraft:walk_one_cm":1377,"minecraft:sneak_time":240,"minecraft:climb_one_cm":204,"minecraft:total_world_time":999,"minecraft:walk_under_water_one_cm":1841,"minecraft:fly_one_cm":1452},"minecraft:mined":{"minecraft:grass_block":4,"minecraft:jungle_leaves":3,"minecraft:melon":1}},"DataVersion":3120}