{"stats":{"minecraft:crafted":{"minecraft:oak_planks":8,"minecraft:stone_shovel":5,"minecraft:furnace":1,"minecraft:iron_axe":1,"minecraft:chest":11,"tconstruct:sky_slime_ball":63,"minecraft:spruce_boat":1,"minecraft:wheat":144,"sophisticatedbackpacks:backpack":1,"butchersdelight:hook":1,"minecraft:crafting_table":1,"minecraft:spruce_planks":152,"minecraft:baked_potato":26,"tconstruct:sky_slime":7,"minecraft:dark_oak_button":1,"butchersdelight:cleaver":1,"minecraft:bread":34,"minecraft:air":0,"minecraft:stick":20,"minecraft:iron_ingot":4,"easyhammers:stone_hammer":1,"minecraft:torch":16},"minecraft:mined":{"minecraft:grass_block":136,"minecraft:large_fern":1,"minecraft:iron_ore":6,"minecraft:andesite":6,"minecraft:deepslate_iron_ore":1,"minecraft:dirt_path":74,"minecraft:iron_bars":2,"minecraft:stone":95,"minecraft:smithing_table":1,"minecraft:crafting_table":1,"minecraft:torch":8,"minecraft:blast_furnace":2,"minecraft:rose_bush":1,"minecraft:cobblestone":2,"biomesoplenty:sprout":4,"minecraft:deepslate_gold_ore":6,"minecraft:sugar_cane":41,"minecraft:diorite":7,"minecraft:deepslate_copper_ore":1,"minecraft:skeleton_skull":1,"ic2:deepslate_uranium_ore":1,"minecraft:orange_tulip":1,"biomesoplenty:fir_log":87,"minecraft:grass":61,"minecraft:oak_log":2,"minecraft:coal_ore":34,"biomesoplenty:fir_leaves":1,"minecraft:zombie_head":1,"minecraft:gravel":8,"minecraft:dirt":48,"minecraft:cobweb":15,"minecraft:deepslate":15,"minecraft:fern":25,"tconstruct:sky_congealed_slime":16},"minecraft:picked_up":{"minecraft:iron_chestplate":1,"minecraft:crafting_table":1,"butchersdelightfoods:legcow":2,"minecraft:smithing_table":1,"tconstruct:materials_and_you":1,"minecraft:string":17,"minecraft:raw_copper":32,"minecraft:iron_shovel":1,"minecraft:zombie_head":1,"butchersdelight:dead_cow":2,"simplefarming:oat_seeds":1,"minecraft:cobbled_deepslate":119,"minecraft:beef":2,"minecraft:rose_bush":1,"simplefarming:blackberry_bush":1,"ic2:hemp_seeds":11,"minecraft:sugar_cane":41,"bakingmod:salt":8,"simplefarming:spinach_seeds":1,"minecraft:raw_iron":13,"minecraft:stick":4,"simplefarming:yam_seeds":1,"minecraft:torch":8,"simplefarming:raspberries":3,"simplefarming:onion_seeds":1,"minecraft:diorite":65,"simplefarming:eggplant_seeds":1,"tconstruct:sky_slime_ball":64,"minecraft:arrow":6,"minecraft:rotten_flesh":16,"simplefarming:pepper_seeds":1,"simplefarming:ginger_seeds":1,"minecraft:iron_bars":2,"minecraft:skeleton_skull":1,"minecraft:cobblestone":479,"butchersdelightfoods:beeftenderloin":2,"minecraft:andesite":59,"ic2:ore_uranium":1,"biomesoplenty:fir_sapling":8,"biomesoplenty:fir_log":77,"minecraft:flint":1,"minecraft:oak_log":2,"minecraft:dirt":287,"minecraft:bone":6,"minecraft:wheat_seeds":13,"minecraft:raw_gold":6,"minecraft:iron_ingot":1,"biomesoplenty:toadstool":2,"simplefarming:corn_seeds":1,"simplefarming:rice_seeds":1,"ic2:wiki_item":1,"minecraft:sweet_berries":2,"car:canola_seeds":5,"butchersdelight:cow_hide":2,"butchersdelight:skullcow":2,"minecraft:gravel":14,"minecraft:sand":6,"minecraft:blast_furnace":2,"minecraft:spider_eye":1,"butchersdelightfoods:beefribs":2,"simplefarming:raspberry_bush":1,"alexsmobs:animal_dictionary":1,"simplefarming:sweet_potato_seeds":1,"minecraft:iron_helmet":1,"minecraft:granite":17,"minecraft:emerald":1,"pfm:furniture_book":1,"simplefarming:cotton_seeds":1,"minecraft:coal":39},"minecraft:killed":{"minecraft:vindicator":2,"minecraft:spider":3,"tconstruct:sky_slime":1,"minecraft:skeleton":5,"minecraft:drowned":1,"minecraft:pillager":2,"minecraft:zombie":12},"minecraft:broken":{"minecraft:iron_shovel":1,"minecraft:leather_leggings":1,"minecraft:stone_shovel":1},"minecraft:custom":{"minecraft:interact_with_smithing_table":1,"minecraft:mob_kills":28,"minecraft:animals_bred":9,"minecraft:interact_with_crafting_table":29,"minecraft:leave_game":7,"minecraft:time_since_death":100724,"minecraft:sprint_one_cm":404377,"minecraft:walk_one_cm":95969,"minecraft:talked_to_villager":1,"minecraft:play_time":100724,"minecraft:sneak_time":987,"minecraft:walk_under_water_one_cm":1592,"minecraft:boat_one_cm":44733,"minecraft:jump":1269,"minecraft:interact_with_blast_furnace":3,"minecraft:walk_on_water_one_cm":4848,"minecraft:total_world_time":100724,"minecraft:interact_with_furnace":4,"minecraft:sleep_in_bed":8,"minecraft:time_since_rest":10412,"minecraft:damage_taken":1319,"minecraft:damage_dealt":5549,"minecraft:swim_one_cm":7573,"minecraft:fly_one_cm":463537,"minecraft:open_chest":192,"minecraft:crouch_one_cm":2379,"minecraft:interact_with_smoker":8,"minecraft:fall_one_cm":35297},"minecraft:used":{"minecraft:rose_bush":1,"minecraft:iron_shovel":25,"minecraft:stone_shovel":235,"minecraft:chest":8,"minecraft:iron_sword":69,"butchersdelight:hook":1,"minecraft:torch":8,"minecraft:dirt":99,"simplefarming:raspberries":2,"minecraft:spruce_boat":2,"minecraft:dark_oak_planks":1,"butchersdelight:cleaver":1,"minecraft:iron_axe":103,"minecraft:iron_helmet":1,"minecraft:furnace":1,"minecraft:leather_leggings":1,"easyhammers:stone_hammer":85,"minecraft:stone_pickaxe":11,"minecraft:baked_potato":2,"minecraft:sugar_cane":18,"simplefarming:blackberry_bush":1,"minecraft:crafting_table":2,"minecraft:blast_furnace":2,"minecraft:diamond_pickaxe":5,"minecraft:bread":43,"minecraft:iron_pickaxe":84,"minecraft:diamond_sword":12,"minecraft:cobblestone":14,"simplefarming:raspberry_bush":1,"minecraft:smithing_table":1,"minecraft:yellow_bed":1,"biomesoplenty:fir_log":4}},"DataVersion":3120}