{"stats":{"minecraft:picked_up":{"minecraft:leather":3,"mowziesmobs:glowing_jelly":2,"minecraft:dirt":58,"minecraft:arrow":1},"minecraft:used":{"naturalist:elephant_spawn_egg":1,"mcwdoors:dark_oak_classic_door":1,"waystones:portstone":1,"waystones:waystone":1,"mca:male_villager_spawn_egg":1,"mcwwindows:stripped_oak_log_four_window":2,"usefulslime:slime_boots":1,"minecraft:diorite":8,"minecraft:diamond_shovel":60,"framedblocks:framed_inner_corner_slope":1,"mcwdoors:warped_classic_door":1,"framedblocks:framed_slope":1,"rechiseled:diorite_brick_paving":4,"pfm:umbran_biomesoplenty_blue_simple_bed":1,"mcwfurnitures:oak_double_wardrobe":1,"naturalist:firefly_spawn_egg":1,"decorative_blocks:oak_seat":2,"minecraft:structure_block":2,"mcwdoors:spruce_barn_glass_door":1,"easyhammers:iron_hammer":2,"minecraft:diamond_sword":10,"mcwdoors:spruce_japanese_door":6,"waystones:warp_plate":3,"mowziesmobs:lantern_spawn_egg":1,"mca:female_villager_spawn_egg":1,"rechiseled:diorite_diagonal_bricks":4,"another_furniture:orange_sofa":2,"mcwdoors:dark_oak_modern_door":3,"minecraft:ice":10,"decorative_blocks:oak_support":1,"torchmaster:megatorch":1,"structure_gel:building_tool":2},"minecraft:custom":{"minecraft:time_since_rest":59587,"minecraft:waystone_activated":1,"minecraft:sprint_one_cm":41372,"minecraft:walk_one_cm":29485,"minecraft:mob_kills":5,"minecraft:damage_dealt":1089,"minecraft:swim_one_cm":2076,"minecraft:fly_one_cm":156108,"minecraft:crouch_one_cm":179,"minecraft:play_time":59587,"minecraft:sneak_time":47,"minecraft:walk_under_water_one_cm":328,"minecraft:jump":333,"minecraft:time_since_death":59587,"minecraft:leave_game":12,"minecraft:walk_on_water_one_cm":1768,"minecraft:total_world_time":59587,"minecraft:fall_one_cm":209},"minecraft:killed":{"mowziesmobs:lantern":1,"minecraft:skeleton":1,"naturalist:elephant":1,"naturalist:firefly":1},"minecraft:mined":{"minecraft:ice":2,"minecraft:grass_block":35,"minecraft:dirt":25}},"DataVersion":3120}