{"stats":{"minecraft:custom":{"minecraft:animals_bred":34,"minecraft:interact_with_crafting_table":56,"minecraft:open_barrel":25,"minecraft:eat_cake_slice":7,"minecraft:leave_game":7,"minecraft:time_since_death":340333,"minecraft:sprint_one_cm":1349864,"minecraft:drop":63,"minecraft:talked_to_villager":2,"minecraft:play_time":340333,"minecraft:jump":4232,"minecraft:walk_on_water_one_cm":28688,"minecraft:interact_with_furnace":19,"minecraft:traded_with_villager":274,"minecraft:sleep_in_bed":22,"minecraft:damage_dealt":24539,"minecraft:crouch_one_cm":39612,"minecraft:interact_with_smoker":24,"minecraft:horse_one_cm":54128,"minecraft:interact_with_smithing_table":1,"minecraft:mob_kills":119,"minecraft:walk_one_cm":414814,"minecraft:damage_dealt_absorbed":241,"minecraft:sneak_time":9518,"minecraft:walk_under_water_one_cm":21223,"minecraft:boat_one_cm":188265,"minecraft:interact_with_blast_furnace":5,"minecraft:total_world_time":340333,"minecraft:time_since_rest":17940,"minecraft:damage_taken":3977,"minecraft:swim_one_cm":68399,"minecraft:fly_one_cm":1108673,"minecraft:open_chest":442,"minecraft:fall_one_cm":131849},"minecraft:used":{"simplefarming:oat_seeds":6,"minecraft:iron_shovel":189,"farmersdelight:cabbage_seeds":24,"minecraft:chest":9,"farmersdelight:cabbage":1,"minecraft:iron_sword":262,"butchersdelight:hook":2,"simplefarming:yam_seeds":1,"simplefarming:raspberries":2,"minecraft:spruce_boat":3,"sophisticatedbackpacks:diamond_backpack":1,"biomesoplenty:fir_sapling":142,"simplefarming:corn":2,"minecraft:iron_helmet":1,"minecraft:dark_oak_slab":7,"simplefarming:onion":3,"simplefarming:sorghum_seeds":6,"simplefarming:pepper_seeds":8,"simplefarming:honeydew_seeds":4,"simplefarming:tomato_seeds":8,"minecraft:furnace":1,"minecraft:cooked_cod":22,"biomesoplenty:fir_trapdoor":6,"car:canola_seeds":258,"simplefarming:grape_seeds":4,"minecraft:diorite":1,"minecraft:leather_leggings":1,"minecraft:diamond_boots":1,"easyhammers:stone_hammer":128,"minecraft:stone_pickaxe":19,"minecraft:blue_bed":5,"minecraft:sugar_cane":18,"simplefarming:sweet_potato_seeds":7,"minecraft:blast_furnace":5,"sophisticatedbackpacks:backpack":3,"simplefarming:barley_seeds":4,"minecraft:dark_oak_log":2,"minecraft:melon_slice":11,"minecraft:bread":54,"simplefarming:spinach_seeds":1,"simplefarming:corn_seeds":6,"biomesoplenty:yellow_autumn_sapling":25,"minecraft:gravel":75,"minecraft:diamond_sword":12,"minecraft:smithing_table":2,"minecraft:bone_meal":126,"minecraft:rose_bush":1,"sophisticatedbackpacks:iron_backpack":1,"minecraft:stone_shovel":276,"simplefarming:cassava_seeds":3,"minecraft:spruce_planks":1,"simplefarming:ginger_seeds":2,"simplefarming:cotton_seeds":1,"minecraft:stone_hoe":322,"minecraft:torch":28,"minecraft:dirt":600,"simplefarming:eggplant":6,"simplefarming:rice_seeds":3,"bakingmod:tomato_seeds":7,"simplefarming:onion_seeds":4,"biomesoplenty:maple_sapling":54,"minecraft:dark_oak_planks":1,"butchersdelight:cleaver":1,"minecraft:iron_axe":1389,"simplefarming:eggplant_seeds":8,"ic2:rubber_sapling":3,"minecraft:cooked_beef":6,"minecraft:cobbled_deepslate":48,"minecraft:pumpkin":6,"sophisticatedbackpacks:gold_backpack":3,"minecraft:wheat_seeds":160,"minecraft:baked_potato":33,"minecraft:fletching_table":3,"simplefarming:blackberry_bush":1,"minecraft:mossy_cobblestone":1,"biomesoplenty:fir_slab":6,"minecraft:crafting_table":4,"simplefarming:tomato":9,"biomesoplenty:orange_autumn_sapling":34,"minecraft:cake":1,"minecraft:smoker":1,"simplefarming:lettuce":11,"minecraft:diamond_pickaxe":54,"minecraft:diamond_shovel":727,"minecraft:iron_pickaxe":222,"simplefarming:lettuce_seeds":15,"minecraft:spruce_sapling":3,"easyhammers:iron_hammer":251,"minecraft:cobblestone":51,"simplefarming:raspberry_bush":1,"minecraft:purple_bed":2,"minecraft:cobbled_deepslate_slab":2,"minecraft:cooked_porkchop":3,"minecraft:yellow_bed":1,"biomesoplenty:fir_log":15,"minecraft:diamond_leggings":1},"minecraft:picked_up":{"minecraft:iron_chestplate":1,"minecraft:wheat":77,"butchersdelightfoods:legcow":3,"minecraft:anvil":1,"minecraft:smithing_table":1,"biomesoplenty:orange_autumn_sapling":34,"minecraft:enchanted_book":1,"simplefarming:rice":1,"minecraft:music_disc_cat":1,"minecraft:string":59,"minecraft:raw_copper":32,"biomesoplenty:yellow_autumn_sapling":25,"minecraft:zombie_head":1,"simplefarming:ginger":6,"minecraft:cobbled_deepslate":1441,"farmersdelight:cabbage":6,"minecraft:spruce_planks":5,"minecraft:white_tulip":1,"minecraft:rose_bush":1,"simplefarming:blackberry_bush":1,"easyhammers:stone_hammer":1,"bakingmod:tomato":3,"farmersdelight:cabbage_seeds":28,"minecraft:furnace":1,"minecraft:iron_boots":6,"simplefarming:spinach_seeds":1,"simplefarming:barley":1,"minecraft:stick":204,"minecraft:torch":32,"simplefarming:oat":2,"minecraft:spruce_stairs":2,"simplefarming:raspberries":3,"minecraft:diorite":65,"alexsmobs:centipede_leg":6,"simplefarming:sweet_potato":7,"simplefarming:lettuce":11,"minecraft:rotten_flesh":60,"simplefarming:pepper_seeds":8,"minecraft:red_tulip":1,"farmersdelight:rope":50,"biomesoplenty:fir_slab":3,"minecraft:iron_bars":2,"minecraft:cobblestone":930,"minecraft:birch_log":49,"butchersdelightfoods:beeftenderloin":2,"minecraft:feather":4,"minecraft:lilac":1,"minecraft:andesite":59,"minecraft:smoker":3,"biomesoplenty:dead_log":16,"biomesoplenty:fir_sapling":181,"biomesoplenty:fir_log":720,"minecraft:flint":7,"minecraft:tuff":73,"minecraft:dirt":946,"minecraft:lapis_lazuli":52,"minecraft:name_tag":1,"minecraft:bone":28,"minecraft:bow":4,"minecraft:orange_tulip":1,"minecraft:wheat_seeds":232,"minecraft:raw_gold":19,"simplefarming:lettuce_seeds":15,"minecraft:cobbled_deepslate_slab":2,"minecraft:grindstone":1,"simplefarming:pepper":6,"simplefarming:tomato_seeds":7,"car:canola":99,"simplefarming:blueberry_bush":6,"minecraft:fletching_table":1,"biomesoplenty:toadstool":3,"simplefarming:corn_seeds":6,"minecraft:music_disc_13":2,"car:canola_seeds":273,"butchersdelight:cow_hide":3,"butchersdelight:skullcow":2,"minecraft:sand":48,"sophisticatedbackpacks:iron_backpack":1,"minecraft:ink_sac":22,"minecraft:lily_of_the_valley":3,"butchersdelightfoods:beefribs":2,"minecraft:dark_oak_log":74,"alexsmobs:animal_dictionary":1,"minecraft:mossy_cobblestone":2,"simplefarming:corn":2,"ic2:raw_silver":10,"minecraft:diamond":48,"minecraft:spruce_boat":2,"minecraft:granite":17,"minecraft:golden_apple":1,"minecraft:emerald":1,"minecraft:bread":2,"pfm:furniture_book":1,"minecraft:oak_sapling":6,"butchersdelight:hook":1,"simplefarming:cassava_seeds":4,"minecraft:crafting_table":3,"minecraft:azure_bluet":1,"minecraft:chicken":2,"tconstruct:materials_and_you":1,"minecraft:cornflower":1,"simplefarming:eggplant":6,"simplefarming:sorghum_seeds":6,"artifacts:feral_claws":1,"minecraft:iron_shovel":1,"artifacts:fire_gauntlet":1,"butchersdelight:dead_cow":4,"simplefarming:oat_seeds":6,"minecraft:beef":2,"minecraft:poppy":3,"ic2:hemp_seeds":27,"minecraft:sugar_cane":209,"minecraft:chest":4,"simplefarming:barley_seeds":4,"minecraft:spruce_trapdoor":2,"biomesoplenty:hanging_cobweb":1,"bakingmod:salt":8,"bakingmod:tomato_seeds":10,"minecraft:raw_iron":199,"simplefarming:yam_seeds":1,"tconstruct:earth_slime_grass_seeds":5,"farmersdelight:tomato_seeds":3,"simplefarming:onion_seeds":5,"minecraft:redstone":93,"simplefarming:eggplant_seeds":9,"tconstruct:sky_slime_ball":64,"minecraft:arrow":23,"minecraft:beetroot_seeds":3,"simplefarming:ginger_seeds":4,"minecraft:gold_ingot":1,"sophisticatedbackpacks:copper_backpack":1,"minecraft:white_wool":6,"minecraft:skeleton_skull":1,"minecraft:rail":31,"ic2:ore_uranium":4,"simplefarming:onion":3,"minecraft:oak_log":143,"minecraft:gunpowder":13,"minecraft:cobblestone_wall":4,"minecraft:cobblestone_stairs":3,"minecraft:blue_bed":6,"simplefarming:grape_seeds":5,"butchersdelight:deadchiken":2,"minecraft:apple":9,"tconstruct:sky_slime_grass_seeds":4,"simplefarming:honeydew_seeds":4,"minecraft:iron_ingot":1,"minecraft:stone_pickaxe":10,"ic2:rubber_sapling":4,"simplefarming:cotton":2,"sophisticatedbackpacks:diamond_backpack":1,"simplefarming:rice_seeds":3,"minecraft:dark_oak_slab":4,"ic2:wiki_item":1,"minecraft:pumpkin":6,"minecraft:sweet_berries":13,"minecraft:dandelion":4,"minecraft:gravel":98,"simplefarming:blueberries":5,"minecraft:spruce_sapling":3,"minecraft:blast_furnace":6,"minecraft:spruce_log":19,"minecraft:spider_eye":4,"simplefarming:raspberry_bush":1,"minecraft:spruce_door":4,"simplefarming:tomato":9,"minecraft:pumpkin_seeds":4,"biomesoplenty:maple_sapling":54,"minecraft:purple_bed":2,"simplefarming:sweet_potato_seeds":7,"ic2:rubber_wood":24,"ic2:sticky_resin":2,"minecraft:iron_helmet":2,"simplefarming:sorghum":3,"minecraft:damaged_anvil":1,"simplefarming:cotton_seeds":4,"minecraft:coal":59},"minecraft:broken":{"minecraft:iron_shovel":1,"minecraft:leather_leggings":1,"minecraft:iron_sword":1,"minecraft:stone_shovel":1,"minecraft:stone_hoe":2,"minecraft:iron_axe":5,"easyhammers:iron_hammer":1},"minecraft:killed":{"minecraft:cave_spider":1,"minecraft:spider":11,"tconstruct:sky_slime":1,"minecraft:skeleton":25,"alexsmobs:centipede_head":4,"minecraft:skeleton_horse":1,"artifacts:mimic":3,"minecraft:creeper":10,"minecraft:pillager":3,"minecraft:zombie":44,"minecraft:vindicator":2,"minecraft:drowned":2,"minecraft:squid":8},"minecraft:mined":{"minecraft:spruce_planks":5,"minecraft:cobblestone_stairs":3,"ic2:rubber_wood":24,"minecraft:spruce_trapdoor":2,"biomesoplenty:fir_slab":3,"minecraft:grass_block":433,"sophisticatedbackpacks:iron_backpack":1,"simplefarming:rice":1,"simplefarming:ginger":2,"minecraft:iron_ore":6,"minecraft:cobbled_deepslate":8,"minecraft:pumpkin":6,"minecraft:anvil":1,"minecraft:deepslate_lapis_ore":8,"minecraft:fletching_table":1,"biomesoplenty:hanging_cobweb":3,"minecraft:red_tulip":1,"minecraft:dirt_path":87,"biomesoplenty:webbing":1,"minecraft:iron_bars":2,"simplefarming:honeydew_stem":3,"minecraft:deepslate_redstone_ore":17,"simplefarming:eggplants":2,"minecraft:smoker":3,"biomesoplenty:hanging_cobweb_strand":1,"minecraft:torch":17,"minecraft:blast_furnace":6,"car:canola":99,"minecraft:chest":4,"farmersdelight:cabbages":11,"minecraft:cobblestone":16,"minecraft:sugar_cane":133,"minecraft:grindstone":1,"minecraft:damaged_anvil":1,"minecraft:wall_torch":9,"minecraft:deepslate_copper_ore":1,"minecraft:skeleton_skull":1,"bakingmod:tomatocrop":3,"minecraft:dark_oak_slab":4,"minecraft:birch_log":55,"minecraft:wheat":80,"minecraft:lilac":1,"ic2:deepslate_uranium_ore":3,"ic2:deepslate_silver_ore":5,"minecraft:orange_tulip":2,"biomesoplenty:fir_log":776,"simplefarming:tomatoes":3,"minecraft:grass":163,"biomesoplenty:dead_log":36,"minecraft:oak_log":89,"simplefarming:corn":1,"minecraft:sand":42,"minecraft:dirt":413,"biomesoplenty:fir_sapling":2,"simplefarming:onions":1,"minecraft:oak_leaves":6,"minecraft:deepslate":215,"minecraft:tuff":42,"minecraft:mossy_cobblestone":2,"minecraft:deepslate_diamond_ore":18,"minecraft:dark_oak_log":80,"simplefarming:lettuce":8,"minecraft:cobbled_deepslate_slab":2,"minecraft:large_fern":3,"minecraft:furnace":1,"biomesoplenty:toadstool":1,"minecraft:andesite":6,"minecraft:deepslate_iron_ore":91,"minecraft:rail":31,"simplefarming:barley":1,"minecraft:white_tulip":1,"minecraft:stone":96,"biomesoplenty:spider_egg":1,"simplefarming:blueberry_bush":6,"minecraft:smithing_table":1,"minecraft:glass_pane":1,"minecraft:dandelion":1,"minecraft:spruce_door":4,"minecraft:crafting_table":3,"minecraft:cornflower":1,"simplefarming:sweet_potatoes":2,"minecraft:rose_bush":1,"biomesoplenty:sprout":25,"simplefarming:cotton":1,"minecraft:deepslate_gold_ore":18,"simplefarming:sorghum":1,"minecraft:diorite":7,"minecraft:blue_bed":6,"minecraft:air":47,"minecraft:spruce_stairs":2,"minecraft:purple_bed":2,"minecraft:cobblestone_wall":4,"butchersdelight:deadcowblock":1,"minecraft:sweet_berry_bush":5,"minecraft:spruce_log":21,"simplefarming:grape_trunk_top":1,"minecraft:coal_ore":41,"biomesoplenty:fir_leaves":15,"minecraft:gravel":100,"minecraft:zombie_head":1,"minecraft:cobweb":27,"simplefarming:peppers":2,"simplefarming:oat":3,"minecraft:fern":71,"tconstruct:sky_congealed_slime":16},"minecraft:crafted":{"minecraft:black_dye":19,"minecraft:oak_planks":568,"minecraft:diamond_shovel":1,"sophisticatedbackpacks:crafting_upgrade":1,"minecraft:diamond_leggings":1,"minecraft:iron_boots":9,"minecraft:chest":11,"minecraft:black_wool":6,"sophisticatedbackpacks:backpack":1,"minecraft:emerald":241,"minecraft:crafting_table":2,"minecraft:spruce_planks":244,"minecraft:baked_potato":32,"minecraft:iron_helmet":1,"minecraft:chainmail_chestplate":8,"minecraft:smithing_table":1,"butchersdelight:cleaver":1,"minecraft:birch_planks":196,"ic2:rubberwood_planks":96,"sophisticatedbackpacks:upgrade_base":1,"biomesoplenty:fir_planks":2812,"minecraft:stick":7740,"minecraft:iron_ingot":34,"easyhammers:stone_hammer":1,"minecraft:cobbled_deepslate_slab":6,"easyhammers:iron_hammer":1,"minecraft:stone_shovel":6,"minecraft:iron_nugget":18,"pfm:dark_oak_herringbone_planks":8,"minecraft:furnace":1,"minecraft:bone_meal":126,"minecraft:iron_axe":6,"minecraft:spruce_slab":12,"minecraft:stone_pickaxe":10,"minecraft:diamond_boots":1,"tconstruct:sky_slime_ball":63,"minecraft:spruce_boat":1,"minecraft:dark_oak_planks":292,"minecraft:wheat":144,"sophisticatedbackpacks:iron_backpack":1,"minecraft:cooked_beef":2,"biomesoplenty:dead_planks":64,"butchersdelight:hook":2,"tconstruct:sky_slime":7,"sophisticatedbackpacks:gold_backpack":1,"minecraft:dark_oak_button":1,"minecraft:bread":34,"minecraft:air":0,"minecraft:flint":3,"minecraft:torch":16,"minecraft:diamond_chestplate":1},"minecraft:dropped":{"biomesoplenty:hanging_cobweb":1,"simplefarming:grape_seeds":1,"biomesoplenty:fir_sapling":4,"minecraft:cornflower":1,"ic2:hemp_seeds":1,"minecraft:gravel":14,"tconstruct:earth_slime_grass_seeds":2,"minecraft:azure_bluet":1,"minecraft:beetroot_seeds":3,"butchersdelight:hook":1,"farmersdelight:tomato_seeds":3,"minecraft:bread":1,"minecraft:wheat_seeds":3,"easyhammers:stone_hammer":1,"minecraft:iron_helmet":1,"minecraft:cobblestone":428,"minecraft:granite":17,"minecraft:stick":29,"minecraft:diorite":64,"minecraft:dandelion":1,"simplefarming:onion_seeds":1,"ic2:raw_silver":10,"minecraft:raw_copper":32,"minecraft:tuff":18,"farmersdelight:cabbage_seeds":7,"minecraft:iron_boots":6,"minecraft:andesite":59,"minecraft:stone_pickaxe":20,"simplefarming:eggplant_seeds":1}},"DataVersion":3120}