{"stats":{"minecraft:broken":{"minecraft:iron_shovel":1,"minecraft:leather_leggings":1,"plane:wrench":7,"minecraft:iron_sword":1,"minecraft:stone_shovel":1,"minecraft:stone_hoe":2,"minecraft:iron_axe":5,"minecraft:iron_helmet":1,"easyhammers:iron_hammer":1},"minecraft:dropped":{"biomesoplenty:hanging_cobweb":1,"simplefarming:yam_seeds":1,"simplefarming:grape_seeds":1,"biomesoplenty:fir_sapling":4,"minecraft:dirt":57,"minecraft:cornflower":2,"minecraft:sunflower":4,"ic2:hemp_seeds":11,"minecraft:gravel":14,"tconstruct:earth_slime_grass_seeds":2,"minecraft:rotten_flesh":1,"minecraft:azure_bluet":1,"minecraft:beetroot_seeds":3,"butchersdelight:hook":1,"farmersdelight:tomato_seeds":3,"minecraft:bread":1,"minecraft:wheat_seeds":8,"easyhammers:stone_hammer":1,"minecraft:cobblestone":428,"biomesoplenty:maple_sapling":4,"minecraft:iron_helmet":1,"simplefarming:turnip_seeds":1,"minecraft:granite":17,"minecraft:stick":30,"minecraft:oxeye_daisy":1,"minecraft:diorite":64,"minecraft:dandelion":3,"simplefarming:onion_seeds":1,"car:canola_seeds":2,"ic2:raw_silver":10,"minecraft:raw_copper":32,"minecraft:bowl":1,"minecraft:tuff":18,"farmersdelight:cabbage_seeds":7,"minecraft:iron_boots":6,"simplefarming:kenaf_seeds":1,"minecraft:andesite":59,"minecraft:oak_sapling":2,"minecraft:stone_pickaxe":20,"simplefarming:eggplant_seeds":1},"minecraft:crafted":{"minecraft:black_dye":19,"minecraft:smooth_stone":3,"minecraft:oak_planks":720,"car:generator":1,"minecraft:stone":4,"minecraft:diamond_shovel":1,"sophisticatedbackpacks:crafting_upgrade":1,"paraglider:deku_leaf":1,"car:backmix_reactor":1,"car:cable":16,"car:fluid_extractor":4,"car:split_tank":1,"usefulslime:slime_sling":1,"minecraft:glass":42,"minecraft:iron_boots":9,"minecraft:diamond_leggings":1,"minecraft:chest":12,"minecraft:black_wool":6,"car:dynamo":1,"minecraft:emerald":241,"sophisticatedbackpacks:backpack":1,"minecraft:crafting_table":2,"minecraft:spruce_planks":244,"minecraft:baked_potato":32,"minecraft:iron_helmet":1,"car:tank":5,"minecraft:chainmail_chestplate":8,"minecraft:smithing_table":1,"butchersdelight:cleaver":1,"minecraft:birch_planks":196,"ic2:rubberwood_planks":96,"sophisticatedbackpacks:upgrade_base":1,"biomesoplenty:fir_planks":2820,"car:asphalt_slope":6,"minecraft:stick":7748,"minecraft:iron_ingot":34,"minecraft:iron_block":4,"easyhammers:stone_hammer":1,"plane:wrench":2,"car:engine_3_cylinder":1,"minecraft:cobbled_deepslate_slab":6,"minecraft:stone_shovel":6,"easyhammers:iron_hammer":1,"minecraft:smooth_stone_slab":6,"plane:plane_spruce":1,"minecraft:iron_nugget":18,"pfm:dark_oak_herringbone_planks":8,"minecraft:furnace":1,"car:asphalt":8,"minecraft:bone_meal":126,"car:gas_station":1,"minecraft:iron_axe":6,"minecraft:spruce_slab":12,"minecraft:stone_pickaxe":10,"minecraft:diamond_boots":1,"car:crank":2,"tconstruct:sky_slime_ball":63,"minecraft:spruce_boat":1,"minecraft:dark_oak_planks":292,"sophisticatedbackpacks:iron_backpack":1,"minecraft:wheat":144,"minecraft:cooked_beef":2,"paraglider:paraglider":1,"biomesoplenty:dead_planks":64,"butchersdelight:hook":2,"car:engine_piston":3,"tconstruct:sky_slime":7,"sophisticatedbackpacks:gold_backpack":1,"minecraft:bucket":1,"minecraft:dark_oak_button":1,"minecraft:bread":34,"minecraft:air":0,"car:cable_insulator":48,"minecraft:flint":3,"car:asphalt_slope_flat_lower":4,"car:fluid_pipe":16,"minecraft:torch":16,"minecraft:diamond_chestplate":1},"minecraft:killed":{"minecraft:cave_spider":1,"minecraft:spider":16,"tconstruct:sky_slime":1,"minecraft:skeleton":52,"alexsmobs:centipede_head":5,"minecraft:skeleton_horse":1,"artifacts:mimic":3,"minecraft:creeper":20,"minecraft:pillager":3,"minecraft:zombie":67,"minecraft:vindicator":2,"minecraft:phantom":3,"minecraft:drowned":2,"minecraft:squid":8,"minecraft:enderman":1},"minecraft:mined":{"car:gas_station":3,"minecraft:spruce_planks":5,"minecraft:cobblestone_stairs":3,"ic2:rubber_wood":24,"minecraft:spruce_trapdoor":2,"minecraft:granite":12,"ic2:tin_ore":3,"biomesoplenty:fir_slab":9,"minecraft:grass_block":706,"sophisticatedbackpacks:iron_backpack":1,"simplefarming:rice":1,"minecraft:oxeye_daisy":1,"minecraft:tall_seagrass":3,"simplefarming:ginger":2,"minecraft:iron_ore":10,"car:blastfurnace":2,"minecraft:cobbled_deepslate":13,"minecraft:pumpkin":6,"minecraft:anvil":1,"minecraft:deepslate_lapis_ore":13,"minecraft:fletching_table":1,"biomesoplenty:hanging_cobweb":5,"minecraft:red_tulip":1,"minecraft:dirt_path":87,"biomesoplenty:webbing":1,"minecraft:iron_bars":2,"simplefarming:honeydew_stem":3,"minecraft:spruce_slab":1,"minecraft:deepslate_redstone_ore":17,"simplefarming:eggplants":2,"minecraft:smoker":3,"minecraft:powder_snow":4,"biomesoplenty:hanging_cobweb_strand":1,"minecraft:torch":22,"minecraft:blast_furnace":6,"car:fluid_pipe":12,"car:canola":205,"minecraft:chest":4,"minecraft:glass":3,"minecraft:cobblestone":17,"farmersdelight:cabbages":11,"minecraft:oak_planks":4,"minecraft:sugar_cane":133,"minecraft:grindstone":1,"minecraft:damaged_anvil":1,"minecraft:wall_torch":12,"minecraft:deepslate_copper_ore":1,"minecraft:skeleton_skull":1,"minecraft:dark_oak_slab":4,"bakingmod:tomatocrop":3,"minecraft:birch_log":55,"minecraft:wheat":80,"minecraft:lilac":5,"ic2:deepslate_uranium_ore":3,"ic2:deepslate_silver_ore":5,"biomesoplenty:maple_leaves":1,"minecraft:orange_tulip":2,"biomesoplenty:fir_log":941,"car:split_tank_top":1,"simplefarming:tomatoes":3,"minecraft:grass":203,"biomesoplenty:dead_log":36,"minecraft:oak_log":151,"simplefarming:corn":1,"minecraft:sand":44,"minecraft:dirt":1081,"biomesoplenty:fir_sapling":2,"car:cable":3,"simplefarming:onions":1,"car:generator":2,"minecraft:oak_leaves":17,"minecraft:deepslate":221,"minecraft:tuff":42,"minecraft:mossy_cobblestone":2,"minecraft:deepslate_diamond_ore":18,"minecraft:dark_oak_log":80,"minecraft:cobbled_deepslate_slab":2,"simplefarming:lettuce":8,"minecraft:spruce_leaves":2,"minecraft:large_fern":3,"car:split_tank":2,"minecraft:redstone_ore":2,"minecraft:furnace":1,"biomesoplenty:toadstool":1,"minecraft:andesite":14,"car:fluid_extractor":5,"minecraft:deepslate_iron_ore":145,"minecraft:rail":40,"car:backmix_reactor":2,"simplefarming:barley":1,"minecraft:white_tulip":1,"biomesoplenty:spider_egg":1,"minecraft:stone":296,"simplefarming:blueberry_bush":6,"minecraft:smithing_table":1,"minecraft:oak_slab":11,"car:crank":7,"minecraft:glass_pane":1,"car:gas_station_top":2,"minecraft:dandelion":4,"minecraft:spruce_door":4,"minecraft:crafting_table":3,"minecraft:cornflower":2,"minecraft:emerald_ore":1,"car:oilmill":2,"simplefarming:sweet_potatoes":2,"minecraft:rose_bush":1,"minecraft:lapis_ore":1,"biomesoplenty:sprout":34,"simplefarming:cotton":1,"minecraft:deepslate_gold_ore":18,"minecraft:diorite":7,"simplefarming:sorghum":1,"minecraft:blue_bed":6,"minecraft:air":51,"minecraft:spruce_stairs":2,"minecraft:purple_bed":2,"minecraft:cobblestone_wall":4,"butchersdelight:deadcowblock":1,"car:dynamo":5,"minecraft:sweet_berry_bush":6,"car:asphalt_slope_flat_lower":3,"minecraft:spruce_log":32,"simplefarming:grape_trunk_top":1,"minecraft:coal_ore":43,"biomesoplenty:fir_leaves":16,"car:asphalt_slope":3,"minecraft:zombie_head":1,"minecraft:gravel":170,"minecraft:sunflower":4,"minecraft:cobweb":27,"simplefarming:peppers":2,"simplefarming:oat":3,"minecraft:fern":73,"tconstruct:sky_congealed_slime":16},"minecraft:used":{"tconstruct:enderbark_door":2,"simplefarming:oat_seeds":6,"minecraft:iron_shovel":189,"car:generator":3,"minecraft:spruce_slab":11,"farmersdelight:cabbage_seeds":24,"minecraft:chest":9,"farmersdelight:cabbage":1,"butchersdelight:hook":2,"minecraft:stone":8,"minecraft:iron_sword":262,"minecraft:rotten_flesh":16,"simplefarming:yam_seeds":1,"simplefarming:raspberries":2,"minecraft:spruce_boat":3,"sophisticatedbackpacks:diamond_backpack":1,"minecraft:glass":9,"minecraft:grass_block":2,"car:asphalt_slope_flat_lower":3,"biomesoplenty:fir_sapling":142,"simplefarming:corn":2,"minecraft:iron_helmet":1,"minecraft:dark_oak_slab":7,"simplefarming:onion":3,"simplefarming:sorghum_seeds":6,"simplefarming:pepper_seeds":8,"simplefarming:honeydew_seeds":4,"minecraft:rabbit_stew":1,"car:fluid_pipe":19,"simplefarming:sweet_potato":7,"simplefarming:tomato_seeds":8,"minecraft:furnace":1,"minecraft:cooked_cod":22,"biomesoplenty:fir_trapdoor":6,"car:canola_seeds":365,"car:tank":5,"simplefarming:grape_seeds":4,"minecraft:diorite":1,"minecraft:leather_leggings":1,"minecraft:diamond_boots":1,"easyhammers:stone_hammer":128,"minecraft:stone_pickaxe":19,"minecraft:oak_planks":114,"minecraft:sugar_cane":18,"car:oilmill":3,"minecraft:diamond_axe":164,"minecraft:blue_bed":5,"minecraft:cookie":4,"minecraft:glow_berries":6,"minecraft:blast_furnace":5,"simplefarming:sweet_potato_seeds":7,"minecraft:mushroom_stew":1,"minecraft:shears":1,"sophisticatedbackpacks:backpack":4,"simplefarming:barley_seeds":4,"minecraft:dark_oak_log":2,"minecraft:melon_slice":18,"minecraft:bread":62,"car:asphalt_slope":3,"car:dynamo":5,"simplefarming:corn_seeds":6,"simplefarming:spinach_seeds":1,"biomesoplenty:yellow_autumn_sapling":25,"minecraft:gravel":76,"minecraft:diamond_sword":12,"minecraft:smithing_table":2,"minecraft:andesite":8,"minecraft:ice":3,"car:crank":7,"minecraft:bone_meal":126,"minecraft:rose_bush":1,"sophisticatedbackpacks:iron_backpack":1,"minecraft:stone_sword":11,"minecraft:stone_shovel":276,"simplefarming:cassava_seeds":3,"minecraft:spruce_planks":1,"simplefarming:ginger_seeds":2,"plane:plane_oak":13,"car:blastfurnace":3,"minecraft:stone_hoe":322,"simplefarming:cotton_seeds":1,"butchersdelightfoods:cooked_leg_cow":2,"minecraft:torch":43,"minecraft:dirt":898,"simplefarming:eggplant":6,"minecraft:hopper":2,"simplefarming:rice_seeds":3,"bakingmod:tomato_seeds":7,"minecraft:granite":5,"simplefarming:onion_seeds":4,"biomesoplenty:maple_sapling":54,"car:fluid_extractor":12,"minecraft:dark_oak_planks":1,"butchersdelight:cleaver":1,"car:backmix_reactor":3,"minecraft:iron_axe":1667,"plane:plane_spruce":11,"simplefarming:eggplant_seeds":8,"ic2:rubber_sapling":3,"minecraft:pumpkin":6,"minecraft:cooked_beef":17,"car:gas_station":5,"minecraft:cobbled_deepslate":249,"sophisticatedbackpacks:gold_backpack":3,"minecraft:cooked_mutton":3,"minecraft:wheat_seeds":160,"minecraft:baked_potato":34,"simplefarming:blackberry_bush":1,"minecraft:fletching_table":3,"minecraft:mossy_cobblestone":1,"car:cable":13,"biomesoplenty:fir_slab":29,"minecraft:oak_slab":89,"minecraft:crafting_table":4,"simplefarming:tomato":9,"minecraft:white_bed":1,"biomesoplenty:orange_autumn_sapling":34,"minecraft:cake":2,"minecraft:smoker":1,"simplefarming:lettuce":11,"car:split_tank":3,"minecraft:diamond_pickaxe":244,"minecraft:apple":5,"minecraft:diamond_shovel":1756,"easyhammers:diamond_hammer":168,"minecraft:iron_pickaxe":222,"simplefarming:lettuce_seeds":15,"minecraft:spruce_sapling":3,"minecraft:cobbled_deepslate_slab":2,"minecraft:purple_bed":2,"minecraft:cobblestone":79,"easyhammers:iron_hammer":251,"simplefarming:raspberry_bush":1,"minecraft:cooked_porkchop":3,"car:bio_diesel_bucket":2,"minecraft:pumpkin_pie":4,"minecraft:yellow_bed":1,"minecraft:diamond_leggings":1,"biomesoplenty:fir_log":15},"minecraft:picked_up":{"minecraft:iron_chestplate":1,"minecraft:wheat":77,"butchersdelightfoods:legcow":7,"minecraft:anvil":1,"simplefarming:turnip_seeds":1,"car:asphalt_slope":3,"minecraft:smithing_table":1,"biomesoplenty:orange_autumn_sapling":34,"minecraft:enchanted_book":2,"car:blastfurnace":2,"simplefarming:rice":1,"minecraft:music_disc_cat":1,"minecraft:string":67,"minecraft:raw_copper":32,"biomesoplenty:yellow_autumn_sapling":25,"minecraft:zombie_head":1,"simplefarming:ginger":6,"minecraft:cobbled_deepslate":1457,"farmersdelight:cabbage":6,"minecraft:spruce_planks":5,"minecraft:white_tulip":1,"minecraft:rose_bush":1,"simplefarming:blackberry_bush":1,"car:cable":3,"easyhammers:stone_hammer":1,"bakingmod:tomato":3,"farmersdelight:cabbage_seeds":28,"simplefarming:spinach_seeds":1,"minecraft:iron_boots":6,"minecraft:furnace":1,"simplefarming:barley":1,"minecraft:stick":232,"minecraft:torch":45,"simplefarming:oat":2,"minecraft:spruce_stairs":2,"simplefarming:raspberries":3,"car:gas_station":3,"minecraft:diorite":65,"car:asphalt_slope_flat_lower":3,"alexsmobs:centipede_leg":6,"simplefarming:sweet_potato":7,"simplefarming:lettuce":11,"minecraft:rotten_flesh":86,"simplefarming:pepper_seeds":8,"minecraft:red_tulip":1,"biomesoplenty:fir_slab":9,"farmersdelight:rope":67,"minecraft:iron_bars":2,"car:fluid_extractor":5,"car:backmix_reactor":2,"minecraft:cobblestone":1144,"minecraft:birch_log":49,"butchersdelightfoods:beeftenderloin":6,"minecraft:feather":8,"minecraft:lilac":6,"minecraft:andesite":67,"minecraft:smoker":3,"biomesoplenty:dead_log":16,"biomesoplenty:fir_sapling":218,"biomesoplenty:fir_log":873,"minecraft:flint":19,"minecraft:tuff":84,"minecraft:lapis_lazuli":102,"minecraft:dirt":1910,"minecraft:name_tag":1,"minecraft:bone":65,"minecraft:bow":6,"minecraft:orange_tulip":1,"minecraft:wheat_seeds":242,"simplefarming:kenaf_seeds":1,"minecraft:raw_gold":19,"simplefarming:lettuce_seeds":15,"minecraft:cobbled_deepslate_slab":2,"minecraft:grindstone":1,"simplefarming:pepper":6,"simplefarming:blueberry_bush":6,"car:canola":193,"simplefarming:tomato_seeds":8,"minecraft:fletching_table":1,"minecraft:powered_rail":3,"minecraft:oak_planks":3,"biomesoplenty:toadstool":3,"simplefarming:corn_seeds":6,"minecraft:music_disc_13":2,"car:canola_seeds":519,"butchersdelight:skullcow":6,"butchersdelight:cow_hide":7,"minecraft:sand":50,"sophisticatedbackpacks:iron_backpack":1,"minecraft:ink_sac":22,"minecraft:lily_of_the_valley":4,"minecraft:trapped_chest":1,"butchersdelightfoods:beefribs":6,"minecraft:dark_oak_log":74,"alexsmobs:animal_dictionary":1,"minecraft:mossy_cobblestone":2,"ic2:raw_silver":10,"minecraft:diamond":49,"simplefarming:corn":2,"minecraft:spruce_boat":2,"minecraft:granite":22,"minecraft:golden_apple":1,"minecraft:emerald":1,"minecraft:bread":2,"pfm:furniture_book":1,"minecraft:oak_sapling":12,"butchersdelight:hook":1,"simplefarming:cassava_seeds":4,"minecraft:crafting_table":3,"minecraft:azure_bluet":1,"minecraft:chicken":2,"minecraft:chest_minecart":2,"tconstruct:materials_and_you":1,"car:fluid_pipe":12,"minecraft:cornflower":2,"simplefarming:sorghum_seeds":6,"simplefarming:eggplant":6,"artifacts:feral_claws":1,"minecraft:iron_shovel":1,"car:oilmill":2,"artifacts:fire_gauntlet":1,"butchersdelight:dead_cow":10,"simplefarming:oat_seeds":7,"minecraft:cartography_table":1,"minecraft:beef":6,"minecraft:poppy":4,"ic2:hemp_seeds":39,"minecraft:spruce_slab":2,"minecraft:sugar_cane":209,"minecraft:chest":4,"simplefarming:barley_seeds":4,"minecraft:spruce_trapdoor":2,"biomesoplenty:hanging_cobweb":1,"bakingmod:salt":14,"bakingmod:tomato_seeds":10,"car:generator":2,"minecraft:raw_iron":260,"simplefarming:yam_seeds":2,"car:crank":7,"plane:plane_spruce":10,"sophisticatedbackpacks:backpack":3,"tconstruct:earth_slime_grass_seeds":5,"farmersdelight:tomato_seeds":9,"simplefarming:onion_seeds":5,"minecraft:redstone":107,"simplefarming:eggplant_seeds":9,"tconstruct:sky_slime_ball":64,"minecraft:arrow":52,"minecraft:beetroot_seeds":6,"biomesoplenty:fir_leaves":1,"artifacts:running_shoes":1,"simplefarming:ginger_seeds":4,"car:split_tank":2,"minecraft:gold_ingot":1,"sophisticatedbackpacks:copper_backpack":1,"minecraft:glow_berries":6,"minecraft:white_wool":12,"minecraft:skeleton_skull":1,"minecraft:rail":65,"minecraft:oxeye_daisy":1,"ic2:ore_uranium":6,"simplefarming:onion":3,"minecraft:oak_log":181,"minecraft:gunpowder":23,"minecraft:cobblestone_wall":4,"minecraft:cobblestone_stairs":3,"farmersdelight:skillet":1,"minecraft:blue_bed":6,"simplefarming:grape_seeds":5,"butchersdelight:deadchiken":2,"minecraft:apple":9,"tconstruct:sky_slime_grass_seeds":4,"simplefarming:honeydew_seeds":4,"minecraft:iron_ingot":1,"minecraft:stone_pickaxe":10,"ic2:rubber_sapling":4,"simplefarming:cotton":2,"sophisticatedbackpacks:diamond_backpack":1,"minecraft:oak_slab":11,"simplefarming:rice_seeds":4,"minecraft:dark_oak_slab":4,"ic2:wiki_item":1,"minecraft:pumpkin":6,"minecraft:sweet_berries":16,"minecraft:dandelion":6,"simplefarming:blueberries":5,"minecraft:gravel":157,"minecraft:spruce_sapling":4,"minecraft:blast_furnace":6,"minecraft:spruce_log":30,"simplefarming:raspberry_bush":1,"minecraft:spruce_door":4,"minecraft:spider_eye":4,"simplefarming:tomato":9,"minecraft:pumpkin_seeds":4,"biomesoplenty:maple_sapling":58,"minecraft:purple_bed":2,"minecraft:slime_ball":32,"simplefarming:sweet_potato_seeds":7,"ic2:rubber_wood":24,"ic2:sticky_resin":2,"minecraft:chainmail_leggings":1,"minecraft:iron_helmet":2,"minecraft:diamond_axe":1,"car:dynamo":5,"simplefarming:sorghum":3,"minecraft:baked_potato":1,"minecraft:damaged_anvil":1,"simplefarming:cotton_seeds":5,"plane:plane_oak":12,"minecraft:coal":91,"minecraft:sunflower":4},"minecraft:custom":{"minecraft:animals_bred":34,"minecraft:interact_with_crafting_table":83,"minecraft:open_barrel":34,"minecraft:eat_cake_slice":13,"minecraft:leave_game":19,"minecraft:time_since_death":581364,"minecraft:sprint_one_cm":1986594,"minecraft:drop":81,"minecraft:talked_to_villager":2,"minecraft:play_time":581364,"minecraft:jump":6256,"minecraft:walk_on_water_one_cm":42623,"minecraft:interact_with_furnace":24,"minecraft:traded_with_villager":274,"minecraft:sleep_in_bed":27,"minecraft:damage_dealt":38725,"minecraft:crouch_one_cm":71006,"minecraft:interact_with_smoker":25,"minecraft:horse_one_cm":54128,"minecraft:interact_with_smithing_table":1,"minecraft:mob_kills":192,"minecraft:inspect_hopper":5,"minecraft:walk_one_cm":656487,"minecraft:damage_dealt_absorbed":361,"minecraft:sneak_time":16741,"minecraft:walk_under_water_one_cm":38060,"minecraft:boat_one_cm":188265,"minecraft:interact_with_blast_furnace":5,"minecraft:total_world_time":581364,"minecraft:time_since_rest":21880,"minecraft:damage_taken":5632,"minecraft:trigger_trapped_chest":1,"minecraft:swim_one_cm":86403,"minecraft:fly_one_cm":1807979,"minecraft:open_chest":501,"minecraft:fall_one_cm":196583}},"DataVersion":3120}