{"stats":{"minecraft:custom":{"minecraft:interact_with_smithing_table":1,"minecraft:mob_kills":56,"minecraft:animals_bred":13,"minecraft:interact_with_crafting_table":34,"minecraft:open_barrel":25,"minecraft:leave_game":7,"minecraft:time_since_death":142898,"minecraft:sprint_one_cm":582178,"minecraft:walk_one_cm":146994,"minecraft:drop":17,"minecraft:talked_to_villager":1,"minecraft:play_time":142898,"minecraft:sneak_time":2283,"minecraft:walk_under_water_one_cm":1592,"minecraft:boat_one_cm":44733,"minecraft:jump":1941,"minecraft:interact_with_blast_furnace":4,"minecraft:walk_on_water_one_cm":8618,"minecraft:total_world_time":142898,"minecraft:interact_with_furnace":18,"minecraft:sleep_in_bed":8,"minecraft:time_since_rest":52586,"minecraft:damage_taken":2568,"minecraft:damage_dealt":12611,"minecraft:swim_one_cm":7573,"minecraft:fly_one_cm":578610,"minecraft:open_chest":241,"minecraft:crouch_one_cm":6348,"minecraft:interact_with_smoker":13,"minecraft:fall_one_cm":55550},"minecraft:used":{"sophisticatedbackpacks:iron_backpack":1,"minecraft:rose_bush":1,"minecraft:iron_shovel":25,"minecraft:stone_shovel":235,"minecraft:spruce_planks":1,"minecraft:chest":9,"butchersdelight:hook":2,"minecraft:iron_sword":142,"minecraft:torch":13,"minecraft:dirt":133,"simplefarming:raspberries":2,"minecraft:spruce_boat":2,"minecraft:dark_oak_planks":1,"butchersdelight:cleaver":1,"minecraft:iron_axe":140,"minecraft:iron_helmet":1,"minecraft:furnace":1,"minecraft:cobbled_deepslate":40,"minecraft:diorite":1,"minecraft:leather_leggings":1,"easyhammers:stone_hammer":115,"minecraft:stone_pickaxe":13,"minecraft:baked_potato":28,"minecraft:sugar_cane":18,"simplefarming:blackberry_bush":1,"minecraft:crafting_table":3,"minecraft:blast_furnace":2,"minecraft:diamond_pickaxe":37,"minecraft:bread":49,"minecraft:iron_pickaxe":197,"minecraft:diamond_sword":12,"minecraft:cobblestone":25,"simplefarming:raspberry_bush":1,"minecraft:cobbled_deepslate_slab":2,"minecraft:smithing_table":1,"minecraft:yellow_bed":1,"biomesoplenty:fir_log":4},"minecraft:picked_up":{"minecraft:crafting_table":2,"minecraft:iron_chestplate":1,"butchersdelightfoods:legcow":3,"minecraft:anvil":1,"tconstruct:materials_and_you":1,"minecraft:smithing_table":1,"minecraft:string":32,"minecraft:raw_copper":32,"artifacts:feral_claws":1,"minecraft:iron_shovel":1,"minecraft:zombie_head":1,"artifacts:fire_gauntlet":1,"butchersdelight:dead_cow":4,"simplefarming:oat_seeds":1,"minecraft:cobbled_deepslate":330,"minecraft:beef":2,"minecraft:rose_bush":1,"simplefarming:blackberry_bush":1,"ic2:hemp_seeds":11,"easyhammers:stone_hammer":1,"minecraft:sugar_cane":41,"biomesoplenty:hanging_cobweb":1,"bakingmod:salt":8,"simplefarming:spinach_seeds":1,"minecraft:furnace":1,"minecraft:stick":4,"minecraft:raw_iron":118,"minecraft:torch":18,"simplefarming:yam_seeds":1,"simplefarming:raspberries":3,"simplefarming:onion_seeds":1,"minecraft:diorite":65,"minecraft:redstone":75,"alexsmobs:centipede_leg":3,"simplefarming:eggplant_seeds":1,"simplefarming:pepper_seeds":1,"minecraft:rotten_flesh":25,"tconstruct:sky_slime_ball":64,"minecraft:arrow":8,"simplefarming:ginger_seeds":1,"minecraft:iron_bars":2,"minecraft:cobblestone":908,"minecraft:skeleton_skull":1,"minecraft:rail":31,"butchersdelightfoods:beeftenderloin":2,"minecraft:andesite":59,"ic2:ore_uranium":4,"minecraft:smoker":1,"biomesoplenty:fir_sapling":8,"biomesoplenty:fir_log":77,"minecraft:flint":1,"minecraft:tuff":16,"minecraft:oak_log":2,"minecraft:lapis_lazuli":52,"minecraft:dirt":287,"minecraft:bone":12,"minecraft:bow":1,"minecraft:wheat_seeds":13,"minecraft:raw_gold":17,"minecraft:cobbled_deepslate_slab":2,"minecraft:iron_ingot":1,"biomesoplenty:toadstool":2,"simplefarming:rice_seeds":1,"simplefarming:corn_seeds":1,"ic2:wiki_item":1,"minecraft:sweet_berries":2,"car:canola_seeds":5,"butchersdelight:skullcow":2,"minecraft:gravel":14,"butchersdelight:cow_hide":3,"minecraft:sand":6,"minecraft:blast_furnace":3,"butchersdelightfoods:beefribs":2,"simplefarming:raspberry_bush":1,"minecraft:spider_eye":3,"alexsmobs:animal_dictionary":1,"minecraft:diamond":3,"simplefarming:sweet_potato_seeds":1,"ic2:raw_silver":10,"minecraft:iron_helmet":1,"minecraft:granite":17,"minecraft:emerald":1,"pfm:furniture_book":1,"butchersdelight:hook":1,"minecraft:damaged_anvil":1,"simplefarming:cotton_seeds":1,"minecraft:coal":44},"minecraft:broken":{"minecraft:iron_shovel":1,"minecraft:leather_leggings":1,"minecraft:stone_shovel":1},"minecraft:killed":{"minecraft:cave_spider":1,"minecraft:vindicator":2,"minecraft:spider":8,"tconstruct:sky_slime":1,"minecraft:skeleton":11,"alexsmobs:centipede_head":2,"minecraft:drowned":1,"artifacts:mimic":3,"minecraft:pillager":2,"minecraft:zombie":23},"minecraft:mined":{"minecraft:tuff":4,"minecraft:deepslate_diamond_ore":3,"minecraft:cobbled_deepslate_slab":2,"minecraft:grass_block":136,"minecraft:large_fern":1,"minecraft:furnace":1,"minecraft:iron_ore":6,"minecraft:cobbled_deepslate":8,"minecraft:andesite":6,"minecraft:deepslate_lapis_ore":8,"minecraft:anvil":1,"biomesoplenty:hanging_cobweb":3,"minecraft:deepslate_iron_ore":67,"minecraft:dirt_path":74,"minecraft:rail":31,"minecraft:iron_bars":2,"biomesoplenty:webbing":1,"biomesoplenty:spider_egg":1,"minecraft:stone":95,"minecraft:smithing_table":1,"minecraft:deepslate_redstone_ore":17,"minecraft:smoker":1,"biomesoplenty:hanging_cobweb_strand":1,"minecraft:crafting_table":2,"minecraft:torch":11,"minecraft:blast_furnace":3,"minecraft:rose_bush":1,"minecraft:cobblestone":3,"biomesoplenty:sprout":4,"minecraft:deepslate_gold_ore":17,"minecraft:sugar_cane":41,"minecraft:damaged_anvil":1,"minecraft:diorite":7,"minecraft:wall_torch":6,"minecraft:deepslate_copper_ore":1,"minecraft:skeleton_skull":1,"butchersdelight:deadcowblock":1,"ic2:deepslate_uranium_ore":3,"ic2:deepslate_silver_ore":4,"minecraft:orange_tulip":1,"biomesoplenty:fir_log":87,"minecraft:grass":61,"minecraft:oak_log":2,"minecraft:coal_ore":34,"biomesoplenty:fir_leaves":1,"minecraft:zombie_head":1,"minecraft:gravel":8,"minecraft:dirt":48,"minecraft:cobweb":27,"minecraft:deepslate":28,"minecraft:fern":25,"tconstruct:sky_congealed_slime":16},"minecraft:crafted":{"minecraft:cobbled_deepslate_slab":6,"minecraft:oak_planks":8,"minecraft:stone_shovel":5,"minecraft:iron_nugget":18,"minecraft:furnace":1,"sophisticatedbackpacks:crafting_upgrade":1,"minecraft:iron_axe":1,"minecraft:chest":11,"minecraft:spruce_boat":1,"tconstruct:sky_slime_ball":63,"sophisticatedbackpacks:iron_backpack":1,"minecraft:wheat":144,"sophisticatedbackpacks:backpack":1,"butchersdelight:hook":2,"minecraft:crafting_table":2,"minecraft:spruce_planks":152,"minecraft:baked_potato":32,"tconstruct:sky_slime":7,"minecraft:dark_oak_button":1,"butchersdelight:cleaver":1,"sophisticatedbackpacks:upgrade_base":1,"minecraft:bread":34,"minecraft:air":0,"biomesoplenty:fir_planks":4,"minecraft:stick":20,"minecraft:iron_ingot":34,"easyhammers:stone_hammer":1,"minecraft:torch":16},"minecraft:dropped":{"biomesoplenty:hanging_cobweb":1,"easyhammers:stone_hammer":1,"minecraft:cobblestone":428,"minecraft:granite":17,"minecraft:diorite":64,"minecraft:gravel":14,"ic2:raw_silver":10,"minecraft:raw_copper":32,"minecraft:tuff":5,"minecraft:andesite":59,"butchersdelight:hook":1}},"DataVersion":3120}