{"stats":{"minecraft:custom":{"minecraft:interact_with_smithing_table":1,"minecraft:mob_kills":63,"minecraft:animals_bred":13,"minecraft:interact_with_crafting_table":37,"minecraft:open_barrel":25,"minecraft:leave_game":7,"minecraft:time_since_death":154333,"minecraft:sprint_one_cm":636291,"minecraft:walk_one_cm":159195,"minecraft:drop":22,"minecraft:talked_to_villager":1,"minecraft:play_time":154333,"minecraft:sneak_time":2481,"minecraft:walk_under_water_one_cm":2318,"minecraft:boat_one_cm":44733,"minecraft:jump":2167,"minecraft:interact_with_blast_furnace":4,"minecraft:walk_on_water_one_cm":10183,"minecraft:total_world_time":154333,"minecraft:interact_with_furnace":18,"minecraft:sleep_in_bed":10,"minecraft:time_since_rest":1655,"minecraft:damage_taken":2599,"minecraft:damage_dealt":13751,"minecraft:swim_one_cm":12283,"minecraft:fly_one_cm":636949,"minecraft:open_chest":265,"minecraft:crouch_one_cm":6597,"minecraft:interact_with_smoker":16,"minecraft:fall_one_cm":63123},"minecraft:used":{"sophisticatedbackpacks:iron_backpack":1,"minecraft:rose_bush":1,"minecraft:iron_shovel":36,"minecraft:stone_shovel":235,"minecraft:spruce_planks":1,"minecraft:chest":9,"butchersdelight:hook":2,"minecraft:iron_sword":142,"minecraft:torch":13,"minecraft:dirt":133,"simplefarming:raspberries":2,"biomesoplenty:maple_sapling":28,"minecraft:spruce_boat":2,"minecraft:dark_oak_planks":1,"butchersdelight:cleaver":1,"biomesoplenty:fir_sapling":20,"minecraft:iron_axe":329,"minecraft:iron_helmet":1,"minecraft:furnace":1,"minecraft:cobbled_deepslate":40,"minecraft:diorite":1,"minecraft:leather_leggings":1,"easyhammers:stone_hammer":115,"minecraft:stone_pickaxe":13,"minecraft:baked_potato":33,"minecraft:sugar_cane":18,"simplefarming:blackberry_bush":1,"minecraft:crafting_table":4,"minecraft:blast_furnace":2,"biomesoplenty:orange_autumn_sapling":2,"sophisticatedbackpacks:backpack":1,"minecraft:diamond_pickaxe":37,"minecraft:bread":49,"minecraft:iron_pickaxe":197,"minecraft:gravel":4,"minecraft:diamond_sword":12,"minecraft:cobblestone":26,"simplefarming:raspberry_bush":1,"minecraft:cobbled_deepslate_slab":2,"minecraft:smithing_table":1,"minecraft:yellow_bed":1,"biomesoplenty:fir_log":6},"minecraft:picked_up":{"minecraft:crafting_table":2,"minecraft:iron_chestplate":1,"butchersdelightfoods:legcow":3,"minecraft:anvil":1,"tconstruct:materials_and_you":1,"minecraft:smithing_table":1,"biomesoplenty:orange_autumn_sapling":2,"minecraft:cornflower":1,"minecraft:string":32,"minecraft:raw_copper":32,"artifacts:feral_claws":1,"minecraft:iron_shovel":1,"minecraft:zombie_head":1,"artifacts:fire_gauntlet":1,"butchersdelight:dead_cow":4,"simplefarming:oat_seeds":1,"minecraft:cobbled_deepslate":330,"minecraft:beef":2,"minecraft:rose_bush":1,"simplefarming:blackberry_bush":1,"ic2:hemp_seeds":12,"easyhammers:stone_hammer":1,"minecraft:sugar_cane":41,"biomesoplenty:hanging_cobweb":1,"bakingmod:salt":8,"simplefarming:spinach_seeds":1,"minecraft:furnace":1,"minecraft:stick":29,"minecraft:raw_iron":118,"minecraft:torch":18,"simplefarming:yam_seeds":1,"simplefarming:raspberries":3,"simplefarming:onion_seeds":1,"minecraft:diorite":65,"minecraft:redstone":75,"alexsmobs:centipede_leg":3,"simplefarming:eggplant_seeds":1,"simplefarming:pepper_seeds":1,"minecraft:rotten_flesh":27,"tconstruct:sky_slime_ball":64,"minecraft:arrow":8,"simplefarming:ginger_seeds":1,"minecraft:iron_bars":2,"minecraft:cobblestone":908,"minecraft:skeleton_skull":1,"minecraft:rail":31,"butchersdelightfoods:beeftenderloin":2,"minecraft:andesite":59,"ic2:ore_uranium":4,"minecraft:smoker":1,"biomesoplenty:fir_sapling":31,"biomesoplenty:fir_log":178,"minecraft:flint":2,"minecraft:tuff":16,"minecraft:oak_log":71,"minecraft:gunpowder":4,"minecraft:lapis_lazuli":52,"minecraft:dirt":287,"minecraft:bone":12,"minecraft:apple":4,"minecraft:bow":1,"minecraft:wheat_seeds":13,"minecraft:raw_gold":17,"minecraft:cobbled_deepslate_slab":2,"simplefarming:honeydew_seeds":1,"minecraft:iron_ingot":1,"biomesoplenty:toadstool":2,"simplefarming:rice_seeds":1,"simplefarming:corn_seeds":1,"ic2:wiki_item":1,"minecraft:sweet_berries":13,"car:canola_seeds":5,"minecraft:dandelion":1,"butchersdelight:skullcow":2,"minecraft:gravel":23,"butchersdelight:cow_hide":3,"minecraft:sand":6,"sophisticatedbackpacks:iron_backpack":1,"minecraft:blast_furnace":3,"minecraft:dark_oak_log":6,"butchersdelightfoods:beefribs":2,"simplefarming:raspberry_bush":1,"minecraft:spider_eye":3,"alexsmobs:animal_dictionary":1,"biomesoplenty:maple_sapling":28,"minecraft:diamond":3,"simplefarming:sweet_potato_seeds":1,"ic2:raw_silver":10,"minecraft:iron_helmet":1,"minecraft:granite":17,"minecraft:emerald":1,"pfm:furniture_book":1,"butchersdelight:hook":1,"minecraft:damaged_anvil":1,"simplefarming:cotton_seeds":1,"minecraft:coal":44},"minecraft:broken":{"minecraft:iron_shovel":1,"minecraft:leather_leggings":1,"minecraft:iron_axe":1,"minecraft:stone_shovel":1},"minecraft:killed":{"minecraft:cave_spider":1,"minecraft:vindicator":2,"minecraft:spider":8,"tconstruct:sky_slime":1,"minecraft:skeleton":11,"alexsmobs:centipede_head":2,"minecraft:drowned":1,"artifacts:mimic":3,"minecraft:creeper":3,"minecraft:pillager":2,"minecraft:zombie":27},"minecraft:mined":{"minecraft:tuff":4,"minecraft:deepslate_diamond_ore":3,"minecraft:dark_oak_log":7,"minecraft:cobbled_deepslate_slab":2,"sophisticatedbackpacks:iron_backpack":1,"minecraft:grass_block":137,"minecraft:large_fern":1,"minecraft:furnace":1,"minecraft:iron_ore":6,"minecraft:cobbled_deepslate":8,"minecraft:andesite":6,"minecraft:deepslate_lapis_ore":8,"minecraft:anvil":1,"biomesoplenty:hanging_cobweb":3,"minecraft:deepslate_iron_ore":67,"minecraft:dirt_path":74,"minecraft:rail":31,"minecraft:iron_bars":2,"biomesoplenty:webbing":1,"biomesoplenty:spider_egg":1,"minecraft:stone":95,"minecraft:smithing_table":1,"minecraft:deepslate_redstone_ore":17,"minecraft:smoker":1,"minecraft:dandelion":1,"biomesoplenty:hanging_cobweb_strand":1,"minecraft:cornflower":1,"minecraft:crafting_table":2,"minecraft:torch":11,"minecraft:blast_furnace":3,"minecraft:rose_bush":1,"minecraft:cobblestone":3,"biomesoplenty:sprout":5,"minecraft:deepslate_gold_ore":17,"minecraft:sugar_cane":41,"minecraft:damaged_anvil":1,"minecraft:diorite":7,"minecraft:wall_torch":6,"minecraft:deepslate_copper_ore":1,"minecraft:skeleton_skull":1,"butchersdelight:deadcowblock":1,"minecraft:sweet_berry_bush":5,"ic2:deepslate_uranium_ore":3,"ic2:deepslate_silver_ore":4,"minecraft:orange_tulip":1,"biomesoplenty:fir_log":189,"minecraft:grass":63,"minecraft:oak_log":58,"minecraft:coal_ore":34,"biomesoplenty:fir_leaves":1,"minecraft:zombie_head":1,"minecraft:gravel":18,"minecraft:dirt":48,"minecraft:cobweb":27,"minecraft:deepslate":28,"minecraft:fern":28,"tconstruct:sky_congealed_slime":16},"minecraft:crafted":{"minecraft:cobbled_deepslate_slab":6,"minecraft:oak_planks":8,"minecraft:stone_shovel":5,"minecraft:iron_nugget":18,"minecraft:furnace":1,"sophisticatedbackpacks:crafting_upgrade":1,"minecraft:iron_axe":1,"minecraft:chest":11,"minecraft:spruce_boat":1,"tconstruct:sky_slime_ball":63,"sophisticatedbackpacks:iron_backpack":1,"minecraft:wheat":144,"sophisticatedbackpacks:backpack":1,"butchersdelight:hook":2,"minecraft:crafting_table":2,"minecraft:spruce_planks":152,"minecraft:baked_potato":32,"tconstruct:sky_slime":7,"sophisticatedbackpacks:gold_backpack":1,"minecraft:dark_oak_button":1,"butchersdelight:cleaver":1,"sophisticatedbackpacks:upgrade_base":1,"minecraft:bread":34,"minecraft:air":0,"biomesoplenty:fir_planks":4,"minecraft:stick":20,"minecraft:iron_ingot":34,"easyhammers:stone_hammer":1,"minecraft:torch":16},"minecraft:dropped":{"biomesoplenty:hanging_cobweb":1,"easyhammers:stone_hammer":1,"minecraft:cobblestone":428,"minecraft:granite":17,"biomesoplenty:fir_sapling":3,"minecraft:diorite":64,"minecraft:cornflower":1,"minecraft:dandelion":1,"minecraft:gravel":14,"ic2:raw_silver":10,"minecraft:raw_copper":32,"minecraft:tuff":5,"minecraft:andesite":59,"butchersdelight:hook":1}},"DataVersion":3120}