{"stats":{"minecraft:crafted":{"minecraft:oak_planks":8,"minecraft:stone_shovel":5,"butchersdelight:hook":1,"minecraft:crafting_table":1,"minecraft:spruce_planks":152,"tconstruct:sky_slime":7,"minecraft:dark_oak_button":1,"butchersdelight:cleaver":1,"minecraft:bread":25,"minecraft:air":0,"minecraft:iron_axe":1,"minecraft:stick":20,"minecraft:iron_ingot":1,"minecraft:chest":2,"tconstruct:sky_slime_ball":63,"minecraft:spruce_boat":1,"minecraft:wheat":144},"minecraft:mined":{"minecraft:smithing_table":1,"minecraft:crafting_table":1,"minecraft:torch":1,"minecraft:grass_block":136,"minecraft:rose_bush":1,"biomesoplenty:sprout":4,"minecraft:sugar_cane":18,"minecraft:large_fern":1,"minecraft:iron_ore":2,"biomesoplenty:fir_log":80,"minecraft:orange_tulip":1,"minecraft:grass":61,"minecraft:oak_log":2,"minecraft:coal_ore":32,"minecraft:dirt_path":74,"minecraft:dirt":37,"minecraft:stone":42,"minecraft:fern":25,"tconstruct:sky_congealed_slime":16},"minecraft:picked_up":{"minecraft:crafting_table":1,"minecraft:iron_chestplate":1,"butchersdelightfoods:beeftenderloin":2,"butchersdelightfoods:legcow":2,"minecraft:smithing_table":1,"tconstruct:materials_and_you":1,"biomesoplenty:fir_sapling":8,"biomesoplenty:fir_log":72,"minecraft:oak_log":2,"minecraft:dirt":276,"minecraft:string":2,"minecraft:iron_shovel":1,"minecraft:bone":6,"butchersdelight:dead_cow":2,"minecraft:wheat_seeds":13,"simplefarming:oat_seeds":1,"minecraft:beef":2,"minecraft:rose_bush":1,"ic2:hemp_seeds":11,"simplefarming:blackberry_bush":1,"minecraft:sugar_cane":18,"bakingmod:salt":6,"simplefarming:spinach_seeds":1,"biomesoplenty:toadstool":2,"simplefarming:rice_seeds":1,"minecraft:stick":4,"minecraft:raw_iron":2,"simplefarming:corn_seeds":1,"ic2:wiki_item":1,"minecraft:sweet_berries":2,"simplefarming:yam_seeds":1,"minecraft:torch":1,"car:canola_seeds":5,"butchersdelight:skullcow":2,"butchersdelight:cow_hide":2,"minecraft:sand":6,"simplefarming:raspberries":3,"simplefarming:onion_seeds":1,"minecraft:spider_eye":1,"butchersdelightfoods:beefribs":2,"simplefarming:raspberry_bush":1,"alexsmobs:animal_dictionary":1,"simplefarming:eggplant_seeds":1,"tconstruct:sky_slime_ball":64,"minecraft:arrow":6,"minecraft:rotten_flesh":16,"simplefarming:sweet_potato_seeds":1,"simplefarming:pepper_seeds":1,"minecraft:iron_helmet":1,"simplefarming:ginger_seeds":1,"pfm:furniture_book":1,"simplefarming:cotton_seeds":1,"minecraft:coal":32,"minecraft:cobblestone":40},"minecraft:killed":{"minecraft:spider":3,"tconstruct:sky_slime":1,"minecraft:skeleton":5,"minecraft:zombie":12,"minecraft:drowned":1},"minecraft:broken":{"minecraft:iron_shovel":1,"minecraft:leather_leggings":1,"minecraft:stone_shovel":1},"minecraft:custom":{"minecraft:interact_with_smithing_table":1,"minecraft:interact_with_furnace":1,"minecraft:mob_kills":24,"minecraft:animals_bred":7,"minecraft:interact_with_crafting_table":18,"minecraft:leave_game":6,"minecraft:time_since_death":71567,"minecraft:sleep_in_bed":5,"minecraft:time_since_rest":1063,"minecraft:sprint_one_cm":323432,"minecraft:damage_taken":1011,"minecraft:walk_one_cm":71036,"minecraft:damage_dealt":4599,"minecraft:swim_one_cm":6290,"minecraft:talked_to_villager":1,"minecraft:fly_one_cm":399507,"minecraft:open_chest":91,"minecraft:crouch_one_cm":1097,"minecraft:play_time":71567,"minecraft:sneak_time":543,"minecraft:walk_under_water_one_cm":1524,"minecraft:boat_one_cm":36557,"minecraft:jump":973,"minecraft:interact_with_blast_furnace":3,"minecraft:walk_on_water_one_cm":3619,"minecraft:interact_with_smoker":1,"minecraft:total_world_time":71567,"minecraft:fall_one_cm":23374},"minecraft:used":{"minecraft:leather_leggings":1,"minecraft:rose_bush":1,"minecraft:iron_shovel":25,"minecraft:stone_shovel":235,"minecraft:stone_pickaxe":9,"minecraft:chest":2,"butchersdelight:hook":1,"minecraft:iron_sword":45,"minecraft:sugar_cane":18,"simplefarming:blackberry_bush":1,"minecraft:torch":1,"minecraft:dirt":99,"minecraft:crafting_table":1,"simplefarming:raspberries":2,"minecraft:spruce_boat":2,"minecraft:dark_oak_planks":1,"butchersdelight:cleaver":1,"minecraft:iron_axe":87,"minecraft:bread":33,"minecraft:iron_pickaxe":68,"minecraft:iron_helmet":1,"minecraft:diamond_sword":12,"simplefarming:raspberry_bush":1,"minecraft:smithing_table":1,"minecraft:yellow_bed":1,"biomesoplenty:fir_log":4}},"DataVersion":3120}