{"stats":{"minecraft:custom":{"minecraft:interact_with_smithing_table":1,"minecraft:mob_kills":70,"minecraft:animals_bred":13,"minecraft:interact_with_crafting_table":40,"minecraft:open_barrel":25,"minecraft:leave_game":7,"minecraft:time_since_death":190333,"minecraft:sprint_one_cm":742094,"minecraft:walk_one_cm":209218,"minecraft:drop":29,"minecraft:talked_to_villager":2,"minecraft:play_time":190333,"minecraft:sneak_time":3544,"minecraft:walk_under_water_one_cm":2409,"minecraft:boat_one_cm":44733,"minecraft:jump":2561,"minecraft:interact_with_blast_furnace":5,"minecraft:walk_on_water_one_cm":11153,"minecraft:total_world_time":190333,"minecraft:interact_with_furnace":18,"minecraft:traded_with_villager":65,"minecraft:sleep_in_bed":14,"minecraft:time_since_rest":0,"minecraft:damage_taken":2696,"minecraft:damage_dealt":15121,"minecraft:swim_one_cm":12333,"minecraft:fly_one_cm":718804,"minecraft:open_chest":281,"minecraft:crouch_one_cm":13134,"minecraft:interact_with_smoker":16,"minecraft:fall_one_cm":79014},"minecraft:used":{"sophisticatedbackpacks:iron_backpack":1,"minecraft:rose_bush":1,"minecraft:iron_shovel":189,"minecraft:stone_shovel":276,"minecraft:spruce_planks":1,"minecraft:chest":9,"butchersdelight:hook":2,"minecraft:iron_sword":142,"minecraft:torch":13,"minecraft:dirt":187,"simplefarming:raspberries":2,"biomesoplenty:maple_sapling":28,"minecraft:spruce_boat":2,"minecraft:dark_oak_planks":1,"butchersdelight:cleaver":1,"biomesoplenty:fir_sapling":29,"minecraft:iron_axe":430,"minecraft:iron_helmet":1,"minecraft:dark_oak_slab":7,"minecraft:furnace":1,"minecraft:cooked_cod":9,"biomesoplenty:fir_trapdoor":6,"minecraft:cobbled_deepslate":40,"minecraft:pumpkin":6,"minecraft:diorite":1,"minecraft:leather_leggings":1,"minecraft:diamond_boots":1,"easyhammers:stone_hammer":115,"minecraft:stone_pickaxe":13,"minecraft:baked_potato":33,"minecraft:blue_bed":1,"minecraft:fletching_table":2,"minecraft:sugar_cane":18,"simplefarming:blackberry_bush":1,"minecraft:mossy_cobblestone":1,"biomesoplenty:fir_slab":6,"minecraft:crafting_table":4,"minecraft:blast_furnace":5,"biomesoplenty:orange_autumn_sapling":2,"minecraft:smoker":1,"sophisticatedbackpacks:backpack":1,"minecraft:diamond_pickaxe":37,"minecraft:bread":49,"minecraft:iron_pickaxe":222,"minecraft:gravel":4,"minecraft:purple_bed":2,"minecraft:diamond_sword":12,"minecraft:cobblestone":40,"simplefarming:raspberry_bush":1,"minecraft:cobbled_deepslate_slab":2,"minecraft:smithing_table":2,"minecraft:yellow_bed":1,"biomesoplenty:fir_log":9},"minecraft:picked_up":{"minecraft:crafting_table":3,"minecraft:iron_chestplate":1,"butchersdelightfoods:legcow":3,"minecraft:anvil":1,"tconstruct:materials_and_you":1,"minecraft:smithing_table":1,"biomesoplenty:orange_autumn_sapling":2,"minecraft:cornflower":1,"minecraft:string":32,"minecraft:raw_copper":32,"artifacts:feral_claws":1,"minecraft:iron_shovel":1,"minecraft:zombie_head":1,"artifacts:fire_gauntlet":1,"butchersdelight:dead_cow":4,"simplefarming:oat_seeds":1,"minecraft:cobbled_deepslate":330,"minecraft:spruce_planks":5,"minecraft:beef":2,"minecraft:rose_bush":1,"simplefarming:blackberry_bush":1,"ic2:hemp_seeds":15,"easyhammers:stone_hammer":1,"minecraft:sugar_cane":41,"minecraft:spruce_trapdoor":2,"minecraft:iron_boots":6,"biomesoplenty:hanging_cobweb":1,"bakingmod:salt":8,"simplefarming:spinach_seeds":1,"minecraft:furnace":1,"bakingmod:tomato_seeds":1,"minecraft:stick":38,"minecraft:raw_iron":118,"minecraft:torch":22,"simplefarming:yam_seeds":1,"minecraft:spruce_stairs":2,"simplefarming:raspberries":3,"simplefarming:onion_seeds":1,"minecraft:diorite":65,"minecraft:redstone":75,"alexsmobs:centipede_leg":3,"simplefarming:eggplant_seeds":1,"simplefarming:pepper_seeds":2,"minecraft:rotten_flesh":33,"tconstruct:sky_slime_ball":64,"minecraft:arrow":12,"simplefarming:ginger_seeds":1,"biomesoplenty:fir_slab":3,"minecraft:iron_bars":2,"minecraft:cobblestone":915,"minecraft:skeleton_skull":1,"minecraft:rail":31,"butchersdelightfoods:beeftenderloin":2,"minecraft:andesite":59,"ic2:ore_uranium":4,"minecraft:smoker":3,"biomesoplenty:fir_sapling":43,"biomesoplenty:fir_log":228,"minecraft:flint":2,"minecraft:tuff":16,"minecraft:oak_log":71,"minecraft:blue_bed":2,"minecraft:cobblestone_wall":4,"minecraft:gunpowder":5,"minecraft:cobblestone_stairs":3,"minecraft:lapis_lazuli":52,"minecraft:dirt":370,"minecraft:bone":16,"minecraft:apple":4,"minecraft:bow":2,"minecraft:grindstone":1,"minecraft:wheat_seeds":19,"simplefarming:lettuce_seeds":1,"minecraft:raw_gold":17,"minecraft:cobbled_deepslate_slab":2,"simplefarming:honeydew_seeds":1,"minecraft:iron_ingot":1,"simplefarming:blueberry_bush":6,"minecraft:fletching_table":1,"biomesoplenty:toadstool":3,"simplefarming:rice_seeds":1,"simplefarming:corn_seeds":1,"minecraft:dark_oak_slab":4,"ic2:wiki_item":1,"minecraft:pumpkin":6,"minecraft:sweet_berries":13,"car:canola_seeds":11,"minecraft:dandelion":1,"simplefarming:blueberries":5,"butchersdelight:skullcow":2,"minecraft:gravel":23,"butchersdelight:cow_hide":3,"minecraft:sand":6,"sophisticatedbackpacks:iron_backpack":1,"minecraft:blast_furnace":6,"minecraft:spruce_door":4,"minecraft:dark_oak_log":6,"butchersdelightfoods:beefribs":2,"simplefarming:raspberry_bush":1,"minecraft:spider_eye":3,"alexsmobs:animal_dictionary":1,"minecraft:mossy_cobblestone":2,"minecraft:purple_bed":2,"biomesoplenty:maple_sapling":28,"minecraft:diamond":3,"simplefarming:sweet_potato_seeds":2,"ic2:raw_silver":10,"minecraft:iron_helmet":2,"minecraft:granite":17,"minecraft:emerald":1,"pfm:furniture_book":1,"butchersdelight:hook":1,"minecraft:damaged_anvil":1,"simplefarming:cassava_seeds":1,"simplefarming:cotton_seeds":1,"minecraft:coal":44},"minecraft:broken":{"minecraft:iron_shovel":1,"minecraft:leather_leggings":1,"minecraft:iron_axe":1,"minecraft:stone_shovel":1},"minecraft:killed":{"minecraft:cave_spider":1,"minecraft:vindicator":2,"minecraft:spider":8,"tconstruct:sky_slime":1,"minecraft:skeleton":13,"alexsmobs:centipede_head":2,"minecraft:drowned":1,"artifacts:mimic":3,"minecraft:creeper":4,"minecraft:pillager":2,"minecraft:zombie":31},"minecraft:mined":{"minecraft:spruce_planks":5,"minecraft:tuff":4,"minecraft:mossy_cobblestone":2,"minecraft:deepslate_diamond_ore":3,"minecraft:cobblestone_stairs":3,"minecraft:dark_oak_log":7,"minecraft:spruce_trapdoor":2,"minecraft:cobbled_deepslate_slab":2,"biomesoplenty:fir_slab":3,"sophisticatedbackpacks:iron_backpack":1,"minecraft:grass_block":196,"minecraft:large_fern":2,"minecraft:furnace":1,"biomesoplenty:toadstool":1,"minecraft:iron_ore":6,"minecraft:cobbled_deepslate":8,"minecraft:andesite":6,"minecraft:pumpkin":6,"minecraft:fletching_table":1,"minecraft:deepslate_lapis_ore":8,"minecraft:anvil":1,"biomesoplenty:hanging_cobweb":3,"minecraft:deepslate_iron_ore":67,"minecraft:dirt_path":87,"minecraft:rail":31,"minecraft:iron_bars":2,"biomesoplenty:webbing":1,"biomesoplenty:spider_egg":1,"minecraft:stone":95,"simplefarming:blueberry_bush":6,"minecraft:smithing_table":1,"minecraft:deepslate_redstone_ore":17,"minecraft:smoker":3,"minecraft:spruce_door":4,"minecraft:dandelion":1,"biomesoplenty:hanging_cobweb_strand":1,"minecraft:cornflower":1,"minecraft:crafting_table":3,"minecraft:torch":11,"minecraft:blast_furnace":6,"minecraft:rose_bush":1,"minecraft:cobblestone":10,"biomesoplenty:sprout":5,"minecraft:grindstone":1,"minecraft:deepslate_gold_ore":17,"minecraft:sugar_cane":41,"minecraft:damaged_anvil":1,"minecraft:diorite":7,"minecraft:blue_bed":2,"minecraft:wall_torch":6,"minecraft:deepslate_copper_ore":1,"minecraft:skeleton_skull":1,"minecraft:spruce_stairs":2,"minecraft:purple_bed":2,"minecraft:dark_oak_slab":4,"minecraft:cobblestone_wall":4,"butchersdelight:deadcowblock":1,"minecraft:sweet_berry_bush":5,"ic2:deepslate_uranium_ore":3,"ic2:deepslate_silver_ore":4,"minecraft:orange_tulip":1,"biomesoplenty:fir_log":241,"minecraft:grass":90,"minecraft:oak_log":58,"minecraft:coal_ore":34,"biomesoplenty:fir_leaves":1,"minecraft:zombie_head":1,"minecraft:gravel":18,"minecraft:dirt":60,"minecraft:cobweb":27,"biomesoplenty:fir_sapling":1,"minecraft:deepslate":28,"minecraft:fern":41,"tconstruct:sky_congealed_slime":16},"minecraft:crafted":{"minecraft:cobbled_deepslate_slab":6,"minecraft:oak_planks":284,"minecraft:stone_shovel":6,"minecraft:iron_nugget":18,"pfm:dark_oak_herringbone_planks":8,"minecraft:furnace":1,"sophisticatedbackpacks:crafting_upgrade":1,"minecraft:iron_boots":9,"minecraft:iron_axe":5,"minecraft:chest":11,"minecraft:diamond_boots":1,"minecraft:spruce_boat":1,"tconstruct:sky_slime_ball":63,"minecraft:dark_oak_planks":24,"sophisticatedbackpacks:iron_backpack":1,"minecraft:wheat":144,"minecraft:emerald":46,"sophisticatedbackpacks:backpack":1,"minecraft:iron_helmet":1,"butchersdelight:hook":2,"minecraft:crafting_table":2,"minecraft:spruce_planks":152,"minecraft:baked_potato":32,"tconstruct:sky_slime":7,"minecraft:smithing_table":1,"minecraft:chainmail_chestplate":8,"sophisticatedbackpacks:gold_backpack":1,"minecraft:dark_oak_button":1,"butchersdelight:cleaver":1,"sophisticatedbackpacks:upgrade_base":1,"minecraft:bread":34,"minecraft:air":0,"biomesoplenty:fir_planks":604,"minecraft:stick":1676,"minecraft:iron_ingot":34,"easyhammers:stone_hammer":1,"minecraft:torch":16},"minecraft:dropped":{"biomesoplenty:hanging_cobweb":1,"easyhammers:stone_hammer":1,"minecraft:iron_helmet":1,"minecraft:cobblestone":428,"minecraft:granite":17,"biomesoplenty:fir_sapling":3,"minecraft:diorite":64,"minecraft:cornflower":1,"minecraft:dandelion":1,"minecraft:gravel":14,"ic2:raw_silver":10,"minecraft:raw_copper":32,"minecraft:tuff":5,"minecraft:iron_boots":6,"minecraft:andesite":59,"butchersdelight:hook":1}},"DataVersion":3120}