{"stats":{"minecraft:crafted":{"minecraft:oak_planks":8,"minecraft:stone_shovel":5,"sophisticatedbackpacks:backpack":1,"butchersdelight:hook":1,"minecraft:crafting_table":1,"minecraft:spruce_planks":152,"minecraft:baked_potato":8,"tconstruct:sky_slime":7,"minecraft:dark_oak_button":1,"butchersdelight:cleaver":1,"minecraft:bread":34,"minecraft:air":0,"minecraft:iron_axe":1,"minecraft:stick":20,"minecraft:iron_ingot":1,"minecraft:chest":11,"tconstruct:sky_slime_ball":63,"minecraft:spruce_boat":1,"minecraft:torch":16,"minecraft:wheat":144},"minecraft:mined":{"minecraft:smithing_table":1,"minecraft:crafting_table":1,"minecraft:torch":1,"minecraft:blast_furnace":2,"minecraft:grass_block":136,"minecraft:rose_bush":1,"biomesoplenty:sprout":4,"minecraft:sugar_cane":41,"minecraft:skeleton_skull":1,"minecraft:large_fern":1,"minecraft:iron_ore":2,"minecraft:orange_tulip":1,"biomesoplenty:fir_log":87,"minecraft:iron_bars":2,"minecraft:grass":61,"biomesoplenty:fir_leaves":1,"minecraft:oak_log":2,"minecraft:coal_ore":32,"minecraft:dirt_path":74,"minecraft:zombie_head":1,"minecraft:dirt":37,"minecraft:cobweb":15,"minecraft:stone":42,"minecraft:fern":25,"tconstruct:sky_congealed_slime":16},"minecraft:picked_up":{"minecraft:crafting_table":1,"minecraft:iron_chestplate":1,"butchersdelightfoods:beeftenderloin":2,"butchersdelightfoods:legcow":2,"minecraft:smithing_table":1,"tconstruct:materials_and_you":1,"biomesoplenty:fir_sapling":8,"biomesoplenty:fir_log":77,"minecraft:oak_log":2,"minecraft:string":17,"minecraft:dirt":276,"minecraft:iron_shovel":1,"minecraft:zombie_head":1,"minecraft:bone":6,"butchersdelight:dead_cow":2,"minecraft:wheat_seeds":13,"simplefarming:oat_seeds":1,"minecraft:iron_ingot":1,"minecraft:beef":2,"minecraft:rose_bush":1,"simplefarming:blackberry_bush":1,"ic2:hemp_seeds":11,"minecraft:sugar_cane":41,"bakingmod:salt":6,"simplefarming:spinach_seeds":1,"biomesoplenty:toadstool":2,"simplefarming:rice_seeds":1,"minecraft:stick":4,"minecraft:raw_iron":2,"simplefarming:corn_seeds":1,"ic2:wiki_item":1,"minecraft:sweet_berries":2,"car:canola_seeds":5,"minecraft:torch":1,"simplefarming:yam_seeds":1,"butchersdelight:skullcow":2,"butchersdelight:cow_hide":2,"minecraft:sand":6,"simplefarming:raspberries":3,"simplefarming:onion_seeds":1,"minecraft:blast_furnace":2,"butchersdelightfoods:beefribs":2,"simplefarming:raspberry_bush":1,"minecraft:spider_eye":1,"alexsmobs:animal_dictionary":1,"simplefarming:eggplant_seeds":1,"tconstruct:sky_slime_ball":64,"minecraft:rotten_flesh":16,"minecraft:arrow":6,"simplefarming:sweet_potato_seeds":1,"simplefarming:pepper_seeds":1,"minecraft:iron_helmet":1,"simplefarming:ginger_seeds":1,"minecraft:emerald":1,"pfm:furniture_book":1,"minecraft:skeleton_skull":1,"simplefarming:cotton_seeds":1,"minecraft:iron_bars":2,"minecraft:cobblestone":40,"minecraft:coal":32},"minecraft:killed":{"minecraft:vindicator":2,"minecraft:spider":3,"tconstruct:sky_slime":1,"minecraft:skeleton":5,"minecraft:pillager":2,"minecraft:zombie":12,"minecraft:drowned":1},"minecraft:broken":{"minecraft:iron_shovel":1,"minecraft:leather_leggings":1,"minecraft:stone_shovel":1},"minecraft:custom":{"minecraft:interact_with_smithing_table":1,"minecraft:interact_with_furnace":2,"minecraft:mob_kills":28,"minecraft:animals_bred":9,"minecraft:interact_with_crafting_table":23,"minecraft:leave_game":7,"minecraft:time_since_death":91309,"minecraft:sleep_in_bed":8,"minecraft:time_since_rest":997,"minecraft:sprint_one_cm":390768,"minecraft:damage_taken":1319,"minecraft:walk_one_cm":89159,"minecraft:damage_dealt":5549,"minecraft:swim_one_cm":7573,"minecraft:talked_to_villager":1,"minecraft:fly_one_cm":457993,"minecraft:open_chest":176,"minecraft:crouch_one_cm":1587,"minecraft:play_time":91309,"minecraft:sneak_time":727,"minecraft:walk_under_water_one_cm":1592,"minecraft:boat_one_cm":44733,"minecraft:jump":1218,"minecraft:interact_with_blast_furnace":3,"minecraft:walk_on_water_one_cm":4848,"minecraft:total_world_time":91309,"minecraft:interact_with_smoker":7,"minecraft:fall_one_cm":33640},"minecraft:used":{"minecraft:leather_leggings":1,"minecraft:rose_bush":1,"minecraft:iron_shovel":25,"minecraft:stone_shovel":235,"minecraft:stone_pickaxe":9,"minecraft:baked_potato":2,"minecraft:chest":8,"butchersdelight:hook":1,"minecraft:iron_sword":62,"minecraft:sugar_cane":18,"simplefarming:blackberry_bush":1,"minecraft:torch":1,"minecraft:dirt":99,"minecraft:crafting_table":1,"minecraft:blast_furnace":2,"simplefarming:raspberries":2,"minecraft:spruce_boat":2,"minecraft:dark_oak_planks":1,"butchersdelight:cleaver":1,"minecraft:iron_axe":103,"minecraft:bread":43,"minecraft:iron_pickaxe":72,"minecraft:iron_helmet":1,"minecraft:diamond_sword":12,"simplefarming:raspberry_bush":1,"minecraft:smithing_table":1,"minecraft:yellow_bed":1,"biomesoplenty:fir_log":4}},"DataVersion":3120}