{"stats":{"minecraft:crafted":{"minecraft:oak_planks":8,"minecraft:birch_planks":24},"minecraft:killed":{"minecraft:zombie":1,"minecraft:creeper":1,"minecraft:cow":1},"minecraft:custom":{"minecraft:time_since_rest":481,"minecraft:sprint_one_cm":89993,"minecraft:walk_one_cm":69672,"minecraft:damage_taken":4559,"minecraft:damage_absorbed":1539,"minecraft:mob_kills":5,"minecraft:drop":9,"minecraft:damage_dealt":3469,"minecraft:swim_one_cm":1324,"minecraft:fly_one_cm":140439,"minecraft:player_kills":1,"minecraft:crouch_one_cm":3007,"minecraft:play_time":28876,"minecraft:deaths":5,"minecraft:sneak_time":938,"minecraft:walk_under_water_one_cm":128,"minecraft:jump":911,"minecraft:leave_game":3,"minecraft:walk_on_water_one_cm":616,"minecraft:time_since_death":451,"minecraft:total_world_time":28876,"minecraft:fall_one_cm":25409},"minecraft:used":{"minecraft:netherite_sword":265,"minecraft:diamond_shovel":246,"minecraft:birch_planks":6,"minecraft:oak_planks":8,"minecraft:decorated_pot":28,"minecraft:rotten_flesh":2,"minecraft:golden_apple":40,"minecraft:dirt":37,"minecraft:cobblestone":4,"minecraft:beef":1,"minecraft:netherite_leggings":1,"minecraft:netherite_helmet":1,"minecraft:egg":3},"minecraft:mined":{"minecraft:birch_log":6,"minecraft:short_grass":30,"minecraft:oak_log":2,"minecraft:grass_block":147,"minecraft:dirt":125,"minecraft:tall_grass":4,"minecraft:sugar_cane":3,"minecraft:oak_leaves":5},"minecraft:picked_up":{"minecraft:birch_log":6,"minecraft:netherite_boots":1,"minecraft:leather":1,"minecraft:oak_log":2,"minecraft:gunpowder":1,"minecraft:netherite_leggings":2,"minecraft:dirt":290,"minecraft:diamond_shovel":3,"minecraft:rotten_flesh":3,"minecraft:decorated_pot":19,"minecraft:netherite_helmet":2,"minecraft:wheat_seeds":7,"minecraft:netherite_sword":1,"minecraft:beef":1,"minecraft:golden_apple":64,"minecraft:netherite_chestplate":1,"minecraft:sugar_cane":7,"minecraft:cobblestone":5,"minecraft:egg":3},"minecraft:dropped":{"minecraft:netherite_chestplate":1,"minecraft:netherite_boots":1,"minecraft:netherite_helmet":2,"minecraft:diamond_shovel":3,"minecraft:netherite_leggings":2},"minecraft:killed_by":{"minecraft:player":1,"minecraft:zombie":1,"minecraft:vex":1}},"DataVersion":3839}