{"stats":{"minecraft:dropped":{"pfm:furniture_book":1,"tconstruct:materials_and_you":1,"alexsmobs:animal_dictionary":1,"ic2:wiki_item":1},"minecraft:crafted":{"minecraft:wooden_sword":1,"minecraft:crafting_table":1,"minecraft:spruce_planks":24,"minecraft:stick":4},"minecraft:mined":{"minecraft:seagrass":1,"minecraft:tall_seagrass":1,"minecraft:grass_block":1,"minecraft:sweet_berry_bush":11,"minecraft:spruce_leaves":7,"minecraft:spruce_log":6,"minecraft:oak_leaves":1},"minecraft:used":{"minecraft:wooden_sword":2,"minecraft:sweet_berries":11,"minecraft:crafting_table":1},"minecraft:picked_up":{"minecraft:stick":1,"minecraft:sweet_berries":25,"minecraft:spruce_sapling":1,"minecraft:spruce_log":6,"minecraft:dirt":1},"minecraft:custom":{"minecraft:open_barrel":1,"minecraft:time_since_rest":6456,"minecraft:open_chest":3,"minecraft:play_time":6456,"minecraft:sprint_one_cm":8822,"minecraft:damage_taken":70,"minecraft:walk_one_cm":19380,"minecraft:sneak_time":15,"minecraft:walk_under_water_one_cm":3328,"minecraft:drop":4,"minecraft:jump":150,"minecraft:leave_game":1,"minecraft:time_since_death":6456,"minecraft:walk_on_water_one_cm":1805,"minecraft:total_world_time":6456,"minecraft:climb_one_cm":188,"minecraft:swim_one_cm":1333,"minecraft:interact_with_crafting_table":1,"minecraft:fall_one_cm":6283,"minecraft:fly_one_cm":28722}},"DataVersion":3120}