{"stats":{"minecraft:crafted":{"minecraft:cooked_beef":1,"minecraft:oak_planks":40,"minecraft:stone_shovel":1,"sophisticatedbackpacks:backpack":2,"butchersdelight:hook":1,"minecraft:crafting_table":1,"minecraft:iron_nugget":18,"minecraft:spruce_planks":80,"minecraft:furnace":1,"butchersdelight:cleaver":1,"minecraft:stone_axe":1,"minecraft:bread":61,"minecraft:air":0,"butchersdelight:rack":1,"minecraft:wooden_hoe":1,"easyhammers:grass_hammer":1,"minecraft:stick":16,"minecraft:stone_sword":1,"minecraft:chest":3,"minecraft:torch":16,"minecraft:wheat":171,"sophisticatedbackpacks:iron_backpack":1},"minecraft:mined":{"minecraft:spruce_planks":1,"ic2:rubber_leaves":42,"ic2:rubber_wood":30,"minecraft:crafting_table":1,"minecraft:torch":1,"ic2:tin_ore":7,"minecraft:grass_block":55,"minecraft:copper_ore":1,"minecraft:tall_grass":2,"minecraft:cobblestone":1,"biomesoplenty:sprout":1,"minecraft:sandstone":4,"minecraft:skeleton_skull":1,"minecraft:hay_block":19,"minecraft:lilac":1,"minecraft:birch_leaves":20,"minecraft:peony":2,"minecraft:yellow_bed":6,"minecraft:grass":21,"minecraft:coal_ore":33,"minecraft:oak_log":10,"minecraft:dirt_path":2,"minecraft:sunflower":2,"minecraft:sand":15,"minecraft:dirt":11,"minecraft:stone":36,"minecraft:oak_leaves":21},"minecraft:picked_up":{"minecraft:crafting_table":1,"butchersdelightfoods:beeftenderloin":1,"simplefarming:soybean_seeds":1,"minecraft:lilac":1,"butchersdelightfoods:legcow":1,"simplefarming:turnip_seeds":1,"minecraft:oak_log":10,"minecraft:yellow_bed":6,"minecraft:lantern":1,"minecraft:dirt":68,"minecraft:string":2,"minecraft:raw_copper":32,"minecraft:bone":3,"butchersdelight:dead_cow":7,"minecraft:wheat_seeds":5,"minecraft:spruce_planks":1,"minecraft:iron_ingot":3,"minecraft:beef":1,"ic2:hemp_seeds":6,"minecraft:poppy":2,"ic2:rubber_sapling":12,"minecraft:oak_planks":2,"bakingmod:salt":6,"minecraft:stick":4,"minecraft:sandstone":35,"simplefarming:radish_seeds":1,"ic2:raw_tin":59,"minecraft:torch":1,"car:canola_seeds":1,"butchersdelight:skullcow":1,"sophisticatedbackpacks:backpack":1,"butchersdelight:cow_hide":16,"minecraft:sand":17,"minecraft:ink_sac":2,"butchersdelightfoods:beefribs":1,"minecraft:spider_eye":1,"minecraft:stone_sword":1,"minecraft:arrow":1,"minecraft:rotten_flesh":2,"minecraft:peony":2,"ic2:sticky_resin":5,"ic2:rubber_wood":30,"waystones:waystone":2,"minecraft:hay_block":19,"minecraft:saddle":1,"minecraft:oak_sapling":11,"butchersdelight:hook":1,"minecraft:coal":142,"minecraft:skeleton_skull":1,"minecraft:cobblestone":467,"minecraft:sunflower":2},"minecraft:killed":{"minecraft:spider":1,"minecraft:iron_golem":1,"alexsmobs:seagull":1,"minecraft:skeleton":2,"minecraft:pillager":2,"alexsmobs:banana_slug":1,"minecraft:zombie":6},"minecraft:dropped":{"minecraft:bread":7,"minecraft:wheat_seeds":5,"minecraft:lilac":1,"minecraft:stone_sword":1,"alexsmobs:animal_dictionary":1,"ic2:wiki_item":1,"butchersdelight:cleaver":1,"simplefarming:radish_seeds":1,"simplefarming:turnip_seeds":1,"minecraft:rotten_flesh":1,"sophisticatedbackpacks:backpack":1,"minecraft:stick":1,"simplefarming:soybean_seeds":1,"tconstruct:materials_and_you":1,"minecraft:peony":2,"minecraft:oak_sapling":11,"easyhammers:grass_hammer":1,"pfm:furniture_book":1,"minecraft:sunflower":1,"ic2:hemp_seeds":4,"butchersdelight:cow_hide":1},"minecraft:broken":{"minecraft:stone_sword":1,"minecraft:stone_axe":1},"minecraft:custom":{"minecraft:interact_with_furnace":2,"minecraft:mob_kills":15,"minecraft:animals_bred":8,"minecraft:interact_with_crafting_table":15,"minecraft:open_barrel":10,"minecraft:leave_game":2,"minecraft:time_since_death":111798,"minecraft:sleep_in_bed":9,"minecraft:time_since_rest":22595,"minecraft:waystone_activated":1,"minecraft:sprint_one_cm":381757,"minecraft:damage_taken":1023,"minecraft:walk_one_cm":118650,"minecraft:drop":31,"minecraft:damage_dealt":4244,"minecraft:swim_one_cm":20455,"minecraft:fly_one_cm":520611,"minecraft:open_chest":66,"minecraft:crouch_one_cm":1144,"minecraft:play_time":111798,"minecraft:sneak_time":1296,"minecraft:walk_under_water_one_cm":7547,"minecraft:jump":1913,"minecraft:walk_on_water_one_cm":5054,"minecraft:total_world_time":111798,"minecraft:fall_one_cm":80055},"minecraft:used":{"minecraft:stone_sword":85,"easyhammers:grass_hammer":3,"easyhammers:stone_hammer":84,"minecraft:stone_shovel":74,"minecraft:oak_planks":1,"minecraft:chest":1,"minecraft:spruce_planks":6,"minecraft:leather_chestplate":1,"butchersdelight:hook":2,"minecraft:torch":6,"butchersdelight:skullcow":1,"minecraft:dirt":28,"minecraft:crafting_table":2,"minecraft:wooden_hoe":27,"minecraft:sunflower":1,"minecraft:bread":37,"minecraft:stone_axe":52,"minecraft:cobblestone":3,"minecraft:furnace":1,"minecraft:yellow_bed":7,"minecraft:cooked_beef":1,"butchersdelight:rack":1}},"DataVersion":3120}