{"stats":{"minecraft:crafted":{"minecraft:cooked_beef":1,"minecraft:stone_shovel":1,"sophisticatedbackpacks:backpack":2,"butchersdelight:hook":1,"minecraft:iron_nugget":18,"minecraft:spruce_planks":80,"minecraft:furnace":1,"butchersdelight:cleaver":1,"minecraft:stone_axe":1,"minecraft:bread":31,"minecraft:air":0,"butchersdelight:rack":1,"easyhammers:grass_hammer":1,"minecraft:stick":12,"minecraft:stone_sword":1,"minecraft:chest":3,"minecraft:torch":16,"minecraft:wheat":81,"sophisticatedbackpacks:iron_backpack":1},"minecraft:mined":{"minecraft:spruce_planks":1,"ic2:rubber_leaves":17,"ic2:rubber_wood":7,"minecraft:torch":1,"ic2:tin_ore":7,"minecraft:grass_block":55,"minecraft:copper_ore":1,"minecraft:tall_grass":1,"minecraft:cobblestone":1,"biomesoplenty:sprout":1,"minecraft:sandstone":4,"minecraft:skeleton_skull":1,"minecraft:lilac":1,"minecraft:birch_leaves":5,"minecraft:yellow_bed":5,"minecraft:grass":19,"minecraft:coal_ore":33,"minecraft:oak_log":6,"minecraft:dirt_path":2,"minecraft:sunflower":2,"minecraft:sand":15,"minecraft:dirt":11,"minecraft:stone":36,"minecraft:oak_leaves":3},"minecraft:picked_up":{"butchersdelightfoods:beeftenderloin":1,"simplefarming:soybean_seeds":1,"minecraft:lilac":1,"butchersdelightfoods:legcow":1,"simplefarming:turnip_seeds":1,"minecraft:oak_log":6,"minecraft:yellow_bed":5,"minecraft:dirt":68,"minecraft:string":2,"minecraft:raw_copper":32,"minecraft:bone":3,"butchersdelight:dead_cow":7,"minecraft:wheat_seeds":5,"minecraft:spruce_planks":1,"minecraft:iron_ingot":3,"minecraft:beef":1,"ic2:hemp_seeds":5,"minecraft:poppy":2,"ic2:rubber_sapling":4,"minecraft:oak_planks":2,"bakingmod:salt":6,"minecraft:stick":1,"minecraft:sandstone":35,"simplefarming:radish_seeds":1,"ic2:raw_tin":59,"minecraft:torch":1,"car:canola_seeds":1,"butchersdelight:skullcow":1,"sophisticatedbackpacks:backpack":1,"butchersdelight:cow_hide":16,"minecraft:sand":17,"minecraft:ink_sac":2,"butchersdelightfoods:beefribs":1,"minecraft:spider_eye":1,"minecraft:arrow":1,"minecraft:rotten_flesh":2,"ic2:sticky_resin":1,"ic2:rubber_wood":7,"waystones:waystone":1,"butchersdelight:hook":1,"minecraft:coal":142,"minecraft:skeleton_skull":1,"minecraft:cobblestone":467,"minecraft:sunflower":2},"minecraft:killed":{"minecraft:spider":1,"minecraft:iron_golem":1,"alexsmobs:seagull":1,"minecraft:skeleton":2,"minecraft:pillager":2,"alexsmobs:banana_slug":1,"minecraft:zombie":6},"minecraft:dropped":{"minecraft:bread":7,"minecraft:wheat_seeds":5,"minecraft:lilac":1,"alexsmobs:animal_dictionary":1,"ic2:wiki_item":1,"butchersdelight:cleaver":1,"simplefarming:radish_seeds":1,"simplefarming:turnip_seeds":1,"minecraft:rotten_flesh":1,"sophisticatedbackpacks:backpack":1,"simplefarming:soybean_seeds":1,"tconstruct:materials_and_you":1,"easyhammers:grass_hammer":1,"pfm:furniture_book":1,"minecraft:sunflower":1,"ic2:hemp_seeds":3,"butchersdelight:cow_hide":1},"minecraft:broken":{"minecraft:stone_sword":1,"minecraft:stone_axe":1},"minecraft:custom":{"minecraft:interact_with_furnace":2,"minecraft:mob_kills":15,"minecraft:animals_bred":8,"minecraft:interact_with_crafting_table":13,"minecraft:leave_game":2,"minecraft:time_since_death":87798,"minecraft:sleep_in_bed":8,"minecraft:time_since_rest":18570,"minecraft:waystone_activated":1,"minecraft:sprint_one_cm":306357,"minecraft:damage_taken":985,"minecraft:walk_one_cm":104235,"minecraft:drop":21,"minecraft:damage_dealt":4244,"minecraft:swim_one_cm":20455,"minecraft:fly_one_cm":374367,"minecraft:open_chest":66,"minecraft:crouch_one_cm":905,"minecraft:play_time":87798,"minecraft:sneak_time":1233,"minecraft:walk_under_water_one_cm":7547,"minecraft:jump":1449,"minecraft:walk_on_water_one_cm":5054,"minecraft:total_world_time":87798,"minecraft:fall_one_cm":56175},"minecraft:used":{"minecraft:stone_sword":85,"easyhammers:grass_hammer":3,"easyhammers:stone_hammer":83,"minecraft:stone_shovel":74,"minecraft:oak_planks":1,"minecraft:chest":1,"minecraft:spruce_planks":6,"minecraft:leather_chestplate":1,"butchersdelight:hook":2,"minecraft:torch":4,"butchersdelight:skullcow":1,"minecraft:dirt":28,"minecraft:crafting_table":1,"minecraft:sunflower":1,"minecraft:bread":31,"minecraft:stone_axe":16,"minecraft:cobblestone":3,"minecraft:furnace":1,"minecraft:yellow_bed":6,"minecraft:cooked_beef":1,"butchersdelight:rack":1}},"DataVersion":3120}