{"stats":{"minecraft:custom":{"minecraft:mob_kills":54,"minecraft:animals_bred":8,"minecraft:interact_with_crafting_table":48,"minecraft:open_barrel":38,"minecraft:leave_game":7,"minecraft:time_since_death":319506,"minecraft:climb_one_cm":933,"minecraft:sprint_one_cm":1421590,"minecraft:walk_one_cm":388733,"minecraft:drop":84,"minecraft:damage_dealt_absorbed":140,"minecraft:play_time":319506,"minecraft:sneak_time":5559,"minecraft:walk_under_water_one_cm":24712,"minecraft:jump":5125,"minecraft:walk_on_water_one_cm":18476,"minecraft:total_world_time":319506,"minecraft:interact_with_furnace":20,"minecraft:traded_with_villager":82,"minecraft:sleep_in_bed":23,"minecraft:time_since_rest":17940,"minecraft:waystone_activated":1,"minecraft:damage_taken":2387,"minecraft:damage_dealt":12112,"minecraft:swim_one_cm":89706,"minecraft:fly_one_cm":2023827,"minecraft:open_chest":232,"minecraft:crouch_one_cm":10346,"minecraft:fall_one_cm":123367},"minecraft:used":{"minecraft:stone_sword":199,"minecraft:rose_bush":2,"minecraft:stone_shovel":117,"minecraft:chest":1,"minecraft:spruce_planks":6,"butchersdelight:hook":2,"minecraft:torch":26,"minecraft:dirt":52,"securitycraft:keypad_item":4,"minecraft:iron_axe":456,"biomesoplenty:fir_sapling":87,"minecraft:furnace":1,"minecraft:cooked_cod":33,"ic2:rubber_sapling":15,"minecraft:cooked_beef":1,"easyhammers:grass_hammer":3,"easyhammers:stone_hammer":140,"minecraft:oak_planks":1,"biomesoplenty:fir_planks":12,"minecraft:leather_chestplate":1,"minecraft:fletching_table":1,"butchersdelight:skullcow":4,"minecraft:crafting_table":3,"minecraft:blast_furnace":5,"minecraft:spruce_log":1,"minecraft:wooden_hoe":27,"minecraft:dark_oak_log":3,"minecraft:sunflower":4,"minecraft:bread":74,"minecraft:map":1,"minecraft:stone_axe":164,"minecraft:cobblestone":37,"minecraft:andesite":5,"minecraft:yellow_bed":12,"biomesoplenty:fir_log":12,"minecraft:bone_meal":6,"butchersdelight:rack":1},"minecraft:picked_up":{"minecraft:crafting_table":1,"butchersdelightfoods:legcow":1,"simplefarming:turnip_seeds":1,"minecraft:smithing_table":1,"minecraft:string":4,"minecraft:raw_copper":32,"butchersdelight:dead_cow":7,"biomesoplenty:fir_planks":7,"minecraft:spruce_planks":1,"minecraft:beef":1,"minecraft:rose_bush":3,"minecraft:poppy":2,"ic2:hemp_seeds":16,"farmersdelight:cabbage_seeds":2,"bakingmod:salt":6,"minecraft:stick":53,"minecraft:sandstone":50,"minecraft:torch":10,"sophisticatedbackpacks:backpack":2,"tconstruct:sky_slime_dirt":2,"minecraft:diorite":17,"minecraft:stone_sword":1,"minecraft:arrow":6,"butchersdelight:deadsheep":3,"minecraft:rotten_flesh":15,"minecraft:peony":2,"minecraft:hay_block":19,"relics:aqua_walker":1,"minecraft:saddle":1,"sophisticatedbackpacks:copper_backpack":1,"tconstruct:earth_slime_sapling":1,"minecraft:skeleton_skull":1,"minecraft:white_wool":43,"minecraft:cobblestone":711,"butchersdelightfoods:beeftenderloin":1,"minecraft:feather":3,"minecraft:lilac":1,"simplefarming:soybean_seeds":1,"minecraft:andesite":19,"biomesoplenty:fir_sapling":114,"biomesoplenty:fir_log":446,"alexsmobs:cachalot_whale_tooth":1,"minecraft:oak_log":10,"minecraft:yellow_bed":10,"minecraft:gunpowder":2,"minecraft:cobblestone_stairs":1,"minecraft:dirt":109,"minecraft:lantern":1,"butchersdelight:deadchiken":1,"minecraft:bone":9,"minecraft:wheat_seeds":7,"minecraft:iron_ingot":3,"simplefarming:blueberry_bush":2,"ic2:rubber_sapling":22,"minecraft:gray_candle":3,"minecraft:oak_planks":2,"simplefarming:radish_seeds":1,"minecraft:gravel":1,"ic2:raw_tin":71,"car:canola_seeds":1,"minecraft:dandelion":1,"butchersdelight:skullcow":7,"butchersdelight:cow_hide":16,"minecraft:sand":17,"minecraft:amethyst_shard":1,"minecraft:blast_furnace":4,"minecraft:ink_sac":11,"simplefarming:squash_seeds":2,"minecraft:spruce_log":1,"simplefarming:raspberry_bush":1,"butchersdelightfoods:beefribs":1,"minecraft:dark_oak_log":3,"minecraft:spider_eye":2,"minecraft:slime_ball":220,"waystones:waystone":2,"ic2:rubber_wood":69,"ic2:sticky_resin":7,"minecraft:iron_helmet":1,"minecraft:granite":11,"alexsmobs:maggot":1,"minecraft:oak_sapling":11,"butchersdelight:hook":1,"simplefarming:cassava_seeds":1,"minecraft:coal":146,"minecraft:ender_pearl":1,"minecraft:sunflower":5},"minecraft:broken":{"minecraft:stone_sword":2,"minecraft:iron_axe":1,"minecraft:stone_axe":2,"easyhammers:stone_hammer":1,"minecraft:iron_helmet":1},"minecraft:killed":{"minecraft:witch":1,"minecraft:spider":4,"alexsmobs:seagull":3,"minecraft:skeleton":9,"alexsmobs:banana_slug":1,"minecraft:iron_golem":1,"minecraft:creeper":2,"minecraft:sheep":3,"minecraft:pillager":6,"minecraft:zombie":22,"minecraft:enderman":1},"minecraft:mined":{"minecraft:spruce_planks":1,"minecraft:dark_oak_log":2,"ic2:rubber_sapling":3,"ic2:rubber_wood":69,"ic2:tin_ore":8,"minecraft:grass_block":57,"minecraft:sandstone":6,"minecraft:large_fern":1,"minecraft:hay_block":19,"minecraft:andesite":3,"minecraft:peony":2,"minecraft:dirt_path":2,"butchersdelight:skullcow":5,"tconstruct:earth_congealed_slime":55,"minecraft:stone":70,"minecraft:white_wool":40,"simplefarming:blueberry_bush":3,"minecraft:smithing_table":1,"ic2:rubber_leaves":42,"minecraft:dandelion":1,"minecraft:crafting_table":1,"minecraft:torch":2,"minecraft:blast_furnace":4,"biomesoplenty:fir_planks":7,"minecraft:chest":1,"minecraft:rose_bush":3,"minecraft:copper_ore":1,"minecraft:tall_grass":3,"minecraft:cobblestone":1,"biomesoplenty:sprout":6,"minecraft:diorite":2,"minecraft:wall_torch":5,"minecraft:skeleton_skull":1,"minecraft:sweet_berry_bush":1,"minecraft:lilac":1,"minecraft:spruce_log":1,"minecraft:birch_leaves":20,"biomesoplenty:fir_log":454,"minecraft:yellow_bed":10,"minecraft:grass":63,"tconstruct:earth_sky_slime_grass":2,"minecraft:oak_log":10,"minecraft:coal_ore":33,"minecraft:sand":15,"minecraft:sunflower":8,"minecraft:dirt":27,"biomesoplenty:fir_sapling":9,"minecraft:oak_leaves":21,"minecraft:fern":6,"minecraft:gray_candle":1},"minecraft:crafted":{"minecraft:smooth_stone":14,"minecraft:oak_planks":40,"minecraft:stone_shovel":1,"minecraft:iron_nugget":27,"minecraft:furnace":2,"minecraft:stone_button":36,"minecraft:blast_furnace":1,"minecraft:slime_block":9,"minecraft:stone":50,"minecraft:bone_meal":21,"securitycraft:keypad_item":4,"sophisticatedbackpacks:crafting_upgrade":1,"minecraft:heavy_weighted_pressure_plate":4,"butchersdelight:rack":1,"usefulslime:slime_sling":3,"minecraft:iron_boots":1,"minecraft:iron_axe":2,"butchersdelight:roaster":1,"minecraft:chest":4,"sophisticatedbackpacks:iron_backpack":1,"minecraft:wheat":171,"minecraft:cooked_beef":1,"minecraft:cooked_cod":64,"minecraft:emerald":79,"sophisticatedbackpacks:backpack":2,"butchersdelight:hook":1,"minecraft:crafting_table":1,"minecraft:spruce_planks":96,"minecraft:fletching_table":1,"butchersdelight:cleaver":2,"minecraft:stone_axe":1,"sophisticatedbackpacks:upgrade_base":1,"minecraft:bread":61,"minecraft:air":0,"biomesoplenty:fir_planks":1496,"minecraft:iron_chestplate":2,"minecraft:wooden_hoe":1,"easyhammers:grass_hammer":1,"minecraft:stick":2960,"minecraft:wooden_axe":1,"minecraft:stone_sword":1,"easyhammers:stone_hammer":1,"usefulslime:slime_boots":3,"minecraft:torch":16},"minecraft:dropped":{"minecraft:bread":7,"minecraft:wheat_seeds":6,"minecraft:lilac":1,"simplefarming:blueberry_bush":2,"ic2:wiki_item":1,"usefulslime:slime_sling":2,"minecraft:feather":1,"simplefarming:radish_seeds":1,"simplefarming:turnip_seeds":1,"minecraft:stick":1,"minecraft:cobblestone_stairs":1,"simplefarming:soybean_seeds":1,"tconstruct:materials_and_you":1,"usefulslime:slime_boots":2,"minecraft:rose_bush":1,"minecraft:cooked_cod":28,"relics:aqua_walker":1,"minecraft:amethyst_shard":1,"minecraft:sunflower":1,"simplefarming:squash_seeds":3,"ic2:hemp_seeds":20,"minecraft:dandelion":1,"butchersdelight:cow_hide":1,"car:canola_seeds":1,"alexsmobs:animal_dictionary":1,"minecraft:stone_sword":1,"butchersdelight:cleaver":2,"minecraft:rotten_flesh":15,"simplefarming:raspberries":2,"sophisticatedbackpacks:backpack":3,"simplefarming:cassava_seeds":1,"minecraft:poppy":2,"minecraft:filled_map":1,"minecraft:peony":2,"minecraft:iron_chestplate":1,"minecraft:oak_sapling":11,"easyhammers:grass_hammer":1,"minecraft:spider_eye":1,"pfm:furniture_book":1}},"DataVersion":3120}