{"stats":{"minecraft:custom":{"minecraft:mob_kills":22,"minecraft:animals_bred":8,"minecraft:interact_with_crafting_table":26,"minecraft:open_barrel":16,"minecraft:leave_game":3,"minecraft:time_since_death":162617,"minecraft:sprint_one_cm":536908,"minecraft:walk_one_cm":177508,"minecraft:drop":37,"minecraft:damage_dealt_absorbed":60,"minecraft:play_time":162617,"minecraft:sneak_time":2185,"minecraft:walk_under_water_one_cm":17199,"minecraft:jump":2859,"minecraft:walk_on_water_one_cm":6780,"minecraft:total_world_time":162617,"minecraft:interact_with_furnace":12,"minecraft:sleep_in_bed":12,"minecraft:time_since_rest":13655,"minecraft:waystone_activated":1,"minecraft:damage_taken":1403,"minecraft:damage_dealt":5931,"minecraft:swim_one_cm":52034,"minecraft:fly_one_cm":809073,"minecraft:open_chest":119,"minecraft:crouch_one_cm":2046,"minecraft:fall_one_cm":107003},"minecraft:used":{"minecraft:stone_sword":123,"minecraft:stone_shovel":117,"minecraft:spruce_planks":6,"minecraft:chest":1,"butchersdelight:hook":2,"minecraft:torch":17,"minecraft:dirt":52,"securitycraft:keypad_item":3,"minecraft:furnace":1,"ic2:rubber_sapling":15,"minecraft:cooked_beef":1,"easyhammers:grass_hammer":3,"easyhammers:stone_hammer":129,"minecraft:oak_planks":1,"minecraft:leather_chestplate":1,"butchersdelight:skullcow":1,"minecraft:crafting_table":2,"minecraft:spruce_log":1,"minecraft:wooden_hoe":27,"minecraft:sunflower":1,"minecraft:bread":55,"minecraft:map":1,"minecraft:stone_axe":102,"minecraft:cobblestone":13,"minecraft:andesite":5,"minecraft:yellow_bed":8,"butchersdelight:rack":1},"minecraft:picked_up":{"minecraft:crafting_table":1,"butchersdelightfoods:legcow":1,"simplefarming:turnip_seeds":1,"minecraft:string":2,"minecraft:raw_copper":32,"butchersdelight:dead_cow":7,"minecraft:spruce_planks":1,"minecraft:beef":1,"ic2:hemp_seeds":12,"minecraft:poppy":2,"farmersdelight:cabbage_seeds":2,"bakingmod:salt":6,"minecraft:stick":4,"minecraft:sandstone":50,"minecraft:torch":8,"sophisticatedbackpacks:backpack":1,"tconstruct:sky_slime_dirt":2,"minecraft:diorite":17,"minecraft:stone_sword":1,"minecraft:rotten_flesh":7,"minecraft:arrow":4,"minecraft:peony":2,"minecraft:hay_block":19,"minecraft:saddle":1,"sophisticatedbackpacks:copper_backpack":1,"tconstruct:earth_slime_sapling":1,"minecraft:cobblestone":711,"minecraft:skeleton_skull":1,"butchersdelightfoods:beeftenderloin":1,"minecraft:lilac":1,"simplefarming:soybean_seeds":1,"minecraft:andesite":19,"alexsmobs:cachalot_whale_tooth":1,"minecraft:oak_log":10,"minecraft:yellow_bed":7,"minecraft:gunpowder":1,"minecraft:dirt":109,"minecraft:lantern":1,"butchersdelight:deadchiken":1,"minecraft:bone":5,"minecraft:wheat_seeds":5,"minecraft:iron_ingot":3,"ic2:rubber_sapling":22,"minecraft:oak_planks":2,"simplefarming:radish_seeds":1,"ic2:raw_tin":71,"car:canola_seeds":1,"minecraft:dandelion":1,"butchersdelight:cow_hide":16,"butchersdelight:skullcow":1,"minecraft:sand":17,"minecraft:ink_sac":9,"minecraft:spruce_log":1,"simplefarming:squash_seeds":1,"butchersdelightfoods:beefribs":1,"minecraft:spider_eye":1,"minecraft:slime_ball":220,"ic2:sticky_resin":7,"ic2:rubber_wood":69,"waystones:waystone":2,"minecraft:iron_helmet":1,"minecraft:granite":11,"minecraft:oak_sapling":11,"butchersdelight:hook":1,"simplefarming:cassava_seeds":1,"minecraft:coal":146,"minecraft:sunflower":2},"minecraft:broken":{"minecraft:stone_sword":1,"minecraft:stone_axe":1,"easyhammers:stone_hammer":1},"minecraft:killed":{"minecraft:witch":1,"minecraft:spider":1,"alexsmobs:seagull":1,"minecraft:skeleton":4,"alexsmobs:banana_slug":1,"minecraft:iron_golem":1,"minecraft:creeper":1,"minecraft:pillager":2,"minecraft:zombie":9},"minecraft:mined":{"minecraft:spruce_planks":1,"ic2:rubber_sapling":3,"ic2:rubber_wood":69,"ic2:tin_ore":8,"minecraft:grass_block":57,"minecraft:sandstone":6,"minecraft:hay_block":19,"minecraft:andesite":3,"minecraft:peony":2,"minecraft:dirt_path":2,"tconstruct:earth_congealed_slime":55,"minecraft:stone":70,"ic2:rubber_leaves":42,"minecraft:dandelion":1,"minecraft:crafting_table":1,"minecraft:torch":1,"minecraft:chest":1,"minecraft:tall_grass":2,"minecraft:copper_ore":1,"minecraft:cobblestone":1,"biomesoplenty:sprout":1,"minecraft:diorite":2,"minecraft:wall_torch":2,"minecraft:skeleton_skull":1,"minecraft:lilac":1,"minecraft:spruce_log":1,"minecraft:birch_leaves":20,"minecraft:yellow_bed":7,"minecraft:grass":35,"tconstruct:earth_sky_slime_grass":2,"minecraft:oak_log":10,"minecraft:coal_ore":33,"minecraft:sunflower":2,"minecraft:sand":15,"minecraft:dirt":27,"minecraft:oak_leaves":21,"minecraft:fern":3},"minecraft:crafted":{"minecraft:oak_planks":40,"minecraft:stone_shovel":1,"minecraft:iron_nugget":18,"minecraft:furnace":1,"minecraft:stone_button":36,"minecraft:slime_block":3,"minecraft:stone":36,"sophisticatedbackpacks:crafting_upgrade":1,"securitycraft:keypad_item":3,"minecraft:heavy_weighted_pressure_plate":3,"butchersdelight:rack":1,"usefulslime:slime_sling":1,"minecraft:chest":4,"sophisticatedbackpacks:iron_backpack":1,"minecraft:wheat":171,"minecraft:cooked_beef":1,"sophisticatedbackpacks:backpack":2,"butchersdelight:hook":1,"minecraft:crafting_table":1,"minecraft:spruce_planks":88,"butchersdelight:cleaver":1,"minecraft:stone_axe":1,"sophisticatedbackpacks:upgrade_base":1,"minecraft:bread":61,"minecraft:air":0,"minecraft:wooden_hoe":1,"easyhammers:grass_hammer":1,"minecraft:stick":16,"minecraft:stone_sword":1,"easyhammers:stone_hammer":1,"usefulslime:slime_boots":1,"minecraft:torch":16},"minecraft:dropped":{"minecraft:bread":7,"minecraft:wheat_seeds":5,"minecraft:lilac":1,"ic2:wiki_item":1,"simplefarming:radish_seeds":1,"simplefarming:turnip_seeds":1,"minecraft:stick":1,"simplefarming:soybean_seeds":1,"tconstruct:materials_and_you":1,"minecraft:sunflower":1,"simplefarming:squash_seeds":1,"butchersdelight:cow_hide":1,"minecraft:dandelion":1,"ic2:hemp_seeds":10,"minecraft:stone_sword":1,"alexsmobs:animal_dictionary":1,"butchersdelight:cleaver":1,"minecraft:rotten_flesh":2,"simplefarming:cassava_seeds":1,"sophisticatedbackpacks:backpack":1,"minecraft:filled_map":1,"minecraft:peony":2,"minecraft:oak_sapling":11,"easyhammers:grass_hammer":1,"pfm:furniture_book":1}},"DataVersion":3120}