{"stats":{"minecraft:mined":{"minecraft:tuff":14,"minecraft:white_bed":1,"minecraft:spruce_planks":1,"minecraft:mossy_cobblestone":1,"minecraft:deepslate_diamond_ore":5,"minecraft:dark_oak_log":2,"tconstruct:sky_slime_crystal_block":2,"ic2:rubber_sapling":3,"ic2:deepslate_tin_ore":1,"ic2:rubber_wood":69,"ic2:uranium_ore":2,"minecraft:granite":7,"ic2:tin_ore":24,"minecraft:grass_block":249,"minecraft:sandstone":6,"minecraft:spawner":2,"tconstruct:sky_slime_crystal_cluster":4,"minecraft:large_fern":1,"minecraft:hay_block":19,"minecraft:redstone_ore":4,"minecraft:furnace":1,"minecraft:iron_ore":47,"minecraft:cobbled_deepslate":1,"minecraft:andesite":7,"minecraft:deepslate_lapis_ore":3,"minecraft:peony":2,"minecraft:dirt_path":49,"minecraft:deepslate_iron_ore":33,"butchersdelight:skullcow":5,"tconstruct:earth_congealed_slime":55,"minecraft:stone":246,"minecraft:white_wool":40,"simplefarming:blueberry_bush":3,"minecraft:smithing_table":1,"ic2:rubber_leaves":102,"minecraft:dandelion":1,"minecraft:crafting_table":1,"minecraft:torch":8,"minecraft:blast_furnace":4,"biomesoplenty:fir_planks":7,"minecraft:chest":1,"minecraft:rose_bush":3,"ic2:silver_ore":1,"minecraft:copper_ore":13,"minecraft:tall_grass":3,"minecraft:cobblestone":1,"biomesoplenty:sprout":6,"minecraft:deepslate_gold_ore":29,"minecraft:lapis_ore":1,"minecraft:diorite":9,"minecraft:wall_torch":8,"minecraft:skeleton_skull":1,"minecraft:spruce_log":1,"minecraft:birch_leaves":20,"minecraft:sweet_berry_bush":1,"minecraft:lilac":1,"ic2:deepslate_silver_ore":23,"ic2:deepslate_uranium_ore":5,"biomesoplenty:fir_log":454,"minecraft:yellow_bed":10,"minecraft:grass":72,"tconstruct:earth_sky_slime_grass":2,"minecraft:coal_ore":33,"minecraft:oak_log":10,"minecraft:gravel":34,"minecraft:dirt":350,"minecraft:sand":15,"minecraft:sunflower":8,"minecraft:cobweb":74,"biomesoplenty:fir_sapling":9,"minecraft:gold_ore":4,"minecraft:oak_leaves":21,"minecraft:deepslate":95,"minecraft:gray_candle":1,"minecraft:fern":6},"minecraft:dropped":{"minecraft:bread":7,"minecraft:wheat_seeds":6,"minecraft:lilac":1,"ic2:wiki_item":1,"simplefarming:blueberry_bush":2,"usefulslime:slime_sling":2,"minecraft:feather":1,"simplefarming:radish_seeds":1,"simplefarming:turnip_seeds":1,"minecraft:stick":1,"minecraft:cobblestone_stairs":1,"simplefarming:soybean_seeds":1,"tconstruct:materials_and_you":1,"usefulslime:slime_boots":2,"minecraft:rose_bush":1,"minecraft:cooked_cod":28,"relics:aqua_walker":1,"minecraft:amethyst_shard":1,"minecraft:sunflower":1,"simplefarming:squash_seeds":3,"ic2:hemp_seeds":21,"butchersdelight:cow_hide":1,"minecraft:dandelion":1,"car:canola_seeds":1,"alexsmobs:animal_dictionary":1,"minecraft:stone_sword":1,"butchersdelight:cleaver":2,"minecraft:rotten_flesh":15,"simplefarming:raspberries":2,"simplefarming:cassava_seeds":1,"sophisticatedbackpacks:backpack":3,"minecraft:filled_map":1,"minecraft:poppy":2,"minecraft:peony":2,"minecraft:iron_chestplate":1,"easyhammers:grass_hammer":1,"minecraft:oak_sapling":11,"minecraft:spider_eye":1,"pfm:furniture_book":1},"minecraft:picked_up":{"minecraft:crafting_table":1,"minecraft:allium":1,"butchersdelightfoods:legcow":1,"simplefarming:turnip_seeds":1,"minecraft:smithing_table":1,"minecraft:cornflower":1,"minecraft:string":84,"minecraft:raw_copper":166,"butchersdelight:dead_cow":7,"simplefarming:oat_seeds":1,"minecraft:cobbled_deepslate":1111,"minecraft:spruce_planks":1,"biomesoplenty:fir_planks":7,"minecraft:beef":1,"minecraft:rose_bush":4,"minecraft:calcite":6,"ic2:hemp_seeds":19,"minecraft:poppy":2,"farmersdelight:cabbage_seeds":2,"bakingmod:salt":22,"minecraft:furnace":1,"minecraft:raw_iron":247,"minecraft:stick":53,"minecraft:sandstone":50,"minecraft:torch":29,"sophisticatedbackpacks:backpack":2,"tconstruct:sky_slime_dirt":2,"minecraft:diorite":100,"minecraft:redstone":90,"tconstruct:sky_slime_crystal":16,"minecraft:stone_sword":1,"minecraft:arrow":20,"butchersdelight:deadsheep":3,"minecraft:rotten_flesh":31,"minecraft:peony":2,"minecraft:hay_block":19,"relics:aqua_walker":1,"minecraft:saddle":1,"sophisticatedbackpacks:copper_backpack":1,"tconstruct:earth_slime_sapling":1,"minecraft:skeleton_skull":1,"minecraft:white_wool":43,"minecraft:cobblestone":2377,"butchersdelightfoods:beeftenderloin":1,"minecraft:feather":3,"minecraft:lilac":1,"simplefarming:soybean_seeds":1,"artifacts:novelty_drinking_hat":1,"minecraft:andesite":91,"ic2:ore_uranium":16,"paraglider:spirit_orb":4,"biomesoplenty:fir_sapling":114,"biomesoplenty:fir_log":446,"alexsmobs:cachalot_whale_tooth":1,"minecraft:flint":3,"minecraft:tuff":196,"minecraft:oak_log":10,"minecraft:yellow_bed":12,"minecraft:gunpowder":2,"minecraft:cobblestone_stairs":1,"minecraft:lapis_lazuli":124,"minecraft:dirt":688,"tconstruct:sky_slime_crystal_block":2,"minecraft:lantern":1,"simplefarming:grape_seeds":1,"butchersdelight:deadchiken":1,"minecraft:bone":27,"minecraft:bow":2,"minecraft:wheat_seeds":11,"minecraft:raw_gold":101,"minecraft:iron_ingot":3,"simplefarming:blueberry_bush":2,"ic2:rubber_sapling":27,"minecraft:gray_candle":3,"minecraft:oak_planks":5,"simplefarming:radish_seeds":1,"ic2:raw_tin":233,"car:canola_seeds":3,"minecraft:dandelion":1,"butchersdelight:skullcow":7,"minecraft:gravel":32,"butchersdelight:cow_hide":16,"minecraft:sand":17,"minecraft:amethyst_shard":1,"minecraft:ink_sac":11,"simplefarming:squash_seeds":3,"minecraft:blast_furnace":4,"minecraft:white_bed":2,"minecraft:spruce_log":1,"minecraft:spider_eye":3,"butchersdelightfoods:beefribs":1,"minecraft:dark_oak_log":3,"simplefarming:raspberry_bush":1,"minecraft:mossy_cobblestone":8,"minecraft:slime_ball":220,"minecraft:diamond":13,"ic2:raw_silver":105,"ic2:rubber_wood":69,"ic2:sticky_resin":30,"waystones:waystone":2,"minecraft:iron_helmet":1,"minecraft:granite":95,"alexsmobs:maggot":1,"butchersdelight:hook":1,"minecraft:oak_sapling":11,"simplefarming:cassava_seeds":1,"minecraft:coal":162,"minecraft:sunflower":5,"minecraft:ender_pearl":1},"minecraft:used":{"minecraft:rose_bush":2,"minecraft:stone_sword":408,"minecraft:iron_shovel":254,"minecraft:stone_shovel":452,"sophisticatedbackpacks:copper_backpack":1,"minecraft:chest":6,"minecraft:spruce_planks":6,"butchersdelight:hook":2,"ic2:tree_tap":16,"minecraft:torch":58,"minecraft:dirt":117,"securitycraft:keypad_item":4,"minecraft:tuff":1,"ic2:iron_furnace":2,"minecraft:iron_axe":457,"biomesoplenty:fir_sapling":87,"ic2:extractor":1,"minecraft:cooked_cod":69,"minecraft:furnace":1,"ic2:rubber_sapling":15,"minecraft:cooked_beef":1,"minecraft:cobbled_deepslate":213,"easyhammers:grass_hammer":3,"easyhammers:stone_hammer":506,"minecraft:oak_planks":1,"biomesoplenty:fir_planks":12,"minecraft:leather_chestplate":1,"minecraft:fletching_table":1,"butchersdelight:skullcow":4,"ic2:batbox":1,"minecraft:crafting_table":3,"minecraft:blast_furnace":5,"minecraft:white_bed":2,"minecraft:spruce_log":1,"minecraft:wooden_hoe":27,"ic2:macerator":1,"minecraft:dark_oak_log":3,"minecraft:iron_pickaxe":11,"minecraft:map":1,"minecraft:gravel":24,"minecraft:sunflower":4,"minecraft:bread":87,"minecraft:stone_axe":164,"easyhammers:iron_hammer":127,"minecraft:cobblestone":109,"minecraft:andesite":5,"minecraft:yellow_bed":14,"butchersdelight:rack":1,"biomesoplenty:fir_log":12,"minecraft:bone_meal":6},"minecraft:killed":{"minecraft:cave_spider":3,"minecraft:witch":1,"minecraft:spider":4,"alexsmobs:murmur":1,"alexsmobs:seagull":3,"minecraft:skeleton":20,"alexsmobs:banana_slug":1,"artifacts:mimic":1,"minecraft:iron_golem":1,"minecraft:creeper":2,"minecraft:sheep":3,"minecraft:pillager":6,"minecraft:zombie":34,"minecraft:enderman":1},"minecraft:crafted":{"minecraft:smooth_stone":14,"minecraft:oak_planks":40,"easyhammers:iron_hammer":1,"minecraft:stone_shovel":4,"ic2:copper_insulated_cable_item":18,"minecraft:iron_nugget":27,"minecraft:furnace":3,"minecraft:stone_button":36,"minecraft:blast_furnace":1,"minecraft:slime_block":9,"minecraft:stone":50,"minecraft:bone_meal":21,"sophisticatedbackpacks:crafting_upgrade":1,"securitycraft:keypad_item":4,"minecraft:heavy_weighted_pressure_plate":4,"butchersdelight:rack":1,"usefulslime:slime_sling":3,"ic2:re_battery":3,"minecraft:iron_boots":1,"minecraft:iron_axe":2,"butchersdelight:roaster":1,"minecraft:chest":9,"ic2:macerator":1,"ic2:machine_block":2,"sophisticatedbackpacks:iron_backpack":1,"minecraft:wheat":171,"minecraft:cooked_beef":1,"minecraft:cooked_cod":64,"minecraft:emerald":79,"sophisticatedbackpacks:backpack":2,"butchersdelight:hook":1,"minecraft:crafting_table":1,"minecraft:spruce_planks":96,"ic2:circuit":2,"ic2:tree_tap":6,"minecraft:fletching_table":1,"butchersdelight:cleaver":2,"minecraft:stone_axe":1,"sophisticatedbackpacks:upgrade_base":1,"ic2:cell_empty":16,"minecraft:bread":61,"minecraft:air":0,"biomesoplenty:fir_planks":1500,"minecraft:wooden_hoe":1,"minecraft:iron_chestplate":2,"easyhammers:grass_hammer":1,"ic2:extractor":1,"ic2:batbox":1,"minecraft:stick":2964,"minecraft:iron_pickaxe":1,"minecraft:wooden_axe":1,"minecraft:stone_sword":3,"minecraft:iron_shovel":1,"easyhammers:stone_hammer":3,"usefulslime:slime_boots":3,"minecraft:torch":16,"ic2:iron_furnace":2},"minecraft:custom":{"minecraft:interact_with_smithing_table":2,"minecraft:mob_kills":84,"minecraft:animals_bred":8,"minecraft:interact_with_crafting_table":75,"minecraft:open_barrel":49,"minecraft:leave_game":8,"minecraft:time_since_death":445657,"minecraft:climb_one_cm":933,"minecraft:sprint_one_cm":2031938,"minecraft:walk_one_cm":618464,"minecraft:drop":85,"minecraft:damage_dealt_absorbed":140,"minecraft:play_time":445657,"minecraft:sneak_time":8570,"minecraft:walk_under_water_one_cm":27041,"minecraft:interact_with_brewingstand":1,"minecraft:jump":5940,"minecraft:walk_on_water_one_cm":19446,"minecraft:total_world_time":445657,"minecraft:interact_with_furnace":22,"minecraft:traded_with_villager":82,"minecraft:sleep_in_bed":26,"minecraft:waystone_activated":1,"minecraft:time_since_rest":34099,"minecraft:damage_taken":4046,"minecraft:damage_dealt":18181,"minecraft:swim_one_cm":94780,"minecraft:fly_one_cm":2214504,"minecraft:open_chest":282,"minecraft:crouch_one_cm":19556,"minecraft:interact_with_smoker":1,"minecraft:fall_one_cm":137688},"minecraft:broken":{"minecraft:iron_shovel":1,"ic2:tree_tap":1,"minecraft:stone_sword":4,"minecraft:iron_axe":1,"minecraft:stone_axe":2,"easyhammers:stone_hammer":3,"minecraft:iron_helmet":1,"minecraft:stone_shovel":2}},"DataVersion":3120}