{"stats":{"minecraft:custom":{"minecraft:mob_kills":48,"minecraft:animals_bred":8,"minecraft:interact_with_crafting_table":39,"minecraft:open_barrel":38,"minecraft:leave_game":6,"minecraft:time_since_death":264529,"minecraft:climb_one_cm":933,"minecraft:sprint_one_cm":1118471,"minecraft:walk_one_cm":314502,"minecraft:drop":54,"minecraft:damage_dealt_absorbed":140,"minecraft:play_time":264529,"minecraft:sneak_time":3774,"minecraft:walk_under_water_one_cm":23766,"minecraft:jump":4373,"minecraft:walk_on_water_one_cm":16278,"minecraft:total_world_time":264529,"minecraft:interact_with_furnace":19,"minecraft:traded_with_villager":57,"minecraft:sleep_in_bed":21,"minecraft:time_since_rest":23622,"minecraft:waystone_activated":1,"minecraft:damage_taken":2025,"minecraft:damage_dealt":10744,"minecraft:swim_one_cm":86343,"minecraft:fly_one_cm":1534341,"minecraft:open_chest":213,"minecraft:crouch_one_cm":5902,"minecraft:fall_one_cm":117616},"minecraft:used":{"minecraft:stone_sword":199,"minecraft:rose_bush":1,"minecraft:stone_shovel":117,"minecraft:chest":1,"minecraft:spruce_planks":6,"butchersdelight:hook":2,"minecraft:torch":26,"minecraft:dirt":52,"securitycraft:keypad_item":4,"biomesoplenty:fir_sapling":37,"minecraft:iron_axe":231,"minecraft:furnace":1,"minecraft:cooked_cod":15,"ic2:rubber_sapling":15,"minecraft:cooked_beef":1,"easyhammers:grass_hammer":3,"easyhammers:stone_hammer":135,"minecraft:oak_planks":1,"minecraft:leather_chestplate":1,"biomesoplenty:fir_planks":5,"minecraft:fletching_table":1,"butchersdelight:skullcow":4,"minecraft:crafting_table":2,"minecraft:blast_furnace":5,"minecraft:spruce_log":1,"minecraft:wooden_hoe":27,"minecraft:dark_oak_log":3,"minecraft:sunflower":1,"minecraft:bread":74,"minecraft:map":1,"minecraft:stone_axe":164,"minecraft:cobblestone":37,"minecraft:andesite":5,"minecraft:yellow_bed":12,"biomesoplenty:fir_log":11,"butchersdelight:rack":1},"minecraft:picked_up":{"minecraft:crafting_table":1,"butchersdelightfoods:legcow":1,"simplefarming:turnip_seeds":1,"minecraft:smithing_table":1,"minecraft:string":4,"minecraft:raw_copper":32,"butchersdelight:dead_cow":7,"minecraft:spruce_planks":1,"minecraft:beef":1,"minecraft:rose_bush":1,"minecraft:poppy":2,"ic2:hemp_seeds":13,"farmersdelight:cabbage_seeds":2,"bakingmod:salt":6,"minecraft:stick":29,"minecraft:sandstone":50,"minecraft:torch":10,"sophisticatedbackpacks:backpack":2,"tconstruct:sky_slime_dirt":2,"minecraft:diorite":17,"butchersdelight:deadsheep":3,"minecraft:stone_sword":1,"minecraft:arrow":6,"minecraft:rotten_flesh":15,"minecraft:peony":2,"minecraft:hay_block":19,"sophisticatedbackpacks:copper_backpack":1,"minecraft:saddle":1,"minecraft:white_wool":3,"tconstruct:earth_slime_sapling":1,"minecraft:skeleton_skull":1,"minecraft:cobblestone":711,"butchersdelightfoods:beeftenderloin":1,"minecraft:lilac":1,"simplefarming:soybean_seeds":1,"minecraft:andesite":19,"biomesoplenty:fir_sapling":61,"biomesoplenty:fir_log":258,"alexsmobs:cachalot_whale_tooth":1,"minecraft:oak_log":10,"minecraft:yellow_bed":10,"minecraft:gunpowder":2,"minecraft:cobblestone_stairs":1,"minecraft:dirt":109,"minecraft:lantern":1,"butchersdelight:deadchiken":1,"minecraft:bone":8,"minecraft:wheat_seeds":5,"minecraft:iron_ingot":3,"simplefarming:blueberry_bush":2,"ic2:rubber_sapling":22,"minecraft:gray_candle":3,"minecraft:oak_planks":2,"simplefarming:radish_seeds":1,"ic2:raw_tin":71,"car:canola_seeds":1,"minecraft:dandelion":1,"butchersdelight:skullcow":4,"butchersdelight:cow_hide":16,"minecraft:sand":17,"minecraft:amethyst_shard":1,"minecraft:blast_furnace":4,"minecraft:ink_sac":11,"simplefarming:squash_seeds":2,"minecraft:spruce_log":1,"butchersdelightfoods:beefribs":1,"minecraft:dark_oak_log":3,"minecraft:spider_eye":2,"minecraft:slime_ball":220,"waystones:waystone":2,"ic2:rubber_wood":69,"ic2:sticky_resin":7,"minecraft:iron_helmet":1,"minecraft:granite":11,"alexsmobs:maggot":1,"minecraft:oak_sapling":11,"butchersdelight:hook":1,"simplefarming:cassava_seeds":1,"minecraft:coal":146,"minecraft:sunflower":2},"minecraft:broken":{"minecraft:stone_sword":2,"minecraft:stone_axe":2,"easyhammers:stone_hammer":1,"minecraft:iron_helmet":1},"minecraft:killed":{"minecraft:witch":1,"minecraft:spider":4,"alexsmobs:seagull":1,"minecraft:skeleton":8,"alexsmobs:banana_slug":1,"minecraft:iron_golem":1,"minecraft:creeper":2,"minecraft:sheep":3,"minecraft:pillager":4,"minecraft:zombie":22},"minecraft:mined":{"minecraft:spruce_planks":1,"minecraft:dark_oak_log":2,"ic2:rubber_sapling":3,"ic2:rubber_wood":69,"ic2:tin_ore":8,"minecraft:grass_block":57,"minecraft:sandstone":6,"minecraft:hay_block":19,"minecraft:andesite":3,"minecraft:peony":2,"minecraft:dirt_path":2,"butchersdelight:skullcow":2,"minecraft:stone":70,"tconstruct:earth_congealed_slime":55,"simplefarming:blueberry_bush":3,"minecraft:smithing_table":1,"ic2:rubber_leaves":42,"minecraft:dandelion":1,"minecraft:crafting_table":1,"minecraft:torch":2,"minecraft:blast_furnace":4,"minecraft:chest":1,"minecraft:rose_bush":1,"minecraft:tall_grass":3,"minecraft:copper_ore":1,"minecraft:cobblestone":1,"biomesoplenty:sprout":3,"minecraft:diorite":2,"minecraft:wall_torch":4,"minecraft:skeleton_skull":1,"minecraft:lilac":1,"minecraft:spruce_log":1,"minecraft:birch_leaves":20,"biomesoplenty:fir_log":263,"minecraft:yellow_bed":10,"minecraft:grass":45,"tconstruct:earth_sky_slime_grass":2,"minecraft:oak_log":10,"minecraft:coal_ore":33,"minecraft:sunflower":3,"minecraft:sand":15,"minecraft:dirt":27,"biomesoplenty:fir_sapling":1,"minecraft:oak_leaves":21,"minecraft:fern":3,"minecraft:gray_candle":1},"minecraft:crafted":{"minecraft:smooth_stone":14,"minecraft:oak_planks":40,"minecraft:stone_shovel":1,"minecraft:iron_nugget":27,"minecraft:furnace":2,"minecraft:stone_button":36,"minecraft:blast_furnace":1,"minecraft:slime_block":6,"minecraft:stone":50,"securitycraft:keypad_item":4,"sophisticatedbackpacks:crafting_upgrade":1,"minecraft:heavy_weighted_pressure_plate":4,"butchersdelight:rack":1,"usefulslime:slime_sling":2,"minecraft:iron_boots":1,"minecraft:iron_axe":1,"minecraft:chest":4,"sophisticatedbackpacks:iron_backpack":1,"minecraft:wheat":171,"minecraft:cooked_beef":1,"minecraft:cooked_cod":64,"minecraft:emerald":56,"sophisticatedbackpacks:backpack":2,"butchersdelight:hook":1,"minecraft:crafting_table":1,"minecraft:spruce_planks":88,"minecraft:fletching_table":1,"butchersdelight:cleaver":2,"minecraft:stone_axe":1,"sophisticatedbackpacks:upgrade_base":1,"minecraft:bread":61,"minecraft:air":0,"biomesoplenty:fir_planks":988,"minecraft:wooden_hoe":1,"easyhammers:grass_hammer":1,"minecraft:stick":1972,"minecraft:stone_sword":1,"easyhammers:stone_hammer":1,"usefulslime:slime_boots":2,"minecraft:torch":16},"minecraft:dropped":{"minecraft:bread":7,"minecraft:wheat_seeds":5,"minecraft:lilac":1,"simplefarming:blueberry_bush":2,"ic2:wiki_item":1,"usefulslime:slime_sling":1,"simplefarming:radish_seeds":1,"simplefarming:turnip_seeds":1,"minecraft:stick":1,"minecraft:cobblestone_stairs":1,"simplefarming:soybean_seeds":1,"tconstruct:materials_and_you":1,"usefulslime:slime_boots":1,"relics:aqua_walker":1,"minecraft:amethyst_shard":1,"minecraft:sunflower":1,"simplefarming:squash_seeds":2,"minecraft:dandelion":1,"butchersdelight:cow_hide":1,"ic2:hemp_seeds":11,"minecraft:stone_sword":1,"alexsmobs:animal_dictionary":1,"butchersdelight:cleaver":2,"minecraft:rotten_flesh":8,"sophisticatedbackpacks:backpack":2,"simplefarming:cassava_seeds":1,"minecraft:filled_map":1,"minecraft:peony":2,"minecraft:oak_sapling":11,"easyhammers:grass_hammer":1,"minecraft:spider_eye":1,"pfm:furniture_book":1}},"DataVersion":3120}