{"stats":{"minecraft:custom":{"minecraft:mob_kills":29,"minecraft:animals_bred":8,"minecraft:interact_with_crafting_table":38,"minecraft:open_barrel":38,"minecraft:leave_game":6,"minecraft:time_since_death":240529,"minecraft:climb_one_cm":933,"minecraft:sprint_one_cm":945634,"minecraft:walk_one_cm":266819,"minecraft:drop":44,"minecraft:damage_dealt_absorbed":60,"minecraft:play_time":240529,"minecraft:sneak_time":3483,"minecraft:walk_under_water_one_cm":22745,"minecraft:jump":3995,"minecraft:walk_on_water_one_cm":8526,"minecraft:total_world_time":240529,"minecraft:interact_with_furnace":18,"minecraft:traded_with_villager":40,"minecraft:sleep_in_bed":20,"minecraft:time_since_rest":5425,"minecraft:waystone_activated":1,"minecraft:damage_taken":1837,"minecraft:damage_dealt":7373,"minecraft:swim_one_cm":73514,"minecraft:fly_one_cm":1435035,"minecraft:open_chest":206,"minecraft:crouch_one_cm":5088,"minecraft:fall_one_cm":115504},"minecraft:used":{"minecraft:stone_sword":154,"minecraft:rose_bush":1,"minecraft:stone_shovel":117,"minecraft:chest":1,"minecraft:spruce_planks":6,"butchersdelight:hook":2,"minecraft:torch":23,"minecraft:dirt":52,"securitycraft:keypad_item":4,"biomesoplenty:fir_sapling":37,"minecraft:iron_axe":213,"minecraft:furnace":1,"minecraft:cooked_cod":4,"ic2:rubber_sapling":15,"minecraft:cooked_beef":1,"easyhammers:grass_hammer":3,"easyhammers:stone_hammer":132,"minecraft:oak_planks":1,"minecraft:leather_chestplate":1,"biomesoplenty:fir_planks":5,"minecraft:fletching_table":1,"butchersdelight:skullcow":4,"minecraft:crafting_table":2,"minecraft:blast_furnace":3,"minecraft:spruce_log":1,"minecraft:wooden_hoe":27,"minecraft:dark_oak_log":3,"minecraft:sunflower":1,"minecraft:bread":74,"minecraft:map":1,"minecraft:stone_axe":164,"minecraft:cobblestone":37,"minecraft:andesite":5,"minecraft:yellow_bed":11,"biomesoplenty:fir_log":11,"butchersdelight:rack":1},"minecraft:picked_up":{"minecraft:crafting_table":1,"butchersdelightfoods:legcow":1,"simplefarming:turnip_seeds":1,"minecraft:smithing_table":1,"minecraft:string":2,"minecraft:raw_copper":32,"butchersdelight:dead_cow":7,"minecraft:spruce_planks":1,"minecraft:beef":1,"minecraft:rose_bush":1,"minecraft:poppy":2,"ic2:hemp_seeds":12,"farmersdelight:cabbage_seeds":2,"bakingmod:salt":6,"minecraft:stick":29,"minecraft:sandstone":50,"minecraft:torch":10,"sophisticatedbackpacks:backpack":1,"tconstruct:sky_slime_dirt":2,"minecraft:diorite":17,"minecraft:stone_sword":1,"minecraft:arrow":4,"minecraft:rotten_flesh":10,"minecraft:peony":2,"minecraft:hay_block":19,"sophisticatedbackpacks:copper_backpack":1,"minecraft:saddle":1,"tconstruct:earth_slime_sapling":1,"minecraft:skeleton_skull":1,"minecraft:cobblestone":711,"butchersdelightfoods:beeftenderloin":1,"minecraft:lilac":1,"simplefarming:soybean_seeds":1,"minecraft:andesite":19,"biomesoplenty:fir_sapling":61,"biomesoplenty:fir_log":258,"alexsmobs:cachalot_whale_tooth":1,"minecraft:oak_log":10,"minecraft:yellow_bed":9,"minecraft:gunpowder":1,"minecraft:dirt":109,"minecraft:lantern":1,"butchersdelight:deadchiken":1,"minecraft:bone":5,"minecraft:wheat_seeds":5,"minecraft:iron_ingot":3,"ic2:rubber_sapling":22,"minecraft:gray_candle":3,"minecraft:oak_planks":2,"simplefarming:radish_seeds":1,"ic2:raw_tin":71,"car:canola_seeds":1,"minecraft:dandelion":1,"butchersdelight:skullcow":4,"butchersdelight:cow_hide":16,"minecraft:sand":17,"minecraft:amethyst_shard":1,"minecraft:blast_furnace":2,"minecraft:ink_sac":11,"simplefarming:squash_seeds":1,"minecraft:spruce_log":1,"butchersdelightfoods:beefribs":1,"minecraft:dark_oak_log":3,"minecraft:spider_eye":1,"minecraft:slime_ball":220,"waystones:waystone":2,"ic2:rubber_wood":69,"ic2:sticky_resin":7,"minecraft:iron_helmet":1,"minecraft:granite":11,"minecraft:oak_sapling":11,"butchersdelight:hook":1,"simplefarming:cassava_seeds":1,"minecraft:coal":146,"minecraft:sunflower":2},"minecraft:broken":{"minecraft:stone_sword":1,"minecraft:stone_axe":2,"easyhammers:stone_hammer":1,"minecraft:iron_helmet":1},"minecraft:killed":{"minecraft:witch":1,"minecraft:spider":1,"alexsmobs:seagull":1,"minecraft:skeleton":5,"alexsmobs:banana_slug":1,"minecraft:iron_golem":1,"minecraft:creeper":1,"minecraft:pillager":4,"minecraft:zombie":13},"minecraft:mined":{"minecraft:spruce_planks":1,"minecraft:dark_oak_log":2,"ic2:rubber_sapling":3,"ic2:rubber_wood":69,"ic2:tin_ore":8,"minecraft:grass_block":57,"minecraft:sandstone":6,"minecraft:hay_block":19,"minecraft:andesite":3,"minecraft:peony":2,"minecraft:dirt_path":2,"butchersdelight:skullcow":2,"minecraft:stone":70,"tconstruct:earth_congealed_slime":55,"minecraft:smithing_table":1,"ic2:rubber_leaves":42,"minecraft:dandelion":1,"minecraft:crafting_table":1,"minecraft:torch":2,"minecraft:blast_furnace":2,"minecraft:chest":1,"minecraft:rose_bush":1,"minecraft:tall_grass":3,"minecraft:copper_ore":1,"minecraft:cobblestone":1,"biomesoplenty:sprout":1,"minecraft:diorite":2,"minecraft:wall_torch":3,"minecraft:skeleton_skull":1,"minecraft:lilac":1,"minecraft:spruce_log":1,"minecraft:birch_leaves":20,"biomesoplenty:fir_log":263,"minecraft:yellow_bed":9,"minecraft:grass":39,"tconstruct:earth_sky_slime_grass":2,"minecraft:oak_log":10,"minecraft:coal_ore":33,"minecraft:sunflower":3,"minecraft:sand":15,"minecraft:dirt":27,"biomesoplenty:fir_sapling":1,"minecraft:oak_leaves":21,"minecraft:fern":3,"minecraft:gray_candle":1},"minecraft:crafted":{"minecraft:smooth_stone":14,"minecraft:oak_planks":40,"minecraft:stone_shovel":1,"minecraft:iron_nugget":27,"minecraft:furnace":2,"minecraft:stone_button":36,"minecraft:blast_furnace":1,"minecraft:slime_block":5,"minecraft:stone":50,"securitycraft:keypad_item":4,"sophisticatedbackpacks:crafting_upgrade":1,"minecraft:heavy_weighted_pressure_plate":4,"butchersdelight:rack":1,"usefulslime:slime_sling":1,"minecraft:iron_axe":1,"minecraft:chest":4,"sophisticatedbackpacks:iron_backpack":1,"minecraft:wheat":171,"minecraft:cooked_beef":1,"minecraft:cooked_cod":11,"minecraft:emerald":40,"sophisticatedbackpacks:backpack":2,"butchersdelight:hook":1,"minecraft:crafting_table":1,"minecraft:spruce_planks":88,"minecraft:fletching_table":1,"butchersdelight:cleaver":2,"minecraft:stone_axe":1,"sophisticatedbackpacks:upgrade_base":1,"minecraft:bread":61,"minecraft:air":0,"biomesoplenty:fir_planks":732,"minecraft:wooden_hoe":1,"easyhammers:grass_hammer":1,"minecraft:stick":1460,"minecraft:stone_sword":1,"easyhammers:stone_hammer":1,"usefulslime:slime_boots":2,"minecraft:torch":16},"minecraft:dropped":{"minecraft:bread":7,"minecraft:wheat_seeds":5,"minecraft:lilac":1,"ic2:wiki_item":1,"usefulslime:slime_sling":1,"simplefarming:radish_seeds":1,"simplefarming:turnip_seeds":1,"minecraft:stick":1,"simplefarming:soybean_seeds":1,"tconstruct:materials_and_you":1,"usefulslime:slime_boots":1,"minecraft:amethyst_shard":1,"minecraft:sunflower":1,"simplefarming:squash_seeds":1,"minecraft:dandelion":1,"butchersdelight:cow_hide":1,"ic2:hemp_seeds":10,"minecraft:stone_sword":1,"alexsmobs:animal_dictionary":1,"butchersdelight:cleaver":2,"minecraft:rotten_flesh":5,"sophisticatedbackpacks:backpack":1,"simplefarming:cassava_seeds":1,"minecraft:filled_map":1,"minecraft:peony":2,"minecraft:oak_sapling":11,"easyhammers:grass_hammer":1,"pfm:furniture_book":1}},"DataVersion":3120}