{"stats":{"minecraft:custom":{"minecraft:interact_with_smithing_table":2,"minecraft:mob_kills":72,"minecraft:animals_bred":8,"minecraft:interact_with_crafting_table":54,"minecraft:open_barrel":48,"minecraft:leave_game":7,"minecraft:time_since_death":373506,"minecraft:climb_one_cm":933,"minecraft:sprint_one_cm":1703031,"minecraft:walk_one_cm":482898,"minecraft:drop":84,"minecraft:damage_dealt_absorbed":140,"minecraft:play_time":373506,"minecraft:sneak_time":7651,"minecraft:walk_under_water_one_cm":24871,"minecraft:interact_with_brewingstand":1,"minecraft:jump":5763,"minecraft:walk_on_water_one_cm":18888,"minecraft:total_world_time":373506,"minecraft:interact_with_furnace":21,"minecraft:traded_with_villager":82,"minecraft:sleep_in_bed":24,"minecraft:time_since_rest":52878,"minecraft:waystone_activated":1,"minecraft:damage_taken":3581,"minecraft:damage_dealt":16100,"minecraft:swim_one_cm":89989,"minecraft:fly_one_cm":2160108,"minecraft:open_chest":255,"minecraft:crouch_one_cm":17040,"minecraft:interact_with_smoker":1,"minecraft:fall_one_cm":133340},"minecraft:used":{"minecraft:stone_sword":286,"minecraft:rose_bush":2,"minecraft:stone_shovel":125,"sophisticatedbackpacks:copper_backpack":1,"minecraft:chest":3,"minecraft:spruce_planks":6,"butchersdelight:hook":2,"minecraft:torch":41,"minecraft:dirt":58,"securitycraft:keypad_item":4,"minecraft:tuff":1,"ic2:iron_furnace":1,"minecraft:iron_axe":457,"biomesoplenty:fir_sapling":87,"minecraft:furnace":1,"minecraft:cooked_cod":65,"ic2:rubber_sapling":15,"minecraft:cooked_beef":1,"minecraft:cobbled_deepslate":213,"easyhammers:grass_hammer":3,"easyhammers:stone_hammer":372,"minecraft:oak_planks":1,"biomesoplenty:fir_planks":12,"minecraft:leather_chestplate":1,"minecraft:fletching_table":1,"butchersdelight:skullcow":4,"minecraft:crafting_table":3,"minecraft:blast_furnace":5,"minecraft:spruce_log":1,"minecraft:wooden_hoe":27,"minecraft:iron_pickaxe":4,"minecraft:dark_oak_log":3,"minecraft:sunflower":4,"minecraft:bread":74,"minecraft:map":1,"minecraft:stone_axe":164,"easyhammers:iron_hammer":116,"minecraft:cobblestone":72,"minecraft:andesite":5,"minecraft:yellow_bed":12,"biomesoplenty:fir_log":12,"minecraft:bone_meal":6,"butchersdelight:rack":1},"minecraft:picked_up":{"minecraft:crafting_table":1,"butchersdelightfoods:legcow":1,"simplefarming:turnip_seeds":1,"minecraft:smithing_table":1,"minecraft:string":4,"minecraft:raw_copper":40,"butchersdelight:dead_cow":7,"minecraft:cobbled_deepslate":1111,"biomesoplenty:fir_planks":7,"minecraft:spruce_planks":1,"minecraft:beef":1,"minecraft:rose_bush":3,"minecraft:poppy":2,"ic2:hemp_seeds":16,"farmersdelight:cabbage_seeds":2,"bakingmod:salt":11,"minecraft:furnace":1,"minecraft:raw_iron":210,"minecraft:stick":53,"minecraft:sandstone":50,"minecraft:torch":17,"sophisticatedbackpacks:backpack":2,"tconstruct:sky_slime_dirt":2,"minecraft:diorite":94,"minecraft:redstone":90,"minecraft:stone_sword":1,"minecraft:arrow":15,"butchersdelight:deadsheep":3,"minecraft:rotten_flesh":23,"minecraft:peony":2,"minecraft:hay_block":19,"relics:aqua_walker":1,"minecraft:saddle":1,"sophisticatedbackpacks:copper_backpack":1,"tconstruct:earth_slime_sapling":1,"minecraft:skeleton_skull":1,"minecraft:white_wool":43,"minecraft:cobblestone":1485,"butchersdelightfoods:beeftenderloin":1,"minecraft:feather":3,"minecraft:lilac":1,"simplefarming:soybean_seeds":1,"artifacts:novelty_drinking_hat":1,"minecraft:andesite":42,"ic2:ore_uranium":16,"biomesoplenty:fir_sapling":114,"biomesoplenty:fir_log":446,"alexsmobs:cachalot_whale_tooth":1,"minecraft:flint":1,"minecraft:tuff":196,"minecraft:oak_log":10,"minecraft:yellow_bed":10,"minecraft:gunpowder":2,"minecraft:cobblestone_stairs":1,"minecraft:lapis_lazuli":124,"minecraft:dirt":115,"minecraft:lantern":1,"butchersdelight:deadchiken":1,"minecraft:bone":21,"minecraft:bow":2,"minecraft:wheat_seeds":7,"minecraft:raw_gold":101,"minecraft:iron_ingot":3,"simplefarming:blueberry_bush":2,"ic2:rubber_sapling":22,"minecraft:gray_candle":3,"minecraft:oak_planks":2,"simplefarming:radish_seeds":1,"minecraft:gravel":10,"ic2:raw_tin":144,"car:canola_seeds":1,"minecraft:dandelion":1,"butchersdelight:skullcow":7,"butchersdelight:cow_hide":16,"minecraft:sand":17,"minecraft:amethyst_shard":1,"minecraft:blast_furnace":4,"minecraft:ink_sac":11,"simplefarming:squash_seeds":2,"minecraft:spruce_log":1,"simplefarming:raspberry_bush":1,"butchersdelightfoods:beefribs":1,"minecraft:dark_oak_log":3,"minecraft:spider_eye":2,"minecraft:slime_ball":220,"minecraft:diamond":13,"ic2:raw_silver":105,"waystones:waystone":2,"ic2:rubber_wood":69,"ic2:sticky_resin":7,"minecraft:iron_helmet":1,"minecraft:granite":83,"alexsmobs:maggot":1,"minecraft:oak_sapling":11,"butchersdelight:hook":1,"simplefarming:cassava_seeds":1,"minecraft:coal":154,"minecraft:ender_pearl":1,"minecraft:sunflower":5},"minecraft:broken":{"minecraft:stone_sword":2,"minecraft:iron_axe":1,"minecraft:stone_axe":2,"easyhammers:stone_hammer":2,"minecraft:iron_helmet":1},"minecraft:killed":{"minecraft:witch":1,"minecraft:spider":4,"alexsmobs:murmur":1,"alexsmobs:seagull":3,"minecraft:skeleton":16,"alexsmobs:banana_slug":1,"artifacts:mimic":1,"minecraft:iron_golem":1,"minecraft:creeper":2,"minecraft:sheep":3,"minecraft:pillager":6,"minecraft:zombie":31,"minecraft:enderman":1},"minecraft:mined":{"minecraft:tuff":14,"minecraft:spruce_planks":1,"minecraft:deepslate_diamond_ore":5,"minecraft:dark_oak_log":2,"ic2:rubber_sapling":3,"ic2:deepslate_tin_ore":1,"ic2:rubber_wood":69,"ic2:uranium_ore":2,"minecraft:granite":5,"ic2:tin_ore":16,"minecraft:grass_block":59,"minecraft:sandstone":6,"minecraft:large_fern":1,"minecraft:hay_block":19,"minecraft:redstone_ore":4,"minecraft:furnace":1,"minecraft:iron_ore":35,"minecraft:cobbled_deepslate":1,"minecraft:andesite":3,"minecraft:deepslate_lapis_ore":3,"minecraft:peony":2,"minecraft:deepslate_iron_ore":33,"minecraft:dirt_path":2,"butchersdelight:skullcow":5,"tconstruct:earth_congealed_slime":55,"minecraft:stone":142,"minecraft:white_wool":40,"simplefarming:blueberry_bush":3,"minecraft:smithing_table":1,"ic2:rubber_leaves":42,"minecraft:dandelion":1,"minecraft:crafting_table":1,"minecraft:torch":4,"minecraft:blast_furnace":4,"biomesoplenty:fir_planks":7,"minecraft:chest":1,"minecraft:rose_bush":3,"ic2:silver_ore":1,"minecraft:copper_ore":1,"minecraft:tall_grass":3,"minecraft:cobblestone":1,"minecraft:deepslate_gold_ore":29,"biomesoplenty:sprout":6,"minecraft:lapis_ore":1,"minecraft:diorite":9,"minecraft:wall_torch":7,"minecraft:skeleton_skull":1,"minecraft:sweet_berry_bush":1,"ic2:deepslate_uranium_ore":5,"minecraft:lilac":1,"ic2:deepslate_silver_ore":23,"minecraft:spruce_log":1,"minecraft:birch_leaves":20,"biomesoplenty:fir_log":454,"minecraft:yellow_bed":10,"minecraft:grass":63,"tconstruct:earth_sky_slime_grass":2,"minecraft:oak_log":10,"minecraft:coal_ore":33,"minecraft:gravel":10,"minecraft:sand":15,"minecraft:sunflower":8,"minecraft:dirt":31,"biomesoplenty:fir_sapling":9,"minecraft:gold_ore":4,"minecraft:deepslate":95,"minecraft:oak_leaves":21,"minecraft:fern":6,"minecraft:gray_candle":1},"minecraft:crafted":{"minecraft:smooth_stone":14,"minecraft:oak_planks":40,"minecraft:stone_shovel":2,"easyhammers:iron_hammer":1,"minecraft:iron_nugget":27,"minecraft:furnace":2,"minecraft:stone_button":36,"minecraft:blast_furnace":1,"minecraft:slime_block":9,"minecraft:stone":50,"minecraft:bone_meal":21,"securitycraft:keypad_item":4,"sophisticatedbackpacks:crafting_upgrade":1,"minecraft:heavy_weighted_pressure_plate":4,"butchersdelight:rack":1,"usefulslime:slime_sling":3,"minecraft:iron_boots":1,"minecraft:iron_axe":2,"butchersdelight:roaster":1,"minecraft:chest":6,"sophisticatedbackpacks:iron_backpack":1,"minecraft:wheat":171,"minecraft:cooked_beef":1,"minecraft:cooked_cod":64,"minecraft:emerald":79,"sophisticatedbackpacks:backpack":2,"butchersdelight:hook":1,"minecraft:crafting_table":1,"minecraft:spruce_planks":96,"minecraft:fletching_table":1,"butchersdelight:cleaver":2,"minecraft:stone_axe":1,"sophisticatedbackpacks:upgrade_base":1,"minecraft:bread":61,"minecraft:air":0,"biomesoplenty:fir_planks":1500,"minecraft:iron_chestplate":2,"minecraft:wooden_hoe":1,"easyhammers:grass_hammer":1,"minecraft:stick":2964,"minecraft:iron_pickaxe":1,"minecraft:wooden_axe":1,"minecraft:stone_sword":2,"easyhammers:stone_hammer":2,"usefulslime:slime_boots":3,"minecraft:torch":16,"ic2:iron_furnace":1},"minecraft:dropped":{"minecraft:bread":7,"minecraft:wheat_seeds":6,"minecraft:lilac":1,"simplefarming:blueberry_bush":2,"ic2:wiki_item":1,"usefulslime:slime_sling":2,"minecraft:feather":1,"simplefarming:radish_seeds":1,"simplefarming:turnip_seeds":1,"minecraft:stick":1,"minecraft:cobblestone_stairs":1,"simplefarming:soybean_seeds":1,"tconstruct:materials_and_you":1,"usefulslime:slime_boots":2,"minecraft:rose_bush":1,"minecraft:cooked_cod":28,"relics:aqua_walker":1,"minecraft:amethyst_shard":1,"minecraft:sunflower":1,"simplefarming:squash_seeds":3,"ic2:hemp_seeds":20,"minecraft:dandelion":1,"butchersdelight:cow_hide":1,"car:canola_seeds":1,"alexsmobs:animal_dictionary":1,"minecraft:stone_sword":1,"butchersdelight:cleaver":2,"minecraft:rotten_flesh":15,"simplefarming:raspberries":2,"sophisticatedbackpacks:backpack":3,"simplefarming:cassava_seeds":1,"minecraft:poppy":2,"minecraft:filled_map":1,"minecraft:peony":2,"minecraft:iron_chestplate":1,"minecraft:oak_sapling":11,"easyhammers:grass_hammer":1,"minecraft:spider_eye":1,"pfm:furniture_book":1}},"DataVersion":3120}