{"stats":{"minecraft:broken":{"minecraft:iron_shovel":1,"minecraft:stone_axe":2,"minecraft:stone_shovel":5,"ic2:tree_tap":5,"minecraft:stone_sword":4,"minecraft:iron_axe":1,"easyhammers:stone_hammer":4,"minecraft:iron_helmet":1},"minecraft:dropped":{"ic2:wiki_item":1,"usefulslime:slime_sling":2,"simplefarming:radish_seeds":1,"minecraft:cobblestone_stairs":1,"tconstruct:materials_and_you":1,"usefulslime:slime_boots":2,"minecraft:cooked_cod":28,"relics:aqua_walker":1,"minecraft:amethyst_shard":1,"minecraft:sunflower":1,"simplefarming:squash_seeds":3,"butchersdelight:cow_hide":1,"ic2:hemp_seeds":22,"alexsmobs:animal_dictionary":1,"butchersdelight:cleaver":2,"minecraft:rotten_flesh":15,"simplefarming:cassava_seeds":1,"minecraft:poppy":2,"easyhammers:grass_hammer":1,"minecraft:bread":7,"minecraft:wheat_seeds":6,"minecraft:lilac":1,"simplefarming:blueberry_bush":2,"simplefarming:turnip_seeds":1,"minecraft:iron_helmet":2,"minecraft:feather":1,"minecraft:stick":1,"simplefarming:soybean_seeds":1,"minecraft:rose_bush":1,"minecraft:dandelion":1,"car:canola_seeds":1,"minecraft:stone_sword":1,"minecraft:stone_shovel":1,"simplefarming:raspberries":2,"sophisticatedbackpacks:backpack":3,"minecraft:filled_map":1,"minecraft:peony":2,"minecraft:iron_chestplate":1,"minecraft:oak_sapling":11,"minecraft:spider_eye":1,"pfm:furniture_book":1,"minecraft:slime_ball":32},"minecraft:crafted":{"minecraft:oak_planks":40,"minecraft:smooth_stone":14,"minecraft:slime_block":9,"minecraft:stone":50,"securitycraft:keypad_item":4,"sophisticatedbackpacks:crafting_upgrade":1,"minecraft:heavy_weighted_pressure_plate":4,"car:cable":8,"butchersdelight:rack":1,"usefulslime:slime_sling":3,"minecraft:iron_boots":1,"minecraft:chest":9,"ic2:wrench":1,"ic2:macerator":1,"sophisticatedbackpacks:backpack":2,"minecraft:emerald":111,"minecraft:crafting_table":1,"minecraft:spruce_planks":96,"minecraft:fletching_table":1,"butchersdelight:cleaver":2,"sophisticatedbackpacks:upgrade_base":1,"ic2:cell_empty":16,"biomesoplenty:fir_planks":2024,"ic2:generator":5,"minecraft:wooden_hoe":1,"minecraft:iron_chestplate":2,"ic2:extractor":1,"ic2:batbox":1,"minecraft:stick":3988,"minecraft:iron_pickaxe":1,"minecraft:stone_sword":3,"easyhammers:stone_hammer":3,"usefulslime:slime_boots":3,"ic2:iron_furnace":7,"minecraft:stone_shovel":4,"easyhammers:iron_hammer":1,"ic2:copper_insulated_cable_item":96,"minecraft:iron_nugget":27,"ic2:dust_bronze":8,"minecraft:furnace":5,"minecraft:stone_button":36,"minecraft:blast_furnace":1,"minecraft:bone_meal":21,"ic2:re_battery":8,"minecraft:iron_axe":2,"butchersdelight:roaster":1,"ic2:machine_block":2,"minecraft:wheat":171,"sophisticatedbackpacks:iron_backpack":1,"minecraft:cooked_beef":1,"minecraft:cooked_cod":64,"butchersdelight:hook":1,"ic2:circuit":14,"ic2:treetap_and_bucket":1,"ic2:tree_tap":7,"ic2:electric_furnace":2,"minecraft:bucket":2,"minecraft:stone_axe":1,"minecraft:bread":61,"minecraft:air":0,"car:cable_insulator":16,"ic2:solar_panel":5,"easyhammers:grass_hammer":1,"minecraft:wooden_axe":1,"minecraft:iron_shovel":1,"minecraft:torch":16},"minecraft:killed":{"minecraft:cave_spider":3,"minecraft:witch":1,"minecraft:spider":5,"alexsmobs:murmur":1,"minecraft:skeleton":20,"alexsmobs:banana_slug":1,"artifacts:mimic":1,"minecraft:iron_golem":1,"minecraft:creeper":3,"minecraft:sheep":3,"minecraft:pillager":6,"minecraft:zombie":36,"alexsmobs:seagull":3,"minecraft:enderman":1},"minecraft:mined":{"minecraft:spruce_planks":1,"minecraft:white_bed":2,"ic2:iron_furnace":2,"tconstruct:sky_slime_crystal_block":2,"ic2:rubber_wood":69,"minecraft:granite":7,"ic2:tin_ore":24,"minecraft:grass_block":400,"minecraft:spawner":2,"minecraft:iron_ore":47,"minecraft:cobbled_deepslate":1,"ic2:copper_cable":17,"minecraft:deepslate_lapis_ore":3,"minecraft:dirt_path":75,"ic2:solar_panel":1,"ic2:rubber_leaves":191,"minecraft:torch":12,"minecraft:blast_furnace":4,"minecraft:chest":2,"ic2:silver_ore":1,"minecraft:cobblestone":1,"minecraft:wall_torch":13,"minecraft:skeleton_skull":1,"minecraft:lilac":1,"ic2:deepslate_uranium_ore":5,"ic2:deepslate_silver_ore":23,"biomesoplenty:fir_log":1011,"ic2:generator":1,"minecraft:grass":81,"tconstruct:earth_sky_slime_grass":2,"minecraft:oak_log":10,"ic2:treetap_and_bucket":1,"minecraft:sand":69,"minecraft:dirt":513,"biomesoplenty:fir_sapling":9,"car:cable":4,"minecraft:oak_leaves":21,"minecraft:deepslate":95,"minecraft:gray_candle":1,"minecraft:tuff":14,"minecraft:mossy_cobblestone":1,"minecraft:deepslate_diamond_ore":5,"minecraft:dark_oak_log":2,"ic2:rubber_sapling":3,"ic2:deepslate_tin_ore":1,"ic2:uranium_ore":2,"minecraft:sandstone":6,"tconstruct:sky_slime_crystal_cluster":4,"minecraft:large_fern":1,"minecraft:hay_block":19,"minecraft:redstone_ore":4,"minecraft:furnace":1,"minecraft:andesite":7,"minecraft:peony":2,"minecraft:deepslate_iron_ore":33,"butchersdelight:skullcow":5,"minecraft:stone":256,"tconstruct:earth_congealed_slime":55,"minecraft:white_wool":40,"simplefarming:blueberry_bush":3,"minecraft:smithing_table":1,"minecraft:dandelion":1,"minecraft:crafting_table":1,"biomesoplenty:fir_planks":7,"minecraft:rose_bush":3,"minecraft:tall_grass":3,"minecraft:copper_ore":13,"minecraft:lapis_ore":1,"biomesoplenty:sprout":6,"minecraft:deepslate_gold_ore":29,"minecraft:diorite":9,"minecraft:sweet_berry_bush":1,"minecraft:spruce_log":1,"minecraft:birch_leaves":20,"minecraft:yellow_bed":12,"minecraft:coal_ore":39,"ic2:batbox":1,"minecraft:sunflower":8,"minecraft:gravel":34,"minecraft:cobweb":74,"minecraft:gold_ore":4,"butchersdelight:rackcow":1,"minecraft:fern":6},"minecraft:used":{"minecraft:iron_shovel":254,"sophisticatedbackpacks:copper_backpack":1,"minecraft:chest":12,"ic2:electric_furnace":2,"butchersdelight:hook":2,"securitycraft:keypad_item":4,"ic2:copper_insulated_cable_item":35,"minecraft:tuff":1,"biomesoplenty:fir_sapling":133,"minecraft:furnace":1,"minecraft:cooked_cod":69,"easyhammers:stone_hammer":522,"minecraft:oak_planks":1,"minecraft:leather_chestplate":1,"biomesoplenty:fir_planks":12,"minecraft:diamond_axe":569,"butchersdelight:skullcow":4,"ic2:batbox":2,"minecraft:blast_furnace":5,"ic2:macerator":1,"minecraft:dark_oak_log":3,"minecraft:bread":108,"ic2:solar_panel":5,"minecraft:gravel":24,"minecraft:andesite":5,"minecraft:bone_meal":6,"minecraft:rose_bush":2,"minecraft:stone_sword":436,"minecraft:stone_shovel":830,"minecraft:spruce_planks":6,"ic2:tree_tap":80,"butchersdelightfoods:cooked_leg_cow":2,"minecraft:torch":88,"minecraft:dirt":416,"ic2:iron_furnace":2,"minecraft:iron_axe":457,"ic2:treetap_and_bucket":2,"ic2:extractor":1,"ic2:rubber_sapling":15,"minecraft:cooked_beef":1,"minecraft:cobbled_deepslate":213,"easyhammers:grass_hammer":3,"minecraft:fletching_table":1,"car:cable":4,"minecraft:crafting_table":4,"minecraft:white_bed":5,"minecraft:spruce_log":1,"minecraft:wooden_hoe":27,"minecraft:sunflower":4,"minecraft:iron_pickaxe":20,"minecraft:map":1,"minecraft:stone_axe":164,"easyhammers:iron_hammer":127,"minecraft:cobblestone":109,"ic2:generator":2,"minecraft:bucket":1,"minecraft:yellow_bed":16,"biomesoplenty:fir_log":12,"minecraft:dandelion":1,"butchersdelight:rack":2},"minecraft:picked_up":{"butchersdelightfoods:legcow":1,"simplefarming:turnip_seeds":1,"minecraft:smithing_table":1,"minecraft:string":84,"minecraft:raw_copper":166,"minecraft:cobbled_deepslate":1111,"biomesoplenty:fir_planks":7,"minecraft:spruce_planks":1,"minecraft:rose_bush":4,"minecraft:calcite":6,"car:cable":4,"farmersdelight:cabbage_seeds":2,"minecraft:furnace":1,"minecraft:stick":110,"minecraft:torch":41,"minecraft:diorite":100,"tconstruct:sky_slime_crystal":16,"minecraft:stone_sword":1,"minecraft:rotten_flesh":34,"ic2:iron_furnace":3,"relics:aqua_walker":1,"minecraft:cobblestone":3524,"butchersdelightfoods:beeftenderloin":1,"minecraft:feather":3,"minecraft:lilac":1,"minecraft:andesite":91,"biomesoplenty:fir_sapling":209,"biomesoplenty:fir_log":989,"paraglider:spirit_orb":4,"minecraft:flint":3,"minecraft:tuff":196,"minecraft:lapis_lazuli":124,"minecraft:dirt":1030,"minecraft:lantern":1,"minecraft:bone":27,"minecraft:bow":2,"minecraft:wheat_seeds":12,"minecraft:raw_gold":101,"simplefarming:blueberry_bush":2,"minecraft:gray_candle":3,"minecraft:oak_planks":5,"ic2:treetap_and_bucket":1,"simplefarming:radish_seeds":1,"car:canola_seeds":3,"butchersdelight:skullcow":7,"butchersdelight:cow_hide":17,"minecraft:sand":71,"minecraft:ink_sac":11,"butchersdelightfoods:beefribs":1,"minecraft:dark_oak_log":3,"minecraft:mossy_cobblestone":8,"ic2:copper_insulated_cable_item":17,"ic2:raw_silver":105,"minecraft:diamond":13,"waystones:waystone":3,"minecraft:granite":95,"minecraft:emerald":1,"butchersdelight:hook":1,"alexsmobs:maggot":1,"minecraft:oak_sapling":11,"simplefarming:cassava_seeds":1,"minecraft:crafting_table":1,"minecraft:allium":1,"minecraft:cornflower":1,"ic2:generator":2,"butchersdelight:dead_cow":7,"simplefarming:oat_seeds":1,"minecraft:beef":1,"minecraft:poppy":2,"ic2:hemp_seeds":23,"minecraft:chest":1,"bakingmod:salt":31,"minecraft:raw_iron":247,"minecraft:sandstone":50,"sophisticatedbackpacks:backpack":2,"tconstruct:sky_slime_dirt":2,"minecraft:redstone":90,"butchersdelight:deadsheep":3,"minecraft:arrow":20,"minecraft:stone_shovel":1,"minecraft:peony":2,"minecraft:hay_block":19,"sophisticatedbackpacks:copper_backpack":1,"minecraft:saddle":1,"tconstruct:earth_slime_sapling":1,"minecraft:skeleton_skull":1,"minecraft:white_wool":43,"simplefarming:soybean_seeds":1,"artifacts:novelty_drinking_hat":1,"ic2:ore_uranium":16,"alexsmobs:cachalot_whale_tooth":1,"minecraft:oak_log":10,"minecraft:yellow_bed":14,"minecraft:gunpowder":2,"minecraft:cobblestone_stairs":1,"butchersdelight:rack":1,"tconstruct:sky_slime_crystal_block":2,"simplefarming:grape_seeds":1,"butchersdelight:deadchiken":1,"minecraft:iron_ingot":3,"ic2:rubber_sapling":39,"ic2:raw_tin":257,"minecraft:dandelion":2,"minecraft:gravel":32,"minecraft:amethyst_shard":1,"minecraft:blast_furnace":4,"minecraft:spruce_log":1,"minecraft:white_bed":3,"simplefarming:squash_seeds":3,"simplefarming:raspberry_bush":1,"minecraft:spider_eye":5,"ic2:batbox":1,"minecraft:slime_ball":220,"ic2:rubber_wood":69,"ic2:sticky_resin":88,"minecraft:iron_helmet":3,"minecraft:coal":188,"minecraft:sunflower":5,"minecraft:ender_pearl":1},"minecraft:custom":{"minecraft:animals_bred":14,"minecraft:interact_with_crafting_table":104,"minecraft:open_barrel":49,"minecraft:leave_game":10,"minecraft:time_since_death":587812,"minecraft:sprint_one_cm":2647530,"minecraft:drop":91,"minecraft:play_time":587812,"minecraft:jump":7008,"minecraft:interact_with_brewingstand":1,"minecraft:walk_on_water_one_cm":20146,"minecraft:interact_with_furnace":22,"minecraft:traded_with_villager":114,"minecraft:sleep_in_bed":31,"minecraft:waystone_activated":1,"minecraft:damage_dealt":19209,"minecraft:crouch_one_cm":27804,"minecraft:interact_with_smoker":1,"minecraft:interact_with_smithing_table":2,"minecraft:mob_kills":88,"minecraft:climb_one_cm":933,"minecraft:walk_one_cm":900657,"minecraft:damage_dealt_absorbed":140,"minecraft:sneak_time":11044,"minecraft:walk_under_water_one_cm":27454,"minecraft:total_world_time":587812,"minecraft:time_since_rest":1010,"minecraft:damage_taken":4347,"minecraft:swim_one_cm":99206,"minecraft:fly_one_cm":2859991,"minecraft:open_chest":364,"minecraft:fall_one_cm":148559}},"DataVersion":3120}