{"stats":{"minecraft:custom":{"minecraft:time_since_rest":10256,"minecraft:waystone_activated":1,"minecraft:sprint_one_cm":120656,"minecraft:damage_taken":105,"minecraft:walk_one_cm":123646,"minecraft:damage_dealt":34,"minecraft:swim_one_cm":4861,"minecraft:interact_with_crafting_table":6,"minecraft:fly_one_cm":63514,"minecraft:open_chest":6,"minecraft:crouch_one_cm":709,"minecraft:play_time":44336,"minecraft:walk_under_water_one_cm":714,"minecraft:bell_ring":1,"minecraft:sneak_time":264,"minecraft:jump":437,"minecraft:walk_on_water_one_cm":407,"minecraft:leave_game":1,"minecraft:time_since_death":44336,"minecraft:sleep_in_bed":3,"minecraft:total_world_time":44336,"minecraft:fall_one_cm":9207},"minecraft:used":{"butchersdelight:cleaver":1,"easyhammers:grass_hammer":2,"minecraft:stone_pickaxe":131,"minecraft:bread":7,"minecraft:chest":1,"minecraft:wooden_pickaxe":33,"minecraft:torch":6,"minecraft:stone_axe":7,"butchersdelight:skullcow":1,"minecraft:crafting_table":2,"minecraft:carrot":18,"minecraft:yellow_bed":2},"minecraft:picked_up":{"simplefarming:pea_seeds":1,"minecraft:stick":6,"minecraft:raw_iron":2,"minecraft:wheat":2,"butchersdelightfoods:beeftenderloin":1,"butchersdelightfoods:legcow":1,"ic2:raw_tin":10,"minecraft:torch":5,"minecraft:potato":7,"butchersdelight:skullcow":1,"simplefarming:blueberries":3,"minecraft:oak_log":11,"minecraft:carrot":22,"minecraft:yellow_bed":1,"minecraft:spruce_log":2,"butchersdelightfoods:beefribs":1,"minecraft:dirt":2,"minecraft:beetroot":1,"butchersdelight:cleaver":1,"minecraft:apple":1,"minecraft:beetroot_seeds":4,"minecraft:wheat_seeds":5,"simplefarming:strawberries":6,"minecraft:beef":1,"ic2:hemp_seeds":1,"minecraft:bread":7,"minecraft:oak_sapling":1,"easyhammers:grass_hammer":1,"minecraft:coal":131,"bakingmod:salt":2,"minecraft:cobblestone":25},"minecraft:broken":{"minecraft:stone_pickaxe":1},"minecraft:mined":{"minecraft:carrots":6,"minecraft:iron_ore":2,"minecraft:wheat":2,"minecraft:spruce_log":2,"minecraft:yellow_bed":1,"minecraft:torch":1,"minecraft:grass":3,"minecraft:potatoes":2,"ic2:tin_ore":3,"minecraft:grass_block":1,"minecraft:oak_log":12,"minecraft:coal_ore":132,"minecraft:beetroots":1,"minecraft:dirt":1,"minecraft:stone":25,"minecraft:wall_torch":3},"minecraft:crafted":{"minecraft:oak_planks":24,"minecraft:crafting_table":2,"minecraft:stick":8,"minecraft:wooden_pickaxe":1,"minecraft:stone_pickaxe":1,"minecraft:chest":1,"minecraft:torch":30,"minecraft:stone_axe":1}},"DataVersion":3120}