{"stats":{"minecraft:custom":{"minecraft:mob_kills":4,"minecraft:interact_with_crafting_table":12,"minecraft:bell_ring":1,"minecraft:leave_game":2,"minecraft:time_since_death":66078,"minecraft:sleep_in_bed":6,"minecraft:time_since_rest":1016,"minecraft:waystone_activated":1,"minecraft:sprint_one_cm":179388,"minecraft:damage_taken":252,"minecraft:walk_one_cm":173702,"minecraft:damage_dealt":770,"minecraft:swim_one_cm":4861,"minecraft:fly_one_cm":121454,"minecraft:open_chest":14,"minecraft:crouch_one_cm":2330,"minecraft:play_time":66078,"minecraft:sneak_time":859,"minecraft:walk_under_water_one_cm":2361,"minecraft:jump":658,"minecraft:walk_on_water_one_cm":1311,"minecraft:total_world_time":66078,"minecraft:fall_one_cm":9625},"minecraft:used":{"usefulslime:slime_boots":1,"easyhammers:grass_hammer":2,"minecraft:stone_pickaxe":152,"minecraft:chest":2,"minecraft:wooden_pickaxe":33,"minecraft:iron_chestplate":1,"butchersdelight:skullcow":1,"minecraft:torch":7,"minecraft:crafting_table":2,"minecraft:carrot":18,"butchersdelight:cleaver":1,"biomesoplenty:fir_sapling":5,"minecraft:bread":7,"minecraft:stone_axe":109,"minecraft:cooked_cod":4,"minecraft:yellow_bed":2,"alexsmobs:animal_dictionary":1},"minecraft:picked_up":{"simplefarming:pea_seeds":1,"minecraft:iron_chestplate":1,"minecraft:wheat":2,"butchersdelightfoods:beeftenderloin":1,"minecraft:feather":1,"butchersdelightfoods:legcow":1,"minecraft:potato":7,"biomesoplenty:fir_sapling":18,"biomesoplenty:fir_log":64,"minecraft:oak_log":24,"minecraft:yellow_bed":1,"minecraft:dirt":2,"minecraft:apple":1,"butchersdelight:cleaver":1,"minecraft:beetroot":1,"minecraft:wheat_seeds":7,"minecraft:beef":1,"minecraft:rose_bush":1,"minecraft:poppy":2,"ic2:hemp_seeds":12,"usefulslime:slime_sling":1,"bakingmod:salt":2,"minecraft:stick":16,"minecraft:raw_iron":5,"ic2:raw_tin":10,"car:canola_seeds":1,"minecraft:torch":5,"butchersdelight:skullcow":1,"sophisticatedbackpacks:backpack":1,"simplefarming:blueberries":3,"simplefarming:raspberries":8,"simplefarming:squash_seeds":1,"minecraft:spruce_log":2,"minecraft:carrot":22,"butchersdelightfoods:beefribs":1,"simplefarming:eggplant_seeds":1,"minecraft:rotten_flesh":9,"usefulslime:slime_boots":1,"minecraft:cooked_cod":14,"minecraft:beetroot_seeds":4,"simplefarming:strawberries":6,"minecraft:bread":7,"minecraft:oak_sapling":10,"easyhammers:grass_hammer":1,"minecraft:coal":147,"minecraft:cobblestone":27},"minecraft:killed":{"alexsmobs:seagull":1,"minecraft:zombie":3},"minecraft:broken":{"minecraft:stone_pickaxe":1},"minecraft:mined":{"minecraft:torch":1,"ic2:tin_ore":3,"minecraft:grass_block":1,"minecraft:wall_torch":3,"minecraft:carrots":6,"minecraft:iron_ore":5,"minecraft:wheat":2,"minecraft:spruce_log":2,"biomesoplenty:fir_log":64,"minecraft:yellow_bed":1,"minecraft:grass":14,"minecraft:coal_ore":148,"minecraft:potatoes":2,"minecraft:oak_log":24,"minecraft:beetroots":1,"minecraft:dirt":1,"biomesoplenty:fir_sapling":8,"minecraft:stone":27},"minecraft:crafted":{"minecraft:oak_planks":94,"minecraft:crafting_table":2,"minecraft:wooden_pickaxe":1,"minecraft:stone_axe":1,"minecraft:stick":40,"minecraft:stone_pickaxe":2,"minecraft:chest":2,"minecraft:torch":30}},"DataVersion":3120}