{"stats":{"minecraft:custom":{"minecraft:interact_with_crafting_table":10,"minecraft:bell_ring":1,"minecraft:leave_game":1,"minecraft:time_since_death":56336,"minecraft:sleep_in_bed":5,"minecraft:time_since_rest":5940,"minecraft:waystone_activated":1,"minecraft:sprint_one_cm":138985,"minecraft:damage_taken":129,"minecraft:walk_one_cm":142992,"minecraft:damage_dealt":68,"minecraft:swim_one_cm":4861,"minecraft:fly_one_cm":80416,"minecraft:open_chest":12,"minecraft:crouch_one_cm":1223,"minecraft:play_time":56336,"minecraft:sneak_time":556,"minecraft:walk_under_water_one_cm":714,"minecraft:jump":511,"minecraft:walk_on_water_one_cm":407,"minecraft:total_world_time":56336,"minecraft:fall_one_cm":9625},"minecraft:used":{"usefulslime:slime_boots":1,"easyhammers:grass_hammer":2,"minecraft:stone_pickaxe":131,"minecraft:chest":2,"minecraft:wooden_pickaxe":33,"minecraft:iron_chestplate":1,"butchersdelight:skullcow":1,"minecraft:torch":7,"minecraft:crafting_table":2,"minecraft:carrot":18,"butchersdelight:cleaver":1,"minecraft:bread":7,"minecraft:stone_axe":21,"minecraft:cooked_cod":1,"minecraft:yellow_bed":2,"alexsmobs:animal_dictionary":1},"minecraft:picked_up":{"simplefarming:pea_seeds":1,"minecraft:iron_chestplate":1,"minecraft:wheat":2,"butchersdelightfoods:beeftenderloin":1,"butchersdelightfoods:legcow":1,"minecraft:potato":7,"biomesoplenty:fir_sapling":1,"minecraft:oak_log":24,"minecraft:yellow_bed":1,"minecraft:dirt":2,"minecraft:apple":1,"butchersdelight:cleaver":1,"minecraft:beetroot":1,"minecraft:wheat_seeds":7,"minecraft:beef":1,"minecraft:rose_bush":1,"minecraft:poppy":2,"ic2:hemp_seeds":11,"usefulslime:slime_sling":1,"bakingmod:salt":2,"minecraft:stick":9,"minecraft:raw_iron":2,"ic2:raw_tin":10,"car:canola_seeds":1,"minecraft:torch":5,"butchersdelight:skullcow":1,"sophisticatedbackpacks:backpack":1,"simplefarming:blueberries":3,"simplefarming:raspberries":8,"simplefarming:squash_seeds":1,"minecraft:spruce_log":2,"minecraft:carrot":22,"butchersdelightfoods:beefribs":1,"minecraft:rotten_flesh":7,"usefulslime:slime_boots":1,"minecraft:cooked_cod":13,"minecraft:beetroot_seeds":4,"simplefarming:strawberries":6,"minecraft:bread":7,"minecraft:oak_sapling":10,"easyhammers:grass_hammer":1,"minecraft:coal":131,"minecraft:cobblestone":25},"minecraft:broken":{"minecraft:stone_pickaxe":1},"minecraft:mined":{"minecraft:torch":1,"ic2:tin_ore":3,"minecraft:grass_block":1,"minecraft:wall_torch":3,"minecraft:carrots":6,"minecraft:iron_ore":2,"minecraft:wheat":2,"minecraft:spruce_log":2,"minecraft:yellow_bed":1,"minecraft:grass":7,"minecraft:coal_ore":132,"minecraft:potatoes":2,"minecraft:oak_log":24,"minecraft:beetroots":1,"minecraft:dirt":1,"biomesoplenty:fir_sapling":7,"minecraft:stone":25},"minecraft:crafted":{"minecraft:oak_planks":70,"minecraft:crafting_table":2,"minecraft:wooden_pickaxe":1,"minecraft:stone_axe":1,"minecraft:stick":8,"minecraft:stone_pickaxe":1,"minecraft:chest":2,"minecraft:torch":30}},"DataVersion":3120}