{"stats":{"minecraft:broken":{"minecraft:stone_pickaxe":1},"minecraft:picked_up":{"minecraft:stick":6,"minecraft:raw_iron":2,"butchersdelightfoods:beeftenderloin":1,"butchersdelightfoods:legcow":1,"ic2:raw_tin":10,"minecraft:torch":4,"butchersdelight:skullcow":1,"minecraft:oak_log":11,"minecraft:yellow_bed":1,"minecraft:spruce_log":2,"butchersdelightfoods:beefribs":1,"minecraft:dirt":2,"butchersdelight:cleaver":1,"minecraft:apple":1,"minecraft:wheat_seeds":1,"simplefarming:strawberries":6,"minecraft:beef":1,"minecraft:bread":7,"minecraft:oak_sapling":1,"easyhammers:grass_hammer":1,"minecraft:coal":130,"bakingmod:salt":2,"minecraft:cobblestone":25},"minecraft:crafted":{"minecraft:oak_planks":24,"minecraft:crafting_table":1,"minecraft:stick":8,"minecraft:wooden_pickaxe":1,"minecraft:stone_pickaxe":1,"minecraft:torch":30,"minecraft:stone_axe":1},"minecraft:used":{"butchersdelight:cleaver":1,"minecraft:bread":7,"minecraft:stone_pickaxe":131,"minecraft:wooden_pickaxe":32,"butchersdelight:skullcow":1,"minecraft:torch":6,"minecraft:stone_axe":7,"minecraft:crafting_table":1,"minecraft:yellow_bed":1},"minecraft:custom":{"minecraft:time_since_rest":2944,"minecraft:waystone_activated":1,"minecraft:sprint_one_cm":84928,"minecraft:damage_taken":75,"minecraft:walk_one_cm":107439,"minecraft:damage_dealt":28,"minecraft:interact_with_crafting_table":4,"minecraft:fly_one_cm":50379,"minecraft:open_chest":5,"minecraft:crouch_one_cm":602,"minecraft:play_time":37024,"minecraft:bell_ring":1,"minecraft:sneak_time":186,"minecraft:jump":369,"minecraft:leave_game":1,"minecraft:time_since_death":37024,"minecraft:sleep_in_bed":3,"minecraft:total_world_time":37024,"minecraft:fall_one_cm":6573},"minecraft:mined":{"minecraft:iron_ore":2,"minecraft:spruce_log":2,"minecraft:yellow_bed":1,"minecraft:torch":1,"ic2:tin_ore":3,"minecraft:oak_log":11,"minecraft:grass_block":1,"minecraft:coal_ore":131,"minecraft:dirt":1,"minecraft:stone":25,"minecraft:wall_torch":3}},"DataVersion":3120}