{"stats":{"minecraft:mined":{"biomesoplenty:dead_leaves":1,"biomesoplenty:dead_log":1,"minecraft:fern":1},"minecraft:crafted":{"minecraft:crafting_table":1,"biomesoplenty:dead_planks":4},"minecraft:picked_up":{"biomesoplenty:dead_log":1},"minecraft:custom":{"minecraft:jump":63,"minecraft:time_since_rest":6264,"minecraft:crouch_one_cm":144,"minecraft:leave_game":3,"minecraft:play_time":6264,"minecraft:sprint_one_cm":5315,"minecraft:damage_taken":120,"minecraft:time_since_death":6264,"minecraft:walk_one_cm":4673,"minecraft:sneak_time":121,"minecraft:total_world_time":6264,"minecraft:fall_one_cm":4716,"minecraft:fly_one_cm":14330}},"DataVersion":3120}