{"stats":{"minecraft:broken":{"minecraft:wooden_axe":1},"minecraft:killed_by":{"minecraft:zombie":1},"minecraft:custom":{"minecraft:interact_with_furnace":28,"minecraft:mob_kills":13,"minecraft:interact_with_crafting_table":14,"minecraft:open_barrel":1,"minecraft:leave_game":1,"minecraft:time_since_death":43743,"minecraft:climb_one_cm":862,"minecraft:time_since_rest":43771,"minecraft:sprint_one_cm":63252,"minecraft:damage_taken":977,"minecraft:walk_one_cm":60651,"minecraft:trigger_trapped_chest":1,"minecraft:drop":30,"minecraft:damage_dealt":2983,"minecraft:swim_one_cm":4573,"minecraft:fly_one_cm":205442,"minecraft:open_chest":6,"minecraft:play_time":47009,"minecraft:crouch_one_cm":16940,"minecraft:sneak_time":6756,"minecraft:deaths":1,"minecraft:walk_under_water_one_cm":1901,"minecraft:jump":858,"minecraft:interact_with_blast_furnace":1,"minecraft:walk_on_water_one_cm":2973,"minecraft:total_world_time":47009,"minecraft:fall_one_cm":54716},"minecraft:used":{"minecraft:cooked_mutton":1,"minecraft:stone_sword":24,"butchersdelightfoods:cookedporkloin":1,"minecraft:stone_pickaxe":62,"minecraft:wooden_pickaxe":7,"butchersdelight:hook":1,"minecraft:iron_sword":41,"butchersdelightfoods:cookedsheepshank":1,"minecraft:torch":13,"farmersdelight:onion":37,"minecraft:dirt":1,"minecraft:crafting_table":3,"minecraft:carrot":3,"minecraft:tuff":3,"minecraft:wooden_axe":60,"minecraft:iron_pickaxe":124,"minecraft:iron_helmet":1,"minecraft:lilac":1,"butchersdelightfoods:cookedsheeprack":1,"butchersdelightfoods:cooked_ham":1,"minecraft:cobblestone":35,"minecraft:furnace":3,"minecraft:cooked_porkchop":1,"butchersdelightfoods:cooked_sheeploin":1,"minecraft:experience_bottle":1,"butchersdelightfoods:cookedporkribs":1,"minecraft:cobbled_deepslate":20,"minecraft:potato":9,"minecraft:iron_leggings":1},"minecraft:killed":{"minecraft:skeleton":4,"minecraft:sheep":1,"minecraft:zombie":6,"artifacts:mimic":1},"minecraft:mined":{"biomesoplenty:glowing_moss_block":1,"minecraft:tuff":3,"minecraft:deepslate_diamond_ore":3,"minecraft:crafting_table":1,"minecraft:torch":3,"minecraft:grass_block":2,"minecraft:cobblestone":14,"minecraft:spruce_leaves":1,"biomesoplenty:sprout":4,"butchersdelight:deadpigblock":1,"minecraft:wall_torch":6,"minecraft:furnace":3,"minecraft:iron_ore":4,"minecraft:cobbled_deepslate":3,"minecraft:lilac":2,"ic2:deepslate_uranium_ore":2,"minecraft:spruce_log":53,"minecraft:tnt":1,"biomesoplenty:glowshroom_block":1,"minecraft:deepslate_lapis_ore":4,"minecraft:grass":1,"butchersdelight:hook":1,"minecraft:coal_ore":17,"minecraft:deepslate_iron_ore":53,"minecraft:dirt":5,"minecraft:stone":46,"minecraft:deepslate":35},"minecraft:dropped":{"minecraft:goat_horn":1,"minecraft:stone_sword":2,"minecraft:wheat":6,"biomesoplenty:glowing_moss_block":1,"minecraft:spruce_fence":2,"minecraft:target":1,"minecraft:dirt":6,"tconstruct:materials_and_you":1,"minecraft:rose_bush":1,"minecraft:fire_charge":1,"biomesoplenty:glowshroom":1,"minecraft:wooden_pickaxe":2,"minecraft:stone_pickaxe":1,"minecraft:string":3,"bakingmod:salt":2,"minecraft:tripwire_hook":5,"minecraft:white_wool":1,"ic2:hemp_seeds":2,"minecraft:spruce_sapling":11,"minecraft:bone":5},"minecraft:picked_up":{"minecraft:charcoal":10,"minecraft:crafting_table":1,"minecraft:lilac":1,"ic2:ore_uranium":3,"biomesoplenty:glowshroom":1,"minecraft:wooden_pickaxe":1,"minecraft:potato":1,"butchersdelightfoods:cooked_ham":1,"butchersdelight:deadpig":2,"minecraft:tuff":3,"minecraft:lapis_lazuli":48,"minecraft:dirt":7,"minecraft:bone":1,"butchersdelightfoods:sheeploin":1,"minecraft:cobbled_deepslate":20,"ic2:hemp_seeds":2,"butchersdelightfoods:porkribs":1,"bakingmod:salt":2,"minecraft:furnace":3,"minecraft:stick":5,"minecraft:raw_iron":59,"minecraft:torch":9,"minecraft:porkchop":1,"butchersdelightfoods:porkloin":1,"minecraft:spruce_sapling":11,"biomesoplenty:glowing_moss_block":1,"minecraft:spruce_log":63,"farmersdelight:ham":1,"minecraft:stone_sword":1,"butchersdelight:sheephide":1,"minecraft:arrow":3,"butchersdelight:deadsheep":1,"artifacts:lucky_scarf":1,"minecraft:diamond":3,"minecraft:glow_berries":7,"butchersdelightfoods:ham":1,"butchersdelightfoods:sheeprack":1,"butchersdelightfoods:sheepshank":1,"butchersdelight:hook":1,"minecraft:mutton":1,"minecraft:coal":17,"minecraft:white_wool":1,"minecraft:cobblestone":60},"minecraft:crafted":{"minecraft:cooked_porkchop":1,"butchersdelight:hook":1,"minecraft:crafting_table":2,"minecraft:iron_nugget":36,"minecraft:spruce_planks":136,"minecraft:wooden_pickaxe":1,"minecraft:iron_helmet":1,"minecraft:iron_sword":1,"minecraft:furnace":2,"butchersdelightfoods:cookedsheepshank":1,"butchersdelight:cleaver":1,"butchersdelightfoods:cookedsheeprack":1,"minecraft:cooked_mutton":1,"minecraft:air":0,"minecraft:iron_chestplate":1,"minecraft:charcoal":14,"butchersdelightfoods:cookedporkribs":1,"minecraft:stick":20,"minecraft:iron_ingot":27,"butchersdelightfoods:cooked_sheeploin":1,"minecraft:stone_pickaxe":1,"minecraft:wooden_axe":1,"minecraft:stone_sword":1,"minecraft:iron_leggings":1,"minecraft:torch":64,"butchersdelightfoods:cookedporkloin":1}},"DataVersion":3120}