{"stats":{"minecraft:crafted":{"minecraft:crafting_table":1,"minecraft:spruce_planks":136,"minecraft:wooden_axe":1},"minecraft:mined":{"butchersdelight:deadpigblock":1,"minecraft:spruce_leaves":1,"biomesoplenty:sprout":3,"minecraft:lilac":2,"minecraft:spruce_log":53},"minecraft:picked_up":{"minecraft:stick":5,"minecraft:lilac":1,"butchersdelight:deadpig":2,"minecraft:spruce_sapling":11,"minecraft:spruce_log":63},"minecraft:killed_by":{"minecraft:zombie":1},"minecraft:dropped":{"minecraft:rose_bush":1,"minecraft:spruce_sapling":7},"minecraft:broken":{"minecraft:wooden_axe":1},"minecraft:custom":{"minecraft:open_barrel":1,"minecraft:time_since_rest":10215,"minecraft:open_chest":5,"minecraft:crouch_one_cm":473,"minecraft:play_time":13453,"minecraft:sprint_one_cm":23782,"minecraft:walk_one_cm":16825,"minecraft:damage_taken":225,"minecraft:deaths":1,"minecraft:sneak_time":165,"minecraft:walk_under_water_one_cm":878,"minecraft:drop":3,"minecraft:leave_game":1,"minecraft:jump":210,"minecraft:damage_dealt":100,"minecraft:time_since_death":10187,"minecraft:walk_on_water_one_cm":300,"minecraft:total_world_time":13453,"minecraft:climb_one_cm":552,"minecraft:swim_one_cm":3374,"minecraft:interact_with_crafting_table":2,"minecraft:fall_one_cm":14461,"minecraft:fly_one_cm":74449},"minecraft:used":{"minecraft:wooden_axe":60,"farmersdelight:onion":9,"minecraft:crafting_table":1,"minecraft:potato":8,"minecraft:experience_bottle":1,"minecraft:lilac":1}},"DataVersion":3120}