{"stats":{"minecraft:dropped":{"minecraft:rose_bush":1,"minecraft:wooden_pickaxe":1,"bakingmod:salt":2,"minecraft:spruce_sapling":7,"ic2:hemp_seeds":2},"minecraft:crafted":{"minecraft:crafting_table":2,"minecraft:spruce_planks":136,"minecraft:wooden_pickaxe":1,"minecraft:stone_pickaxe":1,"minecraft:wooden_axe":1,"minecraft:stone_sword":1},"minecraft:custom":{"minecraft:time_since_rest":14078,"minecraft:sprint_one_cm":27976,"minecraft:damage_taken":225,"minecraft:walk_one_cm":22028,"minecraft:drop":8,"minecraft:damage_dealt":100,"minecraft:interact_with_crafting_table":5,"minecraft:swim_one_cm":4466,"minecraft:fly_one_cm":86950,"minecraft:open_barrel":1,"minecraft:open_chest":5,"minecraft:crouch_one_cm":4524,"minecraft:play_time":17316,"minecraft:deaths":1,"minecraft:sneak_time":1275,"minecraft:walk_under_water_one_cm":937,"minecraft:jump":266,"minecraft:walk_on_water_one_cm":444,"minecraft:leave_game":1,"minecraft:time_since_death":14050,"minecraft:climb_one_cm":552,"minecraft:total_world_time":17316,"minecraft:fall_one_cm":17542},"minecraft:used":{"minecraft:wooden_axe":60,"minecraft:stone_pickaxe":40,"minecraft:wooden_pickaxe":7,"minecraft:lilac":1,"farmersdelight:onion":14,"minecraft:dirt":1,"minecraft:crafting_table":2,"minecraft:potato":8,"minecraft:experience_bottle":1},"minecraft:broken":{"minecraft:wooden_axe":1},"minecraft:picked_up":{"minecraft:stick":5,"minecraft:lilac":1,"butchersdelight:deadpig":2,"minecraft:spruce_sapling":11,"minecraft:spruce_log":63,"minecraft:dirt":7,"ic2:hemp_seeds":2,"bakingmod:salt":2,"minecraft:cobblestone":46},"minecraft:killed_by":{"minecraft:zombie":1},"minecraft:mined":{"minecraft:lilac":2,"minecraft:spruce_log":53,"minecraft:grass":1,"minecraft:grass_block":2,"minecraft:dirt":5,"minecraft:spruce_leaves":1,"biomesoplenty:sprout":3,"minecraft:stone":46,"butchersdelight:deadpigblock":1}},"DataVersion":3120}