{"stats":{"minecraft:crafted":{"butchersdelight:hook":1,"minecraft:iron_nugget":36,"minecraft:crafting_table":2,"minecraft:spruce_planks":136,"minecraft:wooden_pickaxe":1,"minecraft:furnace":1,"butchersdelight:cleaver":1,"minecraft:air":0,"minecraft:stick":20,"minecraft:iron_ingot":14,"minecraft:stone_pickaxe":1,"minecraft:wooden_axe":1,"minecraft:stone_sword":1,"minecraft:torch":64},"minecraft:dropped":{"minecraft:goat_horn":1,"minecraft:wheat":6,"minecraft:spruce_fence":2,"minecraft:target":1,"minecraft:dirt":6,"tconstruct:materials_and_you":1,"minecraft:rose_bush":1,"minecraft:stone_pickaxe":1,"minecraft:wooden_pickaxe":2,"minecraft:string":3,"bakingmod:salt":2,"minecraft:tripwire_hook":5,"minecraft:white_wool":1,"ic2:hemp_seeds":2,"minecraft:spruce_sapling":11},"minecraft:custom":{"minecraft:interact_with_furnace":3,"minecraft:mob_kills":5,"minecraft:interact_with_crafting_table":8,"minecraft:open_barrel":1,"minecraft:leave_game":1,"minecraft:time_since_death":26050,"minecraft:climb_one_cm":552,"minecraft:time_since_rest":26078,"minecraft:sprint_one_cm":40791,"minecraft:damage_taken":555,"minecraft:walk_one_cm":35462,"minecraft:drop":20,"minecraft:damage_dealt":992,"minecraft:swim_one_cm":4573,"minecraft:fly_one_cm":130809,"minecraft:open_chest":6,"minecraft:crouch_one_cm":10465,"minecraft:play_time":29316,"minecraft:deaths":1,"minecraft:sneak_time":3912,"minecraft:walk_under_water_one_cm":1901,"minecraft:jump":474,"minecraft:interact_with_blast_furnace":1,"minecraft:walk_on_water_one_cm":2973,"minecraft:total_world_time":29316,"minecraft:fall_one_cm":35619},"minecraft:used":{"minecraft:stone_sword":24,"minecraft:stone_pickaxe":62,"minecraft:wooden_pickaxe":7,"butchersdelight:hook":1,"minecraft:torch":3,"farmersdelight:onion":37,"minecraft:dirt":1,"minecraft:crafting_table":3,"minecraft:tuff":3,"minecraft:wooden_axe":60,"minecraft:iron_pickaxe":26,"minecraft:lilac":1,"minecraft:cobblestone":35,"minecraft:furnace":1,"minecraft:potato":8,"minecraft:cobbled_deepslate":1,"minecraft:experience_bottle":1},"minecraft:killed":{"minecraft:sheep":1,"minecraft:skeleton":1,"minecraft:zombie":3},"minecraft:broken":{"minecraft:wooden_axe":1},"minecraft:picked_up":{"minecraft:crafting_table":1,"minecraft:lilac":1,"minecraft:wooden_pickaxe":1,"butchersdelight:deadpig":2,"minecraft:tuff":3,"minecraft:dirt":7,"butchersdelightfoods:sheeploin":1,"minecraft:cobbled_deepslate":1,"ic2:hemp_seeds":2,"butchersdelightfoods:porkribs":1,"bakingmod:salt":2,"minecraft:stick":5,"minecraft:raw_iron":22,"minecraft:torch":1,"butchersdelightfoods:porkloin":1,"minecraft:porkchop":1,"minecraft:spruce_sapling":11,"minecraft:spruce_log":63,"farmersdelight:ham":1,"butchersdelight:sheephide":1,"butchersdelight:deadsheep":1,"minecraft:diamond":2,"butchersdelightfoods:ham":1,"butchersdelightfoods:sheeprack":1,"butchersdelightfoods:sheepshank":1,"minecraft:mutton":1,"minecraft:coal":17,"minecraft:white_wool":1,"minecraft:cobblestone":47},"minecraft:killed_by":{"minecraft:zombie":1},"minecraft:mined":{"minecraft:tuff":3,"minecraft:deepslate_diamond_ore":2,"minecraft:crafting_table":1,"minecraft:torch":1,"minecraft:grass_block":2,"minecraft:cobblestone":2,"minecraft:spruce_leaves":1,"biomesoplenty:sprout":4,"butchersdelight:deadpigblock":1,"minecraft:iron_ore":3,"minecraft:lilac":2,"minecraft:spruce_log":53,"minecraft:grass":1,"minecraft:coal_ore":17,"minecraft:deepslate_iron_ore":19,"minecraft:dirt":5,"minecraft:stone":46,"minecraft:deepslate":2}},"DataVersion":3120}