{"stats":{"minecraft:custom":{"minecraft:jump":61,"minecraft:time_since_rest":2449,"minecraft:leave_game":2,"minecraft:play_time":2449,"minecraft:sprint_one_cm":13733,"minecraft:time_since_death":2449,"minecraft:walk_on_water_one_cm":250,"minecraft:walk_one_cm":2073,"minecraft:sneak_time":42,"minecraft:total_world_time":2449,"minecraft:climb_one_cm":1932,"minecraft:fall_one_cm":627,"minecraft:fly_one_cm":12324},"minecraft:mined":{"minecraft:grass":1,"minecraft:grass_block":7},"minecraft:used":{"minecraft:dirt":7,"minecraft:grass_block":2},"minecraft:picked_up":{"minecraft:dirt":7}},"DataVersion":3120}