{"stats":{"minecraft:used":{"minecraft:golden_boots":1,"minecraft:iron_shovel":65,"minecraft:stone_pickaxe":32,"minecraft:wooden_pickaxe":9,"artifacts:eternal_steak":9,"simplefarming:strawberries":6,"minecraft:torch":2,"minecraft:dirt":1,"minecraft:crafting_table":3,"minecraft:spruce_log":1,"minecraft:smoker":1,"minecraft:stripped_spruce_log":5,"biomesoplenty:maple_sapling":5,"minecraft:wooden_axe":2,"minecraft:apple":1,"minecraft:bread":5,"minecraft:iron_helmet":1,"minecraft:stone_axe":33,"artifacts:everlasting_beef":1,"minecraft:cobblestone":16,"minecraft:sweet_berries":22,"minecraft:furnace":1,"minecraft:golden_pickaxe":8},"minecraft:custom":{"minecraft:interact_with_furnace":4,"minecraft:mob_kills":8,"minecraft:interact_with_crafting_table":5,"minecraft:leave_game":2,"minecraft:time_since_death":45817,"minecraft:sleep_in_bed":1,"minecraft:time_since_rest":32383,"minecraft:waystone_activated":1,"minecraft:sprint_one_cm":262914,"minecraft:damage_taken":904,"minecraft:walk_one_cm":306280,"minecraft:drop":19,"minecraft:damage_dealt":1377,"minecraft:swim_one_cm":1663,"minecraft:fly_one_cm":207027,"minecraft:open_chest":35,"minecraft:crouch_one_cm":1476,"minecraft:play_time":45817,"minecraft:sneak_time":391,"minecraft:walk_under_water_one_cm":1788,"minecraft:jump":736,"minecraft:walk_on_water_one_cm":3120,"minecraft:interact_with_smoker":1,"minecraft:total_world_time":45817,"minecraft:fall_one_cm":25614},"minecraft:dropped":{"minecraft:gravel":184,"minecraft:spruce_sign":2,"minecraft:bread":34,"minecraft:sweet_berries":8,"minecraft:porkchop":3,"minecraft:golden_pickaxe":1,"minecraft:rotten_flesh":3,"minecraft:flint":2,"minecraft:mutton":1,"simplefarming:strawberries":2,"bakingmod:salt":2,"minecraft:bone":3},"minecraft:killed":{"minecraft:spider":1,"minecraft:zombie":6},"minecraft:crafted":{"artifacts:eternal_steak":1,"minecraft:oak_planks":12,"minecraft:crafting_table":1,"minecraft:spruce_planks":8,"minecraft:wooden_pickaxe":1,"minecraft:furnace":1,"minecraft:stone_axe":1,"minecraft:air":0,"minecraft:charcoal":4,"minecraft:stick":16,"minecraft:stone_pickaxe":1,"minecraft:wooden_axe":1,"minecraft:torch":12},"minecraft:picked_up":{"minecraft:crafting_table":3,"minecraft:golden_pickaxe":1,"minecraft:smoker":2,"minecraft:flint":2,"minecraft:oak_log":9,"minecraft:dirt":13,"minecraft:bone":2,"minecraft:apple":1,"minecraft:wheat_seeds":1,"minecraft:mangrove_planks":2,"bakingmod:salt":2,"minecraft:furnace":3,"minecraft:stick":10,"minecraft:sweet_berries":34,"minecraft:gravel":184,"minecraft:stripped_spruce_log":5,"minecraft:spruce_sapling":1,"minecraft:blast_furnace":2,"minecraft:spruce_log":6,"biomesoplenty:maple_sapling":5,"minecraft:arrow":2,"minecraft:rotten_flesh":9,"simplefarming:strawberries":8,"minecraft:bread":34,"minecraft:cobblestone":42},"minecraft:mined":{"minecraft:smoker":2,"minecraft:powder_snow":26,"minecraft:crafting_table":3,"minecraft:blast_furnace":2,"minecraft:grass_block":5,"minecraft:furnace":3,"minecraft:sweet_berry_bush":8,"biomesoplenty:maple_sapling":1,"minecraft:stripped_spruce_log":5,"minecraft:mangrove_planks":2,"minecraft:grass":1,"minecraft:oak_log":7,"minecraft:gravel":38,"minecraft:dirt":9,"minecraft:stone":42,"minecraft:fern":1}},"DataVersion":3120}