{"stats":{"minecraft:picked_up":{"minecraft:leather":6,"minecraft:porkchop":2,"minecraft:sand":3,"minecraft:spider_eye":1,"minecraft:dirt":147,"minecraft:wheat_seeds":1,"minecraft:beef":16,"ic2:hemp_seeds":1,"minecraft:black_wool":1,"minecraft:mutton":3,"minecraft:white_wool":1},"minecraft:killed":{"minecraft:sheep":2,"minecraft:pig":1,"minecraft:spider":1,"minecraft:cow":9},"minecraft:custom":{"minecraft:time_since_rest":23777,"minecraft:sprint_one_cm":49760,"minecraft:damage_taken":20,"minecraft:walk_one_cm":19330,"minecraft:mob_kills":13,"minecraft:damage_dealt":1321,"minecraft:fly_one_cm":68589,"minecraft:crouch_one_cm":355,"minecraft:play_time":23777,"minecraft:sneak_time":232,"minecraft:jump":260,"minecraft:leave_game":4,"minecraft:time_since_death":23777,"minecraft:walk_on_water_one_cm":362,"minecraft:total_world_time":23777,"minecraft:climb_one_cm":2151,"minecraft:fall_one_cm":4665},"minecraft:used":{"ic2:steam_reactor":1,"mutantmonsters:mutant_creeper_spawn_egg":1,"mutantmonsters:spider_pig_spawn_egg":1,"minecraft:cow_spawn_egg":8,"minecraft:diamond_shovel":168,"ic2:armor_configurator":1,"minecraft:grass_block":2,"mutantmonsters:mutant_enderman_spawn_egg":1,"mutantmonsters:creeper_minion_spawn_egg":1,"mutantmonsters:mutant_skeleton_spawn_egg":1,"ad_astra:launch_pad":2,"minecraft:diamond_axe":4,"mutantmonsters:mutant_snow_golem_spawn_egg":4,"minecraft:diamond_sword":17,"mutantmonsters:mutant_zombie_spawn_egg":1,"minecraft:dirt":8,"ad_astra:tier_4_rocket":2,"minecraft:enchanted_golden_apple":2},"minecraft:mined":{"minecraft:grass":2,"minecraft:grass_block":103,"minecraft:sand":3,"minecraft:dirt":66}},"DataVersion":3120}