{"stats":{"minecraft:custom":{"minecraft:mob_kills":112,"minecraft:animals_bred":22,"minecraft:interact_with_crafting_table":35,"minecraft:leave_game":9,"minecraft:time_since_death":251008,"minecraft:sprint_one_cm":817987,"minecraft:walk_one_cm":761397,"minecraft:drop":51,"minecraft:play_time":251008,"minecraft:sneak_time":5421,"minecraft:walk_under_water_one_cm":12552,"minecraft:jump":4645,"minecraft:walk_on_water_one_cm":19910,"minecraft:total_world_time":251008,"minecraft:interact_with_furnace":16,"minecraft:sleep_in_bed":8,"minecraft:time_since_rest":16215,"minecraft:waystone_activated":3,"minecraft:damage_taken":5184,"minecraft:damage_dealt":17970,"minecraft:swim_one_cm":45395,"minecraft:fly_one_cm":5222343,"minecraft:open_chest":80,"minecraft:crouch_one_cm":16864,"minecraft:interact_with_smoker":1,"minecraft:fall_one_cm":57613},"minecraft:killed":{"minecraft:cave_spider":1,"minecraft:spider":16,"alexsmobs:snow_leopard":2,"minecraft:slime":23,"minecraft:skeleton":26,"naturalist:bear":1,"naturalist:lizard_tail":1,"minecraft:creeper":5,"minecraft:polar_bear":1,"minecraft:zombie":33,"naturalist:lizard":1,"minecraft:cow":2},"minecraft:crafted":{"artifacts:eternal_steak":1,"minecraft:oak_planks":36,"minecraft:stone_shovel":1,"minecraft:furnace":2,"minecraft:slime_block":6,"minecraft:bone_meal":45,"usefulslime:slime_sling":2,"minecraft:stone_pickaxe":3,"minecraft:chest":5,"tconstruct:earth_congealed_slime":3,"sophisticatedbackpacks:iron_backpack":1,"paraglider:paraglider":1,"sophisticatedbackpacks:backpack":1,"minecraft:crafting_table":3,"minecraft:spruce_planks":68,"minecraft:wooden_pickaxe":2,"minecraft:stone_axe":4,"minecraft:air":0,"minecraft:charcoal":4,"minecraft:shield":1,"minecraft:stick":52,"minecraft:iron_ingot":14,"minecraft:iron_pickaxe":1,"minecraft:wooden_axe":2,"minecraft:stone_sword":2,"minecraft:white_bed":1,"usefulslime:slime_boots":2,"minecraft:torch":16},"minecraft:dropped":{"sophisticatedbackpacks:iron_backpack":1,"minecraft:bread":34,"minecraft:spruce_sign":2,"minecraft:porkchop":3,"minecraft:golden_pickaxe":1,"usefulslime:slime_sling":1,"minecraft:cobblestone":8,"minecraft:flint":2,"minecraft:ink_sac":2,"usefulslime:slime_boots":1,"minecraft:mutton":1,"minecraft:iron_shovel":1,"minecraft:spruce_sapling":6,"minecraft:bone":3,"minecraft:gravel":193,"minecraft:stone_axe":2,"minecraft:sweet_berries":16,"minecraft:stone_sword":2,"minecraft:rotten_flesh":3,"minecraft:smoker":1,"minecraft:gunpowder":2,"minecraft:golden_leggings":2,"simplefarming:strawberries":2,"minecraft:golden_sword":2,"minecraft:spider_eye":12,"minecraft:wooden_pickaxe":1,"minecraft:stone_pickaxe":1,"minecraft:bow":5,"waystones:waystone":1,"bakingmod:salt":2},"minecraft:picked_up":{"minecraft:crafting_table":11,"minecraft:wheat":24,"minecraft:golden_pickaxe":1,"minecraft:smithing_table":1,"minecraft:wooden_pickaxe":1,"minecraft:golden_sword":1,"minecraft:string":13,"minecraft:spruce_planks":2,"minecraft:beef":15,"ic2:hemp_seeds":3,"minecraft:sugar_cane":6,"simplefarming:barley_seeds":1,"minecraft:furnace":5,"bakingmod:salt":7,"minecraft:raw_iron":50,"minecraft:stick":13,"minecraft:torch":5,"minecraft:carrot":4,"minecraft:stone_sword":2,"minecraft:arrow":25,"minecraft:rotten_flesh":34,"simplefarming:strawberries":20,"tconstruct:earth_slime_sapling":1,"minecraft:snowball":37,"minecraft:cobblestone":105,"minecraft:leather":8,"minecraft:golden_leggings":1,"minecraft:smoker":2,"minecraft:potato":28,"biomesoplenty:fir_sapling":2,"biomesoplenty:fir_log":25,"minecraft:flint":4,"minecraft:oak_log":9,"minecraft:gunpowder":9,"naturalist:lizard_tail":1,"minecraft:lapis_lazuli":44,"minecraft:dirt":67,"minecraft:lantern":1,"minecraft:bone":27,"minecraft:apple":1,"minecraft:bow":6,"minecraft:wheat_seeds":73,"minecraft:stone_pickaxe":1,"relics:infinity_ham":1,"ic2:rubber_sapling":2,"minecraft:mangrove_planks":2,"minecraft:sweet_berries":34,"simplefarming:radish_seeds":1,"car:canola_seeds":1,"minecraft:gravel":208,"minecraft:ink_sac":4,"minecraft:stripped_spruce_log":5,"minecraft:spruce_sapling":7,"sophisticatedbackpacks:iron_backpack":1,"minecraft:blast_furnace":2,"minecraft:white_bed":3,"minecraft:spruce_log":18,"minecraft:spider_eye":13,"biomesoplenty:maple_sapling":5,"minecraft:slime_ball":84,"minecraft:stone_axe":1,"waystones:waystone":2,"ic2:rubber_wood":6,"ic2:sticky_resin":1,"minecraft:granite":1,"minecraft:bread":34,"minecraft:coal":24},"minecraft:mined":{"minecraft:spruce_planks":2,"minecraft:white_bed":3,"ic2:rubber_wood":6,"minecraft:granite":1,"minecraft:grass_block":14,"minecraft:spruce_leaves":1,"biomesoplenty:dead_grass":2,"minecraft:furnace":5,"minecraft:carrots":1,"minecraft:iron_ore":50,"minecraft:snow":16,"minecraft:stripped_spruce_log":5,"minecraft:potatoes":14,"minecraft:packed_ice":12,"biomesoplenty:spider_egg":1,"minecraft:stone":105,"tconstruct:earth_congealed_slime":15,"minecraft:smithing_table":1,"minecraft:smoker":2,"minecraft:snow_block":4,"minecraft:powder_snow":84,"minecraft:crafting_table":11,"minecraft:torch":3,"minecraft:blast_furnace":2,"minecraft:cobblestone":1,"minecraft:lapis_ore":6,"minecraft:sugar_cane":1,"minecraft:wall_torch":2,"minecraft:wheat":2,"minecraft:sweet_berry_bush":8,"biomesoplenty:maple_sapling":1,"minecraft:spruce_log":12,"minecraft:mangrove_planks":2,"biomesoplenty:fir_log":68,"minecraft:grass":20,"minecraft:coal_ore":14,"minecraft:oak_log":7,"minecraft:gravel":51,"minecraft:dirt":17,"minecraft:fern":2},"minecraft:used":{"usefulslime:slime_boots":1,"tconstruct:earth_congealed_slime":3,"minecraft:stone_sword":136,"minecraft:iron_shovel":72,"minecraft:stone_shovel":48,"minecraft:chest":4,"minecraft:torch":11,"minecraft:dirt":38,"minecraft:stripped_spruce_log":5,"biomesoplenty:maple_sapling":5,"minecraft:wooden_axe":38,"minecraft:iron_helmet":2,"artifacts:everlasting_beef":1,"minecraft:sweet_berries":22,"minecraft:furnace":4,"minecraft:golden_boots":1,"minecraft:wheat_seeds":17,"minecraft:stone_pickaxe":172,"minecraft:wooden_pickaxe":18,"artifacts:eternal_steak":65,"minecraft:white_wool":1,"simplefarming:strawberries":6,"minecraft:crafting_table":14,"minecraft:white_bed":4,"minecraft:spruce_log":1,"minecraft:smoker":1,"waystones:waystone":1,"minecraft:apple":1,"minecraft:bread":5,"minecraft:iron_pickaxe":7,"minecraft:gravel":15,"minecraft:stone_axe":211,"minecraft:cobblestone":23,"minecraft:golden_pickaxe":8,"minecraft:bone_meal":45},"minecraft:broken":{"minecraft:stone_pickaxe":1,"minecraft:stone_axe":1,"minecraft:wooden_axe":1}},"DataVersion":3120}