{"stats":{"minecraft:broken":{"minecraft:stone_axe":1,"minecraft:wooden_axe":1},"minecraft:killed":{"minecraft:spider":8,"alexsmobs:snow_leopard":2,"minecraft:slime":23,"minecraft:skeleton":1,"naturalist:bear":1,"minecraft:creeper":2,"minecraft:polar_bear":1,"minecraft:zombie":12,"minecraft:cow":2},"minecraft:mined":{"minecraft:spruce_planks":2,"minecraft:white_bed":3,"ic2:rubber_wood":6,"minecraft:grass_block":14,"minecraft:spruce_leaves":1,"minecraft:furnace":5,"minecraft:snow":16,"minecraft:stripped_spruce_log":5,"minecraft:packed_ice":12,"minecraft:stone":62,"tconstruct:earth_congealed_slime":15,"minecraft:smithing_table":1,"minecraft:smoker":2,"minecraft:snow_block":4,"minecraft:powder_snow":59,"minecraft:crafting_table":9,"minecraft:torch":3,"minecraft:blast_furnace":2,"minecraft:cobblestone":1,"minecraft:sugar_cane":1,"minecraft:wall_torch":2,"minecraft:wheat":1,"minecraft:sweet_berry_bush":8,"biomesoplenty:maple_sapling":1,"minecraft:spruce_log":7,"minecraft:mangrove_planks":2,"biomesoplenty:fir_log":8,"minecraft:grass":19,"minecraft:oak_log":7,"minecraft:gravel":46,"minecraft:dirt":17,"minecraft:fern":2},"minecraft:crafted":{"artifacts:eternal_steak":1,"minecraft:oak_planks":36,"minecraft:stone_shovel":1,"minecraft:furnace":1,"minecraft:slime_block":3,"minecraft:bone_meal":6,"usefulslime:slime_sling":1,"minecraft:stone_pickaxe":2,"minecraft:chest":5,"tconstruct:earth_congealed_slime":3,"sophisticatedbackpacks:iron_backpack":1,"paraglider:paraglider":1,"sophisticatedbackpacks:backpack":1,"minecraft:crafting_table":3,"minecraft:spruce_planks":60,"minecraft:wooden_pickaxe":1,"minecraft:stone_axe":3,"minecraft:air":0,"minecraft:charcoal":4,"minecraft:stick":36,"minecraft:wooden_axe":2,"minecraft:stone_sword":1,"minecraft:white_bed":1,"usefulslime:slime_boots":1,"minecraft:torch":12},"minecraft:dropped":{"sophisticatedbackpacks:iron_backpack":1,"minecraft:bread":34,"minecraft:spruce_sign":2,"minecraft:porkchop":3,"minecraft:golden_pickaxe":1,"minecraft:cobblestone":8,"minecraft:flint":2,"minecraft:mutton":1,"minecraft:iron_shovel":1,"minecraft:bone":3,"minecraft:gravel":189,"minecraft:sweet_berries":16,"minecraft:rotten_flesh":3,"minecraft:smoker":1,"minecraft:gunpowder":2,"simplefarming:strawberries":2,"waystones:waystone":1,"bakingmod:salt":2},"minecraft:custom":{"minecraft:mob_kills":53,"minecraft:animals_bred":12,"minecraft:interact_with_crafting_table":25,"minecraft:leave_game":6,"minecraft:time_since_death":173728,"minecraft:sprint_one_cm":655718,"minecraft:walk_one_cm":675379,"minecraft:drop":28,"minecraft:play_time":173728,"minecraft:sneak_time":3821,"minecraft:walk_under_water_one_cm":12176,"minecraft:jump":3007,"minecraft:walk_on_water_one_cm":18863,"minecraft:total_world_time":173728,"minecraft:interact_with_furnace":7,"minecraft:sleep_in_bed":6,"minecraft:time_since_rest":10136,"minecraft:waystone_activated":3,"minecraft:damage_taken":2633,"minecraft:damage_dealt":6558,"minecraft:swim_one_cm":44026,"minecraft:fly_one_cm":3916307,"minecraft:open_chest":75,"minecraft:crouch_one_cm":12880,"minecraft:interact_with_smoker":1,"minecraft:fall_one_cm":51945},"minecraft:used":{"usefulslime:slime_boots":1,"tconstruct:earth_congealed_slime":3,"minecraft:stone_sword":11,"minecraft:iron_shovel":72,"minecraft:stone_shovel":48,"minecraft:chest":4,"minecraft:torch":11,"minecraft:dirt":16,"minecraft:stripped_spruce_log":5,"biomesoplenty:maple_sapling":5,"minecraft:wooden_axe":38,"minecraft:iron_helmet":2,"artifacts:everlasting_beef":1,"minecraft:sweet_berries":22,"minecraft:furnace":3,"minecraft:golden_boots":1,"minecraft:wheat_seeds":1,"minecraft:stone_pickaxe":73,"minecraft:wooden_pickaxe":9,"artifacts:eternal_steak":41,"minecraft:white_wool":1,"simplefarming:strawberries":6,"minecraft:crafting_table":11,"minecraft:white_bed":4,"minecraft:smoker":1,"minecraft:spruce_log":1,"waystones:waystone":1,"minecraft:apple":1,"minecraft:bread":5,"minecraft:gravel":1,"minecraft:stone_axe":88,"minecraft:cobblestone":23,"minecraft:bone_meal":6,"minecraft:golden_pickaxe":8},"minecraft:picked_up":{"minecraft:crafting_table":9,"minecraft:wheat":3,"minecraft:golden_pickaxe":1,"minecraft:smithing_table":1,"minecraft:string":8,"minecraft:spruce_planks":2,"minecraft:beef":15,"ic2:hemp_seeds":3,"minecraft:sugar_cane":6,"simplefarming:barley_seeds":1,"minecraft:furnace":5,"bakingmod:salt":4,"minecraft:stick":10,"minecraft:torch":5,"minecraft:arrow":4,"minecraft:rotten_flesh":11,"simplefarming:strawberries":16,"tconstruct:earth_slime_sapling":1,"minecraft:snowball":37,"minecraft:cobblestone":62,"minecraft:leather":8,"minecraft:smoker":2,"biomesoplenty:fir_sapling":2,"minecraft:flint":2,"minecraft:oak_log":9,"minecraft:gunpowder":4,"minecraft:dirt":45,"minecraft:lantern":1,"minecraft:bone":4,"minecraft:apple":1,"minecraft:wheat_seeds":12,"relics:infinity_ham":1,"ic2:rubber_sapling":2,"minecraft:mangrove_planks":2,"minecraft:sweet_berries":34,"simplefarming:radish_seeds":1,"car:canola_seeds":1,"minecraft:gravel":190,"minecraft:stripped_spruce_log":5,"minecraft:spruce_sapling":1,"sophisticatedbackpacks:iron_backpack":1,"minecraft:blast_furnace":2,"minecraft:white_bed":3,"minecraft:spruce_log":13,"minecraft:spider_eye":1,"biomesoplenty:maple_sapling":5,"minecraft:slime_ball":84,"waystones:waystone":2,"ic2:rubber_wood":6,"ic2:sticky_resin":1,"minecraft:bread":34,"minecraft:coal":10}},"DataVersion":3120}