{"stats":{"minecraft:used":{"minecraft:dirt":6},"minecraft:custom":{"minecraft:jump":46,"minecraft:time_since_rest":1823,"minecraft:leave_game":1,"minecraft:sprint_one_cm":9608,"minecraft:play_time":1823,"minecraft:walk_on_water_one_cm":250,"minecraft:time_since_death":1823,"minecraft:walk_one_cm":1757,"minecraft:sneak_time":42,"minecraft:climb_one_cm":1361,"minecraft:total_world_time":1823,"minecraft:fall_one_cm":418,"minecraft:fly_one_cm":10629},"minecraft:mined":{"minecraft:grass":1,"minecraft:grass_block":6},"minecraft:picked_up":{"minecraft:dirt":6}},"DataVersion":3120}