{"stats":{"minecraft:killed":{"minecraft:camel":1},"minecraft:custom":{"minecraft:time_since_rest":7248,"minecraft:sprint_one_cm":58114,"minecraft:walk_one_cm":26363,"minecraft:damage_taken":2741,"minecraft:damage_absorbed":883,"minecraft:mob_kills":1,"minecraft:drop":13,"minecraft:damage_dealt":2049,"minecraft:player_kills":1,"minecraft:fly_one_cm":90614,"minecraft:crouch_one_cm":503,"minecraft:play_time":26126,"minecraft:deaths":2,"minecraft:sneak_time":260,"minecraft:jump":530,"minecraft:leave_game":2,"minecraft:time_since_death":7216,"minecraft:total_world_time":26126,"minecraft:fall_one_cm":4321},"minecraft:used":{"minecraft:netherite_sword":169,"minecraft:diamond_shovel":297,"minecraft:zombie_spawn_egg":164,"minecraft:evoker_spawn_egg":33,"minecraft:golden_apple":24,"minecraft:diamond_sword":1,"minecraft:dirt":12,"minecraft:camel_spawn_egg":1},"minecraft:mined":{"minecraft:short_grass":6,"minecraft:grass_block":165,"minecraft:dirt":132},"minecraft:picked_up":{"minecraft:netherite_boots":2,"minecraft:gunpowder":2,"minecraft:netherite_leggings":2,"minecraft:dirt":441,"minecraft:diamond_shovel":2,"minecraft:rotten_flesh":3,"minecraft:decorated_pot":2,"minecraft:netherite_helmet":2,"minecraft:wheat_seeds":10,"minecraft:netherite_sword":1,"minecraft:golden_apple":104,"minecraft:netherite_chestplate":2},"minecraft:dropped":{"minecraft:gunpowder":2,"minecraft:netherite_sword":1,"minecraft:netherite_chestplate":1,"minecraft:netherite_boots":1,"minecraft:netherite_helmet":2,"minecraft:rotten_flesh":3,"minecraft:diamond_shovel":1,"minecraft:golden_apple":64,"minecraft:netherite_leggings":1},"minecraft:broken":{"minecraft:netherite_helmet":1},"minecraft:killed_by":{"minecraft:player":1}},"DataVersion":3839}