{"stats":{"minecraft:picked_up":{"minecraft:wheat_seeds":1,"minecraft:sand":3,"ic2:hemp_seeds":1,"minecraft:spider_eye":1,"minecraft:dirt":85},"minecraft:mined":{"minecraft:grass":2,"minecraft:grass_block":53,"minecraft:sand":3,"minecraft:dirt":43},"minecraft:killed":{"minecraft:spider":1},"minecraft:custom":{"minecraft:time_since_rest":8125,"minecraft:crouch_one_cm":216,"minecraft:sprint_one_cm":21804,"minecraft:play_time":8125,"minecraft:damage_taken":20,"minecraft:walk_one_cm":7496,"minecraft:sneak_time":139,"minecraft:mob_kills":1,"minecraft:jump":108,"minecraft:damage_dealt":161,"minecraft:leave_game":2,"minecraft:walk_on_water_one_cm":362,"minecraft:time_since_death":8125,"minecraft:climb_one_cm":2151,"minecraft:total_world_time":8125,"minecraft:fall_one_cm":1782,"minecraft:fly_one_cm":34651},"minecraft:used":{"mutantmonsters:spider_pig_spawn_egg":1,"mutantmonsters:mutant_creeper_spawn_egg":1,"mutantmonsters:mutant_zombie_spawn_egg":1,"minecraft:dirt":8,"minecraft:diamond_shovel":95,"minecraft:grass_block":2,"mutantmonsters:mutant_enderman_spawn_egg":1,"mutantmonsters:creeper_minion_spawn_egg":1,"ad_astra:tier_4_rocket":1,"mutantmonsters:mutant_skeleton_spawn_egg":1,"ad_astra:launch_pad":1,"mutantmonsters:mutant_snow_golem_spawn_egg":4}},"DataVersion":3120}