{"stats":{"minecraft:dropped":{"minecraft:wheat_seeds":10,"minecraft:oak_planks":16,"minecraft:dirt":8,"minecraft:oak_stairs":1,"tconstruct:sky_slime_ball":1,"minecraft:string":1,"simplefarming:squash_seeds":1,"ic2:hemp_seeds":4},"minecraft:used":{"minecraft:stone_sword":22,"minecraft:iron_shovel":27,"minecraft:stone_pickaxe":40,"minecraft:oak_planks":1,"minecraft:spruce_planks":104,"minecraft:wooden_pickaxe":11,"simplefarming:strawberries":1,"minecraft:dirt":1,"minecraft:crafting_table":2,"biomesoplenty:maple_sapling":15,"tconstruct:sky_congealed_slime":1,"minecraft:apple":1,"minecraft:bread":11,"minecraft:stone_axe":126,"minecraft:sweet_berries":34},"minecraft:mined":{"minecraft:spruce_planks":3,"minecraft:crafting_table":1,"minecraft:grass_block":3,"minecraft:spruce_leaves":6,"minecraft:oak_planks":6,"minecraft:air":8,"minecraft:sweet_berry_bush":19,"minecraft:spruce_log":41,"minecraft:grass":10,"minecraft:oak_log":51,"minecraft:coal_ore":31,"minecraft:oak_stairs":1,"minecraft:dirt":6,"minecraft:stone":19,"simplefarming:strawberry_bush":2,"minecraft:fern":17,"tconstruct:sky_congealed_slime":31},"minecraft:custom":{"minecraft:mob_kills":9,"minecraft:interact_with_crafting_table":9,"minecraft:leave_game":1,"minecraft:time_since_death":48234,"minecraft:sleep_in_bed":1,"minecraft:time_since_rest":28072,"minecraft:sprint_one_cm":154998,"minecraft:damage_taken":348,"minecraft:walk_one_cm":43637,"minecraft:drop":20,"minecraft:damage_dealt":995,"minecraft:swim_one_cm":24570,"minecraft:fly_one_cm":318669,"minecraft:open_chest":15,"minecraft:crouch_one_cm":4713,"minecraft:play_time":48234,"minecraft:sneak_time":1322,"minecraft:walk_under_water_one_cm":1520,"minecraft:jump":1158,"minecraft:walk_on_water_one_cm":2760,"minecraft:total_world_time":48234,"minecraft:fall_one_cm":45396},"minecraft:picked_up":{"minecraft:crafting_table":1,"minecraft:leather":1,"minecraft:oak_stairs":1,"minecraft:oak_log":60,"minecraft:dirt":9,"minecraft:string":2,"minecraft:apple":1,"minecraft:wheat_seeds":10,"minecraft:spruce_planks":3,"minecraft:beef":3,"ic2:hemp_seeds":5,"tconstruct:sky_slime_sapling":1,"minecraft:oak_planks":22,"minecraft:stick":19,"minecraft:sweet_berries":47,"minecraft:spruce_sapling":22,"minecraft:spruce_log":35,"simplefarming:squash_seeds":2,"tconstruct:sky_slime_ball":128,"biomesoplenty:maple_sapling":15,"minecraft:rotten_flesh":1,"simplefarming:strawberry_bush":1,"simplefarming:strawberries":1,"minecraft:coal":31,"minecraft:cobblestone":19},"minecraft:killed":{"minecraft:spider":1,"tconstruct:sky_slime":5,"minecraft:zombie":1,"minecraft:cow":2},"minecraft:crafted":{"minecraft:oak_planks":24,"minecraft:crafting_table":1,"minecraft:spruce_planks":188,"minecraft:wooden_pickaxe":1,"tconstruct:sky_slime":15,"minecraft:stone_axe":1,"tconstruct:sky_congealed_slime":5,"minecraft:stick":8,"minecraft:stone_pickaxe":1,"minecraft:stone_sword":1,"tconstruct:sky_slime_ball":25,"minecraft:torch":4}},"DataVersion":3120}