{"stats":{"minecraft:custom":{"minecraft:time_since_rest":11622,"minecraft:waystone_activated":1,"minecraft:walk_one_cm":219258,"minecraft:sprint_one_cm":46534,"minecraft:damage_taken":221,"minecraft:drop":7,"minecraft:damage_dealt":100,"minecraft:interact_with_crafting_table":1,"minecraft:fly_one_cm":19649,"minecraft:open_chest":1,"minecraft:crouch_one_cm":5182,"minecraft:play_time":37190,"minecraft:sneak_time":905,"minecraft:jump":477,"minecraft:time_since_death":37190,"minecraft:sleep_in_bed":2,"minecraft:total_world_time":37190,"minecraft:fall_one_cm":2937},"minecraft:used":{"usefulslime:slime_boots":1,"butchersdelight:cleaver":1,"minecraft:cornflower":1,"simplefarming:olives":6,"simplefarming:strawberries":4,"minecraft:dirt":1,"simplefarming:mango":4,"simplefarming:blackberries":2,"simplefarming:raspberries":2},"minecraft:picked_up":{"butchersdelightfoods:beeftenderloin":1,"minecraft:allium":10,"butchersdelightfoods:legcow":1,"butchersdelight:cow_hide":1,"simplefarming:raspberries":2,"minecraft:oak_log":5,"simplefarming:mango":6,"butchersdelightfoods:beefribs":1,"minecraft:cornflower":1,"minecraft:dirt":2,"simplefarming:blackberries":3,"usefulslime:slime_boots":1,"butchersdelight:cleaver":2,"butchersdelight:dead_cow":1,"simplefarming:strawberries":5,"minecraft:beef":1,"simplefarming:olives":12,"minecraft:poppy":1,"ic2:hemp_seeds":2,"usefulslime:slime_sling":1,"minecraft:oxeye_daisy":1},"minecraft:mined":{"simplefarming:mango_leaves":1,"minecraft:cornflower":1,"minecraft:grass":3,"minecraft:allium":11,"minecraft:grass_block":2,"minecraft:oak_log":5,"minecraft:poppy":1,"minecraft:oxeye_daisy":1},"minecraft:dropped":{"butchersdelight:cleaver":1,"simplefarming:olives":6}},"DataVersion":3120}