{"stats":{"minecraft:custom":{"minecraft:jump":151,"minecraft:time_since_rest":7880,"minecraft:crouch_one_cm":3048,"minecraft:sprint_one_cm":3199,"minecraft:play_time":13190,"minecraft:damage_taken":61,"minecraft:time_since_death":13190,"minecraft:walk_one_cm":72940,"minecraft:sleep_in_bed":1,"minecraft:sneak_time":572,"minecraft:total_world_time":13190,"minecraft:fall_one_cm":2517,"minecraft:fly_one_cm":721},"minecraft:used":{"simplefarming:blackberries":2,"minecraft:dirt":1,"simplefarming:raspberries":2},"minecraft:picked_up":{"simplefarming:raspberries":2,"simplefarming:mango":5,"minecraft:cornflower":1,"minecraft:dirt":1,"simplefarming:blackberries":3},"minecraft:mined":{"minecraft:grass_block":1,"minecraft:cornflower":1}},"DataVersion":3120}