{"stats":{"minecraft:custom":{"minecraft:mob_kills":1,"minecraft:interact_with_crafting_table":1,"minecraft:leave_game":1,"minecraft:time_since_death":76083,"minecraft:sleep_in_bed":2,"minecraft:time_since_rest":50515,"minecraft:waystone_activated":1,"minecraft:sprint_one_cm":303823,"minecraft:damage_taken":870,"minecraft:walk_one_cm":338249,"minecraft:drop":8,"minecraft:damage_dealt":225,"minecraft:swim_one_cm":1273,"minecraft:fly_one_cm":123130,"minecraft:open_chest":1,"minecraft:crouch_one_cm":5752,"minecraft:play_time":76083,"minecraft:walk_under_water_one_cm":3481,"minecraft:sneak_time":1254,"minecraft:jump":1012,"minecraft:walk_on_water_one_cm":6593,"minecraft:total_world_time":76083,"minecraft:fall_one_cm":3455},"minecraft:used":{"usefulslime:slime_boots":1,"simplefarming:strawberries":11,"minecraft:dirt":1,"simplefarming:mango":6,"simplefarming:blackberries":4,"simplefarming:blueberries":10,"simplefarming:raspberries":10,"butchersdelight:cleaver":2,"minecraft:cornflower":1,"simplefarming:olives":6,"minecraft:beef":1,"minecraft:sweet_berries":42,"minecraft:cooked_cod":6},"minecraft:picked_up":{"minecraft:allium":10,"butchersdelightfoods:beeftenderloin":1,"butchersdelightfoods:legcow":1,"minecraft:lilac":2,"minecraft:oak_log":5,"minecraft:cornflower":1,"simplefarming:mango":6,"minecraft:dirt":2,"butchersdelight:deadchiken":1,"simplefarming:cucumber_seeds":2,"butchersdelight:dead_cow":1,"butchersdelight:cleaver":2,"minecraft:wheat_seeds":2,"minecraft:beef":1,"minecraft:rose_bush":2,"simplefarming:blueberry_bush":10,"ic2:hemp_seeds":9,"minecraft:poppy":1,"usefulslime:slime_sling":1,"minecraft:egg":2,"biomesoplenty:toadstool":11,"minecraft:sweet_berries":30,"car:canola_seeds":1,"sophisticatedbackpacks:backpack":1,"simplefarming:blueberries":10,"butchersdelight:cow_hide":1,"simplefarming:raspberries":10,"butchersdelightfoods:beefribs":1,"simplefarming:raspberry_bush":7,"simplefarming:blackberries":4,"butchersdelight:deadsheep":1,"usefulslime:slime_boots":1,"minecraft:rotten_flesh":2,"simplefarming:strawberry_bush":6,"minecraft:cooked_cod":15,"simplefarming:pepper_seeds":1,"simplefarming:strawberries":11,"simplefarming:olives":12,"relics:aqua_walker":1,"minecraft:white_wool":1,"minecraft:oxeye_daisy":1,"minecraft:sunflower":3},"minecraft:mined":{"simplefarming:raspberry_bush":8,"minecraft:cornflower":1,"minecraft:allium":11,"minecraft:grass_block":2,"minecraft:poppy":1,"minecraft:rose_bush":2,"biomesoplenty:sprout":1,"minecraft:oxeye_daisy":1,"biomesoplenty:toadstool":12,"minecraft:sweet_berry_bush":2,"minecraft:lilac":2,"simplefarming:mango_leaves":1,"minecraft:grass":28,"minecraft:oak_log":5,"minecraft:sunflower":1,"simplefarming:strawberry_bush":6,"minecraft:oak_leaves":2,"simplefarming:blueberry_bush":7,"minecraft:fern":10},"minecraft:dropped":{"butchersdelight:cleaver":1,"relics:aqua_walker":1,"simplefarming:olives":6}},"DataVersion":3120}