{"stats":{"minecraft:custom":{"minecraft:time_since_rest":35622,"minecraft:waystone_activated":1,"minecraft:walk_one_cm":278454,"minecraft:sprint_one_cm":242250,"minecraft:damage_taken":491,"minecraft:mob_kills":1,"minecraft:drop":7,"minecraft:damage_dealt":220,"minecraft:swim_one_cm":1273,"minecraft:interact_with_crafting_table":1,"minecraft:fly_one_cm":73273,"minecraft:open_chest":1,"minecraft:crouch_one_cm":5527,"minecraft:play_time":61190,"minecraft:sneak_time":1208,"minecraft:walk_under_water_one_cm":3481,"minecraft:jump":796,"minecraft:walk_on_water_one_cm":6593,"minecraft:time_since_death":61190,"minecraft:sleep_in_bed":2,"minecraft:total_world_time":61190,"minecraft:fall_one_cm":2937},"minecraft:used":{"usefulslime:slime_boots":1,"butchersdelight:cleaver":2,"minecraft:cornflower":1,"simplefarming:olives":6,"simplefarming:strawberries":11,"minecraft:dirt":1,"minecraft:beef":1,"minecraft:sweet_berries":27,"simplefarming:mango":6,"simplefarming:blueberries":5,"simplefarming:blackberries":4,"simplefarming:raspberries":10},"minecraft:picked_up":{"biomesoplenty:toadstool":11,"minecraft:lilac":2,"butchersdelightfoods:beeftenderloin":1,"minecraft:allium":10,"butchersdelightfoods:legcow":1,"minecraft:sweet_berries":18,"simplefarming:blueberries":5,"sophisticatedbackpacks:backpack":1,"butchersdelight:cow_hide":1,"simplefarming:raspberries":10,"minecraft:oak_log":5,"simplefarming:raspberry_bush":7,"simplefarming:mango":6,"butchersdelightfoods:beefribs":1,"minecraft:cornflower":1,"minecraft:dirt":2,"simplefarming:blackberries":4,"butchersdelight:deadsheep":1,"butchersdelight:deadchiken":1,"simplefarming:cucumber_seeds":2,"simplefarming:strawberry_bush":6,"minecraft:rotten_flesh":2,"usefulslime:slime_boots":1,"butchersdelight:cleaver":2,"butchersdelight:dead_cow":1,"simplefarming:pepper_seeds":1,"minecraft:wheat_seeds":2,"simplefarming:strawberries":11,"minecraft:beef":1,"minecraft:rose_bush":2,"simplefarming:olives":12,"relics:aqua_walker":1,"simplefarming:blueberry_bush":5,"minecraft:poppy":1,"ic2:hemp_seeds":8,"minecraft:white_wool":1,"usefulslime:slime_sling":1,"minecraft:egg":2,"minecraft:sunflower":3,"minecraft:oxeye_daisy":1},"minecraft:mined":{"simplefarming:raspberry_bush":8,"biomesoplenty:toadstool":12,"minecraft:sweet_berry_bush":2,"minecraft:lilac":2,"simplefarming:mango_leaves":1,"minecraft:cornflower":1,"minecraft:grass":26,"minecraft:allium":11,"minecraft:grass_block":2,"minecraft:oak_log":5,"minecraft:poppy":1,"minecraft:rose_bush":2,"minecraft:sunflower":1,"simplefarming:strawberry_bush":6,"biomesoplenty:sprout":1,"minecraft:oak_leaves":2,"minecraft:oxeye_daisy":1,"simplefarming:blueberry_bush":2,"minecraft:fern":10},"minecraft:dropped":{"butchersdelight:cleaver":1,"simplefarming:olives":6}},"DataVersion":3120}