{"stats":{"minecraft:custom":{"minecraft:time_since_rest":19880,"minecraft:crouch_one_cm":4593,"minecraft:play_time":25190,"minecraft:sprint_one_cm":7971,"minecraft:damage_taken":211,"minecraft:walk_one_cm":152480,"minecraft:sneak_time":799,"minecraft:drop":1,"minecraft:jump":280,"minecraft:damage_dealt":100,"minecraft:time_since_death":25190,"minecraft:sleep_in_bed":1,"minecraft:open_chest":1,"minecraft:total_world_time":25190,"minecraft:fly_one_cm":2315,"minecraft:fall_one_cm":2728},"minecraft:used":{"butchersdelight:cleaver":1,"usefulslime:slime_boots":1,"minecraft:cornflower":1,"minecraft:dirt":1,"simplefarming:mango":2,"simplefarming:blackberries":2,"simplefarming:raspberries":2},"minecraft:picked_up":{"butchersdelightfoods:legcow":1,"butchersdelight:dead_cow":1,"minecraft:allium":3,"butchersdelight:cleaver":2,"usefulslime:slime_boots":1,"butchersdelight:cow_hide":1,"minecraft:beef":1,"simplefarming:raspberries":2,"butchersdelightfoods:beefribs":1,"usefulslime:slime_sling":1,"minecraft:cornflower":1,"simplefarming:mango":6,"minecraft:dirt":1,"simplefarming:blackberries":3,"butchersdelightfoods:beeftenderloin":1},"minecraft:mined":{"minecraft:grass":1,"minecraft:allium":3,"minecraft:grass_block":1,"simplefarming:mango_leaves":1,"minecraft:cornflower":1},"minecraft:dropped":{"butchersdelight:cleaver":1}},"DataVersion":3120}