{"stats":{"minecraft:custom":{"minecraft:time_since_rest":23622,"minecraft:waystone_activated":1,"minecraft:walk_one_cm":249368,"minecraft:sprint_one_cm":132060,"minecraft:damage_taken":391,"minecraft:drop":7,"minecraft:damage_dealt":100,"minecraft:swim_one_cm":1273,"minecraft:interact_with_crafting_table":1,"minecraft:fly_one_cm":37064,"minecraft:open_chest":1,"minecraft:crouch_one_cm":5527,"minecraft:play_time":49190,"minecraft:sneak_time":1123,"minecraft:walk_under_water_one_cm":3481,"minecraft:jump":605,"minecraft:walk_on_water_one_cm":6593,"minecraft:time_since_death":49190,"minecraft:sleep_in_bed":2,"minecraft:total_world_time":49190,"minecraft:fall_one_cm":2937},"minecraft:used":{"usefulslime:slime_boots":1,"butchersdelight:cleaver":1,"minecraft:cornflower":1,"simplefarming:olives":6,"simplefarming:strawberries":5,"minecraft:dirt":1,"minecraft:sweet_berries":18,"simplefarming:mango":6,"simplefarming:blueberries":5,"simplefarming:blackberries":2,"simplefarming:raspberries":2},"minecraft:picked_up":{"biomesoplenty:toadstool":11,"butchersdelightfoods:beeftenderloin":1,"minecraft:allium":10,"butchersdelightfoods:legcow":1,"minecraft:sweet_berries":11,"simplefarming:blueberries":5,"sophisticatedbackpacks:backpack":1,"butchersdelight:cow_hide":1,"simplefarming:raspberries":2,"minecraft:oak_log":5,"simplefarming:mango":6,"butchersdelightfoods:beefribs":1,"minecraft:cornflower":1,"minecraft:dirt":2,"simplefarming:blackberries":3,"minecraft:rotten_flesh":2,"usefulslime:slime_boots":1,"butchersdelight:cleaver":2,"butchersdelight:dead_cow":1,"simplefarming:strawberries":5,"minecraft:beef":1,"minecraft:rose_bush":2,"simplefarming:olives":12,"relics:aqua_walker":1,"simplefarming:blueberry_bush":5,"minecraft:poppy":1,"ic2:hemp_seeds":2,"usefulslime:slime_sling":1,"minecraft:oxeye_daisy":1},"minecraft:mined":{"biomesoplenty:toadstool":12,"minecraft:sweet_berry_bush":2,"simplefarming:mango_leaves":1,"minecraft:cornflower":1,"minecraft:grass":3,"minecraft:allium":11,"minecraft:grass_block":2,"minecraft:oak_log":5,"minecraft:poppy":1,"minecraft:rose_bush":2,"biomesoplenty:sprout":1,"minecraft:oak_leaves":1,"minecraft:oxeye_daisy":1,"simplefarming:blueberry_bush":2,"minecraft:fern":2},"minecraft:dropped":{"butchersdelight:cleaver":1,"simplefarming:olives":6}},"DataVersion":3120}