{"stats":{"minecraft:custom":{"minecraft:time_since_rest":0,"minecraft:interact_with_furnace":4,"minecraft:sprint_one_cm":36241,"minecraft:damage_taken":865,"minecraft:walk_one_cm":48082,"minecraft:mob_kills":6,"minecraft:drop":10,"minecraft:damage_dealt":1327,"minecraft:interact_with_crafting_table":5,"minecraft:fly_one_cm":248271,"minecraft:open_chest":1,"minecraft:deaths":1,"minecraft:crouch_one_cm":273,"minecraft:play_time":24039,"minecraft:sneak_time":343,"minecraft:walk_under_water_one_cm":249,"minecraft:jump":613,"minecraft:leave_game":1,"minecraft:time_since_death":0,"minecraft:walk_on_water_one_cm":55,"minecraft:total_world_time":24039,"minecraft:fall_one_cm":2762},"minecraft:killed":{"minecraft:sheep":2,"minecraft:zombie":3,"alexsmobs:snow_leopard":1},"minecraft:crafted":{"minecraft:oak_planks":24,"minecraft:cooked_porkchop":5,"minecraft:crafting_table":1,"minecraft:wooden_pickaxe":1,"minecraft:furnace":1,"minecraft:air":0,"minecraft:cooked_mutton":4},"minecraft:dropped":{"minecraft:gravel":1,"minecraft:wheat_seeds":1,"alexsmobs:animal_dictionary":1,"usefulslime:slime_sling":1,"biomesoplenty:maple_sapling":1,"bakingmod:salt":3,"biomesoplenty:fir_sapling":2,"minecraft:spruce_sapling":2,"minecraft:stick":1},"minecraft:picked_up":{"bakingmod:tomato_seeds":1,"minecraft:stick":3,"minecraft:crafting_table":2,"simplefarming:blueberries":5,"minecraft:gravel":1,"biomesoplenty:fir_sapling":2,"biomesoplenty:fir_log":6,"minecraft:porkchop":5,"minecraft:flint":1,"minecraft:oak_log":6,"minecraft:spruce_sapling":2,"minecraft:spruce_log":6,"simplefarming:blackberries":4,"alexsmobs:animal_dictionary":1,"biomesoplenty:maple_sapling":1,"minecraft:rotten_flesh":1,"usefulslime:slime_boots":1,"minecraft:stone_axe":1,"minecraft:wheat_seeds":1,"simplefarming:strawberries":4,"bakingmod:salt":3,"minecraft:mutton":4,"usefulslime:slime_sling":2,"minecraft:white_wool":2,"minecraft:cobblestone":27,"minecraft:furnace":1},"minecraft:killed_by":{"alexsmobs:crocodile":1},"minecraft:mined":{"minecraft:furnace":1,"minecraft:spruce_log":6,"minecraft:powder_snow":18,"biomesoplenty:fir_log":7,"minecraft:crafting_table":2,"minecraft:oak_log":6,"minecraft:gravel":2,"minecraft:spruce_leaves":3,"minecraft:stone":28,"minecraft:fern":3},"minecraft:used":{"minecraft:cooked_mutton":2,"usefulslime:slime_boots":1,"minecraft:oak_planks":7,"minecraft:wooden_pickaxe":29,"minecraft:stone_axe":37,"simplefarming:strawberries":3,"minecraft:golden_sword":20,"minecraft:crafting_table":2,"minecraft:furnace":1,"minecraft:cooked_porkchop":5,"simplefarming:blueberries":5,"alexsmobs:animal_dictionary":1}},"DataVersion":3120}