{"stats":{"minecraft:custom":{"minecraft:jump":90,"minecraft:open_chest":1,"minecraft:time_since_rest":371,"minecraft:crouch_one_cm":146,"minecraft:sprint_one_cm":14545,"minecraft:leave_game":1,"minecraft:play_time":8833,"minecraft:damage_taken":35,"minecraft:time_since_death":8833,"minecraft:walk_one_cm":6458,"minecraft:sleep_in_bed":1,"minecraft:sneak_time":41,"minecraft:total_world_time":8833,"minecraft:fall_one_cm":2891,"minecraft:fly_one_cm":18420},"minecraft:picked_up":{"minecraft:blue_bed":1},"minecraft:mined":{"minecraft:blue_bed":1}},"DataVersion":3120}