{"stats":{"minecraft:custom":{"minecraft:time_since_rest":17833,"minecraft:sprint_one_cm":84394,"minecraft:damage_taken":130,"minecraft:walk_one_cm":77249,"minecraft:mob_kills":1,"minecraft:damage_dealt":100,"minecraft:swim_one_cm":3859,"minecraft:interact_with_crafting_table":3,"minecraft:fly_one_cm":123989,"minecraft:open_chest":4,"minecraft:crouch_one_cm":4426,"minecraft:play_time":26295,"minecraft:sneak_time":1217,"minecraft:walk_under_water_one_cm":1939,"minecraft:jump":661,"minecraft:time_since_death":26295,"minecraft:leave_game":1,"minecraft:walk_on_water_one_cm":3311,"minecraft:sleep_in_bed":1,"minecraft:total_world_time":26295,"minecraft:fall_one_cm":17748},"minecraft:used":{"minecraft:wheat_seeds":78,"minecraft:bread":4,"minecraft:wooden_pickaxe":1,"simplefarming:strawberries":7,"minecraft:crafting_table":1,"simplefarming:blackberries":12,"simplefarming:blueberries":7},"minecraft:killed":{"minecraft:sheep":1},"minecraft:mined":{"minecraft:wheat":76,"minecraft:spruce_log":4,"minecraft:crafting_table":1,"minecraft:stonecutter":1,"minecraft:sugar_cane":30,"minecraft:blue_bed":2},"minecraft:picked_up":{"minecraft:crafting_table":1,"minecraft:wheat":53,"car:canola_seeds":3,"minecraft:torch":1,"simplefarming:blueberries":7,"minecraft:spruce_log":4,"minecraft:blue_bed":2,"simplefarming:blackberries":12,"butchersdelight:deadsheep":1,"minecraft:stonecutter":1,"minecraft:wheat_seeds":169,"simplefarming:strawberries":7,"car:canola":1,"minecraft:sugar_cane":60,"minecraft:spruce_trapdoor":1,"minecraft:white_wool":1},"minecraft:crafted":{"minecraft:crafting_table":1,"minecraft:spruce_planks":16,"minecraft:stick":4,"minecraft:wooden_pickaxe":1,"minecraft:bread":17}},"DataVersion":3120}