{
  "framedblocks:recipes/framed_blocks/framed_prism_corner": {
    "criteria": {
      "hasFramedSlope": "2024-05-29 00:03:48 +0000"
    },
    "done": true
  },
  "aquaculture:recipes/aquaculture/note_hook": {
    "criteria": {
      "has_items": "2024-05-28 23:55:10 +0000"
    },
    "done": true
  },
  "aquaculture:recipes/misc/tin_can_to_iron_nugget_from_blasting": {
    "criteria": {
      "has_items": "2024-05-28 23:55:10 +0000"
    },
    "done": true
  },
  "minecraft:recipes/building_blocks/polished_diorite_stairs_from_diorite_stonecutting": {
    "criteria": {
      "has_diorite": "2024-05-28 23:58:44 +0000"
    },
    "done": true
  },
  "tconstruct:tools/materials_and_you": {
    "criteria": {
      "crafted_book": "2024-05-28 23:55:11 +0000"
    },
    "done": true
  },
  "tconstruct:internal/starting_book": {
    "criteria": {
      "tick": "2024-05-28 23:55:11 +0000"
    },
    "done": true
  },
  "biomesoplenty:recipes/transportation/umbran_boat": {
    "criteria": {
      "in_water": "2024-05-28 23:56:44 +0000"
    },
    "done": true
  },
  "biomesoplenty:recipes/transportation/willow_boat": {
    "criteria": {
      "in_water": "2024-05-28 23:56:44 +0000"
    },
    "done": true
  },
  "biomesoplenty:recipes/transportation/palm_boat": {
    "criteria": {
      "in_water": "2024-05-28 23:56:44 +0000"
    },
    "done": true
  },
  "minecraft:recipes/building_blocks/diorite_stairs_from_diorite_stonecutting": {
    "criteria": {
      "has_diorite": "2024-05-28 23:58:44 +0000"
    },
    "done": true
  },
  "minecraft:recipes/combat/leather_helmet": {
    "criteria": {
      "has_leather": "2024-05-29 00:02:56 +0000"
    },
    "done": true
  },
  "aquaculture:recipes/aquaculture/redstone_hook": {
    "criteria": {
      "has_items": "2024-05-28 23:55:10 +0000"
    },
    "done": true
  },
  "biomesoplenty:recipes/transportation/redwood_boat": {
    "criteria": {
      "in_water": "2024-05-28 23:56:44 +0000"
    },
    "done": true
  },
  "ic2:glass_iced_tea_recipe_advancement": {
    "criteria": {
      "hasItem": "2024-05-28 23:59:32 +0000"
    },
    "done": true
  },
  "minecraft:recipes/building_blocks/diorite_slab_from_diorite_stonecutting": {
    "criteria": {
      "has_diorite": "2024-05-28 23:58:44 +0000"
    },
    "done": true
  },
  "biomesoplenty:recipes/transportation/mahogany_boat": {
    "criteria": {
      "in_water": "2024-05-28 23:56:44 +0000"
    },
    "done": true
  },
  "aquaculture:recipes/food/cooked_fish_fillet": {
    "criteria": {
      "has_items": "2024-05-28 23:55:10 +0000"
    },
    "done": true
  },
  "framedblocks:recipes/framed_blocks/framed_double_slope": {
    "criteria": {
      "hasFramedSlope": "2024-05-29 00:03:48 +0000"
    },
    "done": true
  },
  "framedblocks:recipes/framed_blocks/framed_slope_panel": {
    "criteria": {
      "hasFramedSlope": "2024-05-29 00:03:48 +0000"
    },
    "done": true
  },
  "decorative_blocks:recipes/decorative_blocks.general/rocky_dirt": {
    "criteria": {
      "has_dirt": "2024-05-28 23:57:38 +0000"
    },
    "done": true
  },
  "minecraft:recipes/transportation/mangrove_boat": {
    "criteria": {
      "in_water": "2024-05-28 23:56:44 +0000"
    },
    "done": true
  },
  "ic2:planter_pot_dirt_recipe_advancement": {
    "criteria": {
      "hasItem": "2024-05-28 23:57:38 +0000"
    },
    "done": true
  },
  "paraglider:recipes/paraglider/cosmetic/paraglider": {
    "criteria": {
      "has_paragliders": "2024-05-29 00:01:32 +0000"
    },
    "done": true
  },
  "aquaculture:recipes/tools/golden_fishing_rod": {
    "criteria": {
      "has_vanilla_rod": "2024-05-28 23:55:10 +0000"
    },
    "done": true
  },
  "aquaculture:recipes/food/cooked_fish_fillet_from_campfire": {
    "criteria": {
      "has_items": "2024-05-28 23:55:10 +0000"
    },
    "done": true
  },
  "biomesoplenty:recipes/transportation/dead_boat": {
    "criteria": {
      "in_water": "2024-05-28 23:56:44 +0000"
    },
    "done": true
  },
  "framedblocks:recipes/framed_blocks/framed_rail_slope": {
    "criteria": {
      "hasFramedSlope": "2024-05-29 00:03:48 +0000"
    },
    "done": true
  },
  "mowziesmobs:root": {
    "criteria": {
      "custom_test_name": "2024-05-28 23:55:11 +0000"
    },
    "done": true
  },
  "ic2:terraformer_recipe_advancement": {
    "criteria": {
      "hasItem": "2024-05-28 23:57:38 +0000"
    },
    "done": true
  },
  "minecraft:recipes/building_blocks/packed_ice": {
    "criteria": {
      "has_ice": "2024-05-28 23:59:32 +0000"
    },
    "done": true
  },
  "aquaculture:recipes/aquaculture/gold_hook": {
    "criteria": {
      "has_items": "2024-05-28 23:55:10 +0000"
    },
    "done": true
  },
  "minecraft:recipes/transportation/spruce_boat": {
    "criteria": {
      "in_water": "2024-05-28 23:56:44 +0000"
    },
    "done": true
  },
  "minecraft:recipes/building_blocks/diorite_stairs": {
    "criteria": {
      "has_diorite": "2024-05-28 23:58:44 +0000"
    },
    "done": true
  },
  "minecraft:recipes/building_blocks/packed_ice_from_freezing": {
    "criteria": {
      "has_ice": "2024-05-28 23:59:32 +0000"
    },
    "done": true
  },
  "framedblocks:recipes/framed_blocks/framed_corner_slope": {
    "criteria": {
      "hasFramedSlope": "2024-05-29 00:03:48 +0000"
    },
    "done": true
  },
  "framedblocks:recipes/framed_blocks/framed_inner_prism": {
    "criteria": {
      "hasFramedSlope": "2024-05-29 00:03:48 +0000"
    },
    "done": true
  },
  "minecraft:recipes/building_blocks/andesite": {
    "criteria": {
      "has_stone": "2024-05-28 23:58:44 +0000"
    },
    "done": true
  },
  "ic2:compressor_recipe_advancement": {
    "criteria": {
      "hasItem": "2024-05-28 23:58:44 +0000"
    },
    "done": true
  },
  "aquaculture:recipes/misc/neptunium_ingot_from_nuggets": {
    "criteria": {
      "has_items": "2024-05-28 23:55:10 +0000"
    },
    "done": true
  },
  "aquaculture:recipes/aquaculture/diamond_hook": {
    "criteria": {
      "has_items": "2024-05-28 23:55:10 +0000"
    },
    "done": true
  },
  "tconstruct:recipes/tools/common/slime/lead": {
    "criteria": {
      "has_slime_ball": "2024-05-28 23:59:50 +0000"
    },
    "done": true
  },
  "ic2:battery_belt_recipe_advancement": {
    "criteria": {
      "hasItem": "2024-05-29 00:02:56 +0000"
    },
    "done": true
  },
  "minecraft:recipes/building_blocks/diorite_slab": {
    "criteria": {
      "has_diorite": "2024-05-28 23:58:44 +0000"
    },
    "done": true
  },
  "biomesoplenty:biomesoplenty/root": {
    "criteria": {
      "snowy_maple_woods": "2024-05-28 23:55:12 +0000"
    },
    "done": true
  },
  "biomesoplenty:recipes/transportation/magic_boat": {
    "criteria": {
      "in_water": "2024-05-28 23:56:44 +0000"
    },
    "done": true
  },
  "ic2:reinforced_stone_recipe_advancement": {
    "criteria": {
      "hasItem": "2024-05-28 23:58:44 +0000"
    },
    "done": true
  },
  "securitycraft:recipes/securitycraft/laser_block": {
    "criteria": {
      "has_stone": "2024-05-28 23:58:44 +0000"
    },
    "done": true
  },
  "framedblocks:recipes/framed_blocks/framed_fancy_rail_slope": {
    "criteria": {
      "hasFramedSlope": "2024-05-29 00:03:48 +0000"
    },
    "done": true
  },
  "aquaculture:recipes/misc/tin_can_to_iron_nugget": {
    "criteria": {
      "has_items": "2024-05-28 23:55:10 +0000"
    },
    "done": true
  },
  "aquaculture:recipes/misc/gold_nugget_from_gold_fish": {
    "criteria": {
      "has_items": "2024-05-28 23:55:10 +0000"
    },
    "done": true
  },
  "naturalist:recipes/food/cooked_egg": {
    "criteria": {
      "has_eggs": "2024-05-28 23:55:10 +0000"
    },
    "done": true
  },
  "aquaculture:recipes/misc/gold_nugget_from_smelting": {
    "criteria": {
      "has_fishing_rod": "2024-05-28 23:55:10 +0000",
      "has_fillet_knife": "2024-05-28 23:55:10 +0000"
    },
    "done": true
  },
  "sophisticatedbackpacks:recipes/sophisticatedbackpacks/upgrade_base": {
    "criteria": {
      "has_leather": "2024-05-29 00:02:56 +0000"
    },
    "done": true
  },
  "minecraft:recipes/building_blocks/polished_diorite_slab_from_diorite_stonecutting": {
    "criteria": {
      "has_diorite": "2024-05-28 23:58:44 +0000"
    },
    "done": true
  },
  "aquaculture:recipes/aquaculture/worm_farm": {
    "criteria": {
      "has_items": "2024-05-28 23:55:10 +0000"
    },
    "done": true
  },
  "biomesoplenty:recipes/transportation/cherry_boat": {
    "criteria": {
      "in_water": "2024-05-28 23:56:44 +0000"
    },
    "done": true
  },
  "aquaculture:recipes/food/cooked_fish_fillet_from_smoking": {
    "criteria": {
      "has_items": "2024-05-28 23:55:10 +0000"
    },
    "done": true
  },
  "framedblocks:recipes/framed_blocks/framed_half_slope": {
    "criteria": {
      "hasFramedSlope": "2024-05-29 00:03:48 +0000"
    },
    "done": true
  },
  "minecraft:recipes/building_blocks/polished_diorite_from_diorite_stonecutting": {
    "criteria": {
      "has_diorite": "2024-05-28 23:58:44 +0000"
    },
    "done": true
  },
  "biomesoplenty:recipes/transportation/fir_boat": {
    "criteria": {
      "in_water": "2024-05-28 23:56:44 +0000"
    },
    "done": true
  },
  "minecraft:recipes/misc/leather_horse_armor": {
    "criteria": {
      "has_leather": "2024-05-29 00:02:56 +0000"
    },
    "done": true
  },
  "framedblocks:recipes/framed_blocks/framed_detector_rail_slope": {
    "criteria": {
      "hasFramedSlope": "2024-05-29 00:03:48 +0000"
    },
    "done": true
  },
  "minecraft:recipes/combat/leather_leggings": {
    "criteria": {
      "has_leather": "2024-05-29 00:02:56 +0000"
    },
    "done": true
  },
  "aquaculture:recipes/food/sushi": {
    "criteria": {
      "has_alt_items": "2024-05-28 23:55:10 +0000",
      "has_items": "2024-05-28 23:55:10 +0000"
    },
    "done": true
  },
  "framedblocks:recipes/framed_blocks/framed_inner_threeway_corner": {
    "criteria": {
      "hasFramedSlope": "2024-05-29 00:03:48 +0000"
    },
    "done": true
  },
  "pfm:grant_book_on_first_join": {
    "criteria": {
      "tick": "2024-05-28 23:55:11 +0000"
    },
    "done": true
  },
  "ic2:mug_iced_tea_recipe_advancement": {
    "criteria": {
      "hasItem": "2024-05-28 23:59:32 +0000"
    },
    "done": true
  },
  "sophisticatedbackpacks:recipes/sophisticatedbackpacks/backpack": {
    "criteria": {
      "has_leather": "2024-05-29 00:02:56 +0000"
    },
    "done": true
  },
  "minecraft:recipes/combat/leather_chestplate": {
    "criteria": {
      "has_leather": "2024-05-29 00:02:56 +0000"
    },
    "done": true
  },
  "aquaculture:recipes/decorations/spruce_fish_mount": {
    "criteria": {
      "has_items": "2024-05-28 23:55:10 +0000"
    },
    "done": true
  },
  "aquaculture:recipes/misc/neptunium_ingot_from_neptunium_block": {
    "criteria": {
      "has_items": "2024-05-28 23:55:10 +0000"
    },
    "done": true
  },
  "minecraft:recipes/decorations/diorite_wall_from_diorite_stonecutting": {
    "criteria": {
      "has_diorite": "2024-05-28 23:58:44 +0000"
    },
    "done": true
  },
  "framedblocks:recipes/framed_blocks/framed_fancy_activator_rail_slope": {
    "criteria": {
      "hasFramedSlope": "2024-05-29 00:03:48 +0000"
    },
    "done": true
  },
  "framedblocks:recipes/framed_blocks/framed_threeway_corner": {
    "criteria": {
      "hasFramedSlope": "2024-05-29 00:03:48 +0000"
    },
    "done": true
  },
  "minecraft:recipes/decorations/diorite_wall": {
    "criteria": {
      "has_diorite": "2024-05-28 23:58:44 +0000"
    },
    "done": true
  },
  "aquaculture:recipes/aquaculture/light_hook": {
    "criteria": {
      "has_items": "2024-05-28 23:55:10 +0000"
    },
    "done": true
  },
  "aquaculture:recipes/misc/iron_nugget_from_smelting": {
    "criteria": {
      "has_fishing_rod": "2024-05-28 23:55:10 +0000",
      "has_fillet_knife": "2024-05-28 23:55:10 +0000"
    },
    "done": true
  },
  "aquaculture:recipes/decorations/oak_fish_mount": {
    "criteria": {
      "has_items": "2024-05-28 23:55:10 +0000"
    },
    "done": true
  },
  "biomesoplenty:biomesoplenty/all_biomes": {
    "criteria": {
      "old_growth_dead_forest": "2024-05-28 23:56:46 +0000",
      "dead_forest": "2024-05-29 00:37:41 +0000",
      "snowy_coniferous_forest": "2024-05-29 00:30:36 +0000",
      "snowy_maple_woods": "2024-05-28 23:55:12 +0000"
    },
    "done": false
  },
  "biomesoplenty:recipes/transportation/hellbark_boat": {
    "criteria": {
      "in_water": "2024-05-28 23:56:44 +0000"
    },
    "done": true
  },
  "aquaculture:recipes/decorations/dark_oak_fish_mount": {
    "criteria": {
      "has_items": "2024-05-28 23:55:10 +0000"
    },
    "done": true
  },
  "minecraft:adventure/adventuring_time": {
    "criteria": {
      "minecraft:frozen_river": "2024-05-28 23:56:40 +0000"
    },
    "done": false
  },
  "framedblocks:recipes/framed_blocks/framed_fancy_powered_rail_slope": {
    "criteria": {
      "hasFramedSlope": "2024-05-29 00:03:48 +0000"
    },
    "done": true
  },
  "aquaculture:recipes/misc/jellyfish_to_slimeball": {
    "criteria": {
      "has_items": "2024-05-28 23:55:10 +0000"
    },
    "done": true
  },
  "framedblocks:recipes/framed_blocks/framed_inner_corner_slope": {
    "criteria": {
      "hasFramedSlope": "2024-05-29 00:03:48 +0000"
    },
    "done": true
  },
  "minecraft:recipes/transportation/birch_boat": {
    "criteria": {
      "in_water": "2024-05-28 23:56:44 +0000"
    },
    "done": true
  },
  "paraglider:paraglider": {
    "criteria": {
      "paraglider": "2024-05-29 00:01:32 +0000"
    },
    "done": true
  },
  "ic2:tfbp_flatificator_recipe_advancement": {
    "criteria": {
      "hasItem": "2024-05-28 23:57:38 +0000"
    },
    "done": true
  },
  "minecraft:recipes/transportation/acacia_boat": {
    "criteria": {
      "in_water": "2024-05-28 23:56:44 +0000"
    },
    "done": true
  },
  "aquaculture:recipes/tools/diamond_fishing_rod": {
    "criteria": {
      "has_vanilla_rod": "2024-05-28 23:55:10 +0000"
    },
    "done": true
  },
  "aquaculture:recipes/misc/red_mushroom_from_fish": {
    "criteria": {
      "has_items": "2024-05-28 23:55:10 +0000"
    },
    "done": true
  },
  "aquaculture:recipes/tools/iron_fishing_rod": {
    "criteria": {
      "has_vanilla_rod": "2024-05-28 23:55:10 +0000"
    },
    "done": true
  },
  "minecraft:adventure/root": {
    "criteria": {
      "killed_something": "2024-05-28 23:58:30 +0000"
    },
    "done": true
  },
  "minecraft:recipes/combat/leather_boots": {
    "criteria": {
      "has_leather": "2024-05-29 00:02:56 +0000"
    },
    "done": true
  },
  "aquaculture:recipes/misc/bonemeal_from_fish_bones": {
    "criteria": {
      "has_items": "2024-05-28 23:55:10 +0000"
    },
    "done": true
  },
  "minecraft:recipes/transportation/jungle_boat": {
    "criteria": {
      "in_water": "2024-05-28 23:56:44 +0000"
    },
    "done": true
  },
  "aquaculture:recipes/decorations/acacia_fish_mount": {
    "criteria": {
      "has_items": "2024-05-28 23:55:10 +0000"
    },
    "done": true
  },
  "aquaculture:recipes/misc/gold_nugget_from_blasting": {
    "criteria": {
      "has_fishing_rod": "2024-05-28 23:55:10 +0000",
      "has_fillet_knife": "2024-05-28 23:55:10 +0000"
    },
    "done": true
  },
  "aquaculture:recipes/misc/brown_mushroom_from_fish": {
    "criteria": {
      "has_items": "2024-05-28 23:55:10 +0000"
    },
    "done": true
  },
  "minecraft:recipes/decorations/item_frame": {
    "criteria": {
      "has_leather": "2024-05-29 00:02:56 +0000"
    },
    "done": true
  },
  "aquaculture:recipes/aquaculture/heavy_hook": {
    "criteria": {
      "has_items": "2024-05-28 23:55:10 +0000"
    },
    "done": true
  },
  "aquaculture:recipes/aquaculture/iron_hook": {
    "criteria": {
      "has_items": "2024-05-28 23:55:10 +0000"
    },
    "done": true
  },
  "framedblocks:recipes/framed_blocks/framed_fancy_detector_rail_slope": {
    "criteria": {
      "hasFramedSlope": "2024-05-29 00:03:48 +0000"
    },
    "done": true
  },
  "framedblocks:recipes/framed_blocks/framed_slope_slab": {
    "criteria": {
      "hasFramedSlope": "2024-05-29 00:03:48 +0000"
    },
    "done": true
  },
  "minecraft:recipes/transportation/dark_oak_boat": {
    "criteria": {
      "in_water": "2024-05-28 23:56:44 +0000"
    },
    "done": true
  },
  "aquaculture:recipes/misc/iron_nugget_from_blasting": {
    "criteria": {
      "has_fishing_rod": "2024-05-28 23:55:10 +0000",
      "has_fillet_knife": "2024-05-28 23:55:10 +0000"
    },
    "done": true
  },
  "tconstruct:recipes/tconstruct/tools/tools/armor/travelers_shield": {
    "criteria": {
      "has_item": "2024-05-29 00:02:56 +0000"
    },
    "done": true
  },
  "aquaculture:recipes/building_blocks/planks_from_driftwood": {
    "criteria": {
      "has_items": "2024-05-28 23:55:10 +0000"
    },
    "done": true
  },
  "paraglider:recipes/paraglider/cosmetic/deku_leaf": {
    "criteria": {
      "has_paragliders": "2024-05-29 00:01:32 +0000"
    },
    "done": true
  },
  "aquaculture:recipes/aquaculture/double_hook": {
    "criteria": {
      "has_items": "2024-05-28 23:55:10 +0000"
    },
    "done": true
  },
  "aquaculture:recipes/decorations/jungle_fish_mount": {
    "criteria": {
      "has_items": "2024-05-28 23:55:10 +0000"
    },
    "done": true
  },
  "ic2:recycler_recipe_advancement": {
    "criteria": {
      "hasItem": "2024-05-28 23:57:38 +0000"
    },
    "done": true
  },
  "biomesoplenty:recipes/transportation/jacaranda_boat": {
    "criteria": {
      "in_water": "2024-05-28 23:56:44 +0000"
    },
    "done": true
  },
  "framedblocks:recipes/framed_blocks/framed_prism": {
    "criteria": {
      "hasFramedSlope": "2024-05-29 00:03:48 +0000"
    },
    "done": true
  },
  "framedblocks:recipes/framed_blocks/framed_activator_rail_slope": {
    "criteria": {
      "hasFramedSlope": "2024-05-29 00:03:48 +0000"
    },
    "done": true
  },
  "framedblocks:recipes/framed_blocks/framed_pyramid_slab": {
    "criteria": {
      "hasFramedSlope": "2024-05-29 00:03:48 +0000"
    },
    "done": true
  },
  "ic2:mud_recipe_advancement": {
    "criteria": {
      "hasItem": "2024-05-28 23:57:38 +0000"
    },
    "done": true
  },
  "aquaculture:recipes/decorations/birch_fish_mount": {
    "criteria": {
      "has_items": "2024-05-28 23:55:10 +0000"
    },
    "done": true
  },
  "mcwwindows:recipes/diorite": {
    "criteria": {
      "has_wood": "2024-05-28 23:58:44 +0000"
    },
    "done": true
  },
  "ic2:mug_recipe_advancement": {
    "criteria": {
      "hasItem": "2024-05-28 23:58:44 +0000"
    },
    "done": true
  },
  "aquaculture:recipes/aquaculture/bobber": {
    "criteria": {
      "has_items": "2024-05-28 23:55:10 +0000"
    },
    "done": true
  },
  "minecraft:recipes/building_blocks/polished_diorite": {
    "criteria": {
      "has_diorite": "2024-05-28 23:58:44 +0000"
    },
    "done": true
  },
  "framedblocks:recipes/framed_blocks/framed_powered_rail_slope": {
    "criteria": {
      "hasFramedSlope": "2024-05-29 00:03:48 +0000"
    },
    "done": true
  },
  "tconstruct:recipes/redstone/common/slime/sticky_piston": {
    "criteria": {
      "has_slime_ball": "2024-05-28 23:59:50 +0000"
    },
    "done": true
  },
  "framedblocks:recipes/framed_blocks/framed_inner_prism_corner": {
    "criteria": {
      "hasFramedSlope": "2024-05-29 00:03:48 +0000"
    },
    "done": true
  },
  "aquaculture:recipes/aquaculture/fishing_line": {
    "criteria": {
      "has_items": "2024-05-28 23:55:10 +0000"
    },
    "done": true
  },
  "minecraft:recipes/transportation/oak_boat": {
    "criteria": {
      "in_water": "2024-05-28 23:56:44 +0000"
    },
    "done": true
  },
  "aquaculture:recipes/misc/neptinium_ingot_from_blasting": {
    "criteria": {
      "has_leggings": "2024-05-28 23:55:10 +0000",
      "has_axe": "2024-05-28 23:55:10 +0000",
      "has_helmet": "2024-05-28 23:55:10 +0000",
      "has_fishing_rod": "2024-05-28 23:55:10 +0000",
      "has_bow": "2024-05-28 23:55:10 +0000",
      "has_chestplate": "2024-05-28 23:55:10 +0000",
      "has_sword": "2024-05-28 23:55:10 +0000",
      "has_fillet_knife": "2024-05-28 23:55:10 +0000",
      "has_shovel": "2024-05-28 23:55:10 +0000",
      "has_hoe": "2024-05-28 23:55:10 +0000",
      "has_boots": "2024-05-28 23:55:10 +0000",
      "has_pickaxe": "2024-05-28 23:55:10 +0000"
    },
    "done": true
  },
  "DataVersion": 3120
}