{
  "cfm:recipes/cfm/spruce_kitchen_drawer": {
    "criteria": {
      "has_log": "2024-06-19 13:59:43 +0000"
    },
    "done": true
  },
  "ic2:mv_charge_bench_kit_indirect_gold_recipe_advancement": {
    "criteria": {
      "hasItem": "2024-06-19 14:04:21 +0000"
    },
    "done": true
  },
  "ic2:plant_ball_sapling_recipe_advancement": {
    "criteria": {
      "hasItem": "2024-06-19 14:08:38 +0000"
    },
    "done": true
  },
  "minecraft:recipes/redstone/lever": {
    "criteria": {
      "has_cobblestone": "2024-06-19 14:06:41 +0000"
    },
    "done": true
  },
  "pfm:recipes/pfm.furniture/fir_biomesoplenty_yellow_classic_bed": {
    "criteria": {
      "has_bed": "2024-06-19 13:58:11 +0000"
    },
    "done": true
  },
  "cfm:recipes/cfm/yellow_cooler": {
    "criteria": {
      "has_chest": "2024-06-23 11:39:00 +0000"
    },
    "done": true
  },
  "tconstruct:tools/materials_and_you": {
    "criteria": {
      "crafted_book": "2024-06-19 13:56:08 +0000"
    },
    "done": true
  },
  "tconstruct:internal/starting_book": {
    "criteria": {
      "tick": "2024-06-19 13:56:08 +0000"
    },
    "done": true
  },
  "pfm:recipes/pfm.furniture/brown_arm_chair": {
    "criteria": {
      "has_wool": "2024-06-19 14:03:50 +0000"
    },
    "done": true
  },
  "ic2:trade_o_mat_recipe_advancement": {
    "criteria": {
      "hasItem": "2024-06-23 11:39:00 +0000"
    },
    "done": true
  },
  "ic2:tfbp_biome_forestification_recipe_advancement": {
    "criteria": {
      "hasItem": "2024-06-19 14:08:38 +0000"
    },
    "done": true
  },
  "ic2:iv_charge_bench_kit_indirect_recipe_advancement": {
    "criteria": {
      "hasItem": "2024-06-19 14:04:21 +0000"
    },
    "done": true
  },
  "cfm:recipes/cfm/spruce_bedside_cabinet": {
    "criteria": {
      "has_log": "2024-06-19 13:59:43 +0000"
    },
    "done": true
  },
  "minecraft:recipes/decorations/crafting_table": {
    "criteria": {
      "has_planks": "2024-06-19 14:04:22 +0000"
    },
    "done": true
  },
  "ic2:lv_unloader_recipe_advancement": {
    "criteria": {
      "hasItem": "2024-06-19 14:04:21 +0000"
    },
    "done": true
  },
  "pfm:recipes/pfm.furniture/blue_simple_sofa": {
    "criteria": {
      "has_wool": "2024-06-19 14:03:50 +0000"
    },
    "done": true
  },
  "minecraft:recipes/decorations/ladder": {
    "criteria": {
      "has_stick": "2024-06-19 13:59:50 +0000"
    },
    "done": true
  },
  "farmersdelight:recipes/farmersdelight/pie_crust": {
    "criteria": {
      "has_wheat": "2024-06-23 11:35:42 +0000"
    },
    "done": true
  },
  "minecraft:recipes/decorations/chest": {
    "criteria": {
      "has_lots_of_items": "2024-06-19 14:03:50 +0000"
    },
    "done": true
  },
  "pfm:recipes/pfm.furniture/jacaranda_biomesoplenty_yellow_simple_bed": {
    "criteria": {
      "has_bed": "2024-06-19 13:58:11 +0000"
    },
    "done": true
  },
  "ic2:aluminum_sign_recipe_advancement": {
    "criteria": {
      "hasItem": "2024-06-19 13:59:50 +0000"
    },
    "done": true
  },
  "minecraft:recipes/transportation/mangrove_boat": {
    "criteria": {
      "in_water": "2024-06-23 11:35:29 +0000"
    },
    "done": true
  },
  "minecraft:recipes/tools/wooden_shovel": {
    "criteria": {
      "has_stick": "2024-06-19 13:59:50 +0000"
    },
    "done": true
  },
  "aquaculture:recipes/tools/golden_fishing_rod": {
    "criteria": {
      "has_vanilla_rod": "2024-06-19 13:56:08 +0000"
    },
    "done": true
  },
  "minecraft:recipes/decorations/torch": {
    "criteria": {
      "has_stone_pickaxe": "2024-06-19 14:07:48 +0000"
    },
    "done": true
  },
  "farmersdelight:recipes/farmersdelight/cooking/vegetable_soup": {
    "criteria": {
      "has_any_ingredient": "2024-06-23 11:35:24 +0000"
    },
    "done": true
  },
  "ic2:bio_chunk_recipe_advancement": {
    "criteria": {
      "hasItem": "2024-06-19 14:08:57 +0000"
    },
    "done": true
  },
  "ic2:industrial_worktable_recipe_advancement": {
    "criteria": {
      "hasItem": "2024-06-19 14:04:27 +0000"
    },
    "done": true
  },
  "minecraft:recipes/misc/stick": {
    "criteria": {
      "has_planks": "2024-06-19 14:04:22 +0000"
    },
    "done": true
  },
  "ic2:bronze_hoe_recipe_advancement": {
    "criteria": {
      "hasItem": "2024-06-19 13:59:50 +0000"
    },
    "done": true
  },
  "mcwdoors:recipes/spruce": {
    "criteria": {
      "has_wood": "2024-06-19 13:59:43 +0000"
    },
    "done": true
  },
  "mcwwindows:recipes/dark_prismarine": {
    "criteria": {
      "has_the_recipe": "2024-06-19 14:03:50 +0000"
    },
    "done": true
  },
  "ic2:crafter_recipe_advancement": {
    "criteria": {
      "hasItem": "2024-06-23 11:39:00 +0000"
    },
    "done": true
  },
  "cfm:recipes/cfm/mangrove_mail_box": {
    "criteria": {
      "has_chest": "2024-06-23 11:39:00 +0000"
    },
    "done": true
  },
  "ic2:mug_cold_fruit_tea_recipe_advancement": {
    "criteria": {
      "hasItem": "2024-06-19 14:04:12 +0000"
    },
    "done": true
  },
  "ic2:iv_battery_station_kit_indirect_recipe_advancement": {
    "criteria": {
      "hasItem": "2024-06-19 14:04:21 +0000"
    },
    "done": true
  },
  "cfm:recipes/cfm/pink_kitchen_drawer": {
    "criteria": {
      "has_chest": "2024-06-23 11:39:00 +0000"
    },
    "done": true
  },
  "cfm:recipes/cfm/lime_kitchen_drawer": {
    "criteria": {
      "has_chest": "2024-06-23 11:39:00 +0000"
    },
    "done": true
  },
  "ic2:rubberwood_fence_recipe_advancement": {
    "criteria": {
      "hasItem": "2024-06-19 13:59:50 +0000"
    },
    "done": true
  },
  "cfm:recipes/cfm/dark_oak_kitchen_drawer": {
    "criteria": {
      "has_chest": "2024-06-23 11:39:00 +0000"
    },
    "done": true
  },
  "pfm:recipes/pfm.furniture/palm_biomesoplenty_yellow_classic_bed": {
    "criteria": {
      "has_bed": "2024-06-19 13:58:11 +0000"
    },
    "done": true
  },
  "another_furniture:recipes/dark_oak_drawer": {
    "criteria": {
      "has_planks": "2024-06-19 13:59:50 +0000"
    },
    "done": true
  },
  "pfm:recipes/pfm.furniture/cherry_biomesoplenty_yellow_classic_bed": {
    "criteria": {
      "has_bed": "2024-06-19 13:58:11 +0000"
    },
    "done": true
  },
  "ic2:aluminum_sword_recipe_advancement": {
    "criteria": {
      "hasItem": "2024-06-19 13:59:50 +0000"
    },
    "done": true
  },
  "cfm:recipes/cfm/red_cooler": {
    "criteria": {
      "has_chest": "2024-06-23 11:39:00 +0000"
    },
    "done": true
  },
  "ic2:lv_transformer_recipe_advancement": {
    "criteria": {
      "hasItem": "2024-06-19 14:04:21 +0000"
    },
    "done": true
  },
  "pfm:recipes/pfm.furniture/green_arm_chair": {
    "criteria": {
      "has_wool": "2024-06-19 14:03:50 +0000"
    },
    "done": true
  },
  "pfm:recipes/pfm.furniture/crimson_yellow_simple_bed": {
    "criteria": {
      "has_bed": "2024-06-19 13:58:11 +0000"
    },
    "done": true
  },
  "pfm:recipes/pfm.furniture/lime_simple_sofa": {
    "criteria": {
      "has_wool": "2024-06-19 14:03:50 +0000"
    },
    "done": true
  },
  "decorative_blocks:recipes/decorative_blocks.general/lattice": {
    "criteria": {
      "has_stick": "2024-06-19 13:59:50 +0000"
    },
    "done": true
  },
  "minecraft:recipes/building_blocks/cobblestone_slab": {
    "criteria": {
      "has_cobblestone": "2024-06-19 14:06:41 +0000"
    },
    "done": true
  },
  "cfm:recipes/cfm/gray_kitchen_drawer": {
    "criteria": {
      "has_chest": "2024-06-23 11:39:00 +0000"
    },
    "done": true
  },
  "pfm:recipes/pfm.furniture/oak_chair_dinner": {
    "criteria": {
      "has_planks": "2024-06-19 14:04:22 +0000"
    },
    "done": true
  },
  "cfm:recipes/cfm/spruce_cabinet": {
    "criteria": {
      "has_log": "2024-06-19 13:59:43 +0000"
    },
    "done": true
  },
  "pfm:recipes/pfm.furniture/spruce_yellow_classic_bed": {
    "criteria": {
      "has_bed": "2024-06-19 13:58:11 +0000"
    },
    "done": true
  },
  "cfm:recipes/cfm/oak_bedside_cabinet": {
    "criteria": {
      "has_log": "2024-06-19 14:03:50 +0000"
    },
    "done": true
  },
  "ic2:ev_charging_bench_recipe_advancement": {
    "criteria": {
      "hasItem": "2024-06-19 14:04:21 +0000"
    },
    "done": true
  },
  "pfm:recipes/pfm.furniture/mangrove_yellow_simple_bed": {
    "criteria": {
      "has_bed": "2024-06-19 13:58:11 +0000"
    },
    "done": true
  },
  "farmersdelight:recipes/farmersdelight/cooking/beef_stew": {
    "criteria": {
      "has_any_ingredient": "2024-06-19 14:23:17 +0000"
    },
    "done": true
  },
  "cfm:recipes/cfm/stripped_spruce_desk": {
    "criteria": {
      "has_planks": "2024-06-19 13:59:43 +0000"
    },
    "done": true
  },
  "ic2:armor_configurator_recipe_advancement": {
    "criteria": {
      "hasItem": "2024-06-19 14:04:27 +0000"
    },
    "done": true
  },
  "ic2:chips_recipe_advancement": {
    "criteria": {
      "hasItem": "2024-06-19 13:59:50 +0000"
    },
    "done": true
  },
  "naturalist:recipes/food/cooked_egg": {
    "criteria": {
      "has_eggs": "2024-06-19 13:56:08 +0000"
    },
    "done": true
  },
  "aquaculture:recipes/misc/gold_nugget_from_smelting": {
    "criteria": {
      "has_fishing_rod": "2024-06-19 13:56:08 +0000",
      "has_fillet_knife": "2024-06-19 13:56:08 +0000"
    },
    "done": true
  },
  "cfm:recipes/cfm/diving_board": {
    "criteria": {
      "has_wheat": "2024-06-23 11:35:42 +0000"
    },
    "done": true
  },
  "farmersdelight:recipes/farmersdelight/cooking/vegetable_noodles": {
    "criteria": {
      "has_any_ingredient": "2024-06-23 11:35:24 +0000"
    },
    "done": true
  },
  "aquaculture:recipes/aquaculture/worm_farm": {
    "criteria": {
      "has_items": "2024-06-19 13:56:08 +0000"
    },
    "done": true
  },
  "biomesoplenty:recipes/transportation/cherry_boat": {
    "criteria": {
      "in_water": "2024-06-23 11:35:29 +0000"
    },
    "done": true
  },
  "ic2:hopper_recipe_advancement": {
    "criteria": {
      "hasItem": "2024-06-23 11:39:00 +0000"
    },
    "done": true
  },
  "biomesoplenty:recipes/transportation/fir_boat": {
    "criteria": {
      "in_water": "2024-06-23 11:35:29 +0000"
    },
    "done": true
  },
  "pfm:recipes/pfm.furniture/oak_yellow_simple_bed": {
    "criteria": {
      "has_bed": "2024-06-19 13:58:11 +0000"
    },
    "done": true
  },
  "ic2:hv_charging_bench_recipe_advancement": {
    "criteria": {
      "hasItem": "2024-06-19 14:04:21 +0000"
    },
    "done": true
  },
  "pfm:recipes/pfm.furniture/gray_simple_sofa": {
    "criteria": {
      "has_wool": "2024-06-19 14:03:50 +0000"
    },
    "done": true
  },
  "ic2:aluminum_shovel_recipe_advancement": {
    "criteria": {
      "hasItem": "2024-06-19 13:59:50 +0000"
    },
    "done": true
  },
  "aquaculture:recipes/decorations/spruce_fish_mount": {
    "criteria": {
      "has_items": "2024-06-19 13:56:08 +0000"
    },
    "done": true
  },
  "another_furniture:recipes/mangrove_drawer": {
    "criteria": {
      "has_planks": "2024-06-19 13:59:50 +0000"
    },
    "done": true
  },
  "cfm:recipes/cfm/brown_cooler": {
    "criteria": {
      "has_chest": "2024-06-23 11:39:00 +0000"
    },
    "done": true
  },
  "pfm:recipes/pfm.furniture/mahogany_biomesoplenty_yellow_simple_bed": {
    "criteria": {
      "has_bed": "2024-06-19 13:58:11 +0000"
    },
    "done": true
  },
  "cfm:recipes/cfm/stripped_spruce_bedside_cabinet": {
    "criteria": {
      "has_planks": "2024-06-19 13:59:43 +0000"
    },
    "done": true
  },
  "biomesoplenty:biomesoplenty/all_biomes": {
    "criteria": {
      "field": "2024-06-19 13:56:09 +0000"
    },
    "done": false
  },
  "cfm:recipes/cfm/magenta_kitchen_drawer": {
    "criteria": {
      "has_chest": "2024-06-23 11:39:00 +0000"
    },
    "done": true
  },
  "cfm:recipes/cfm/brown_kitchen_drawer": {
    "criteria": {
      "has_chest": "2024-06-23 11:39:00 +0000"
    },
    "done": true
  },
  "minecraft:adventure/sleep_in_bed": {
    "criteria": {
      "slept_in_bed": "2024-06-19 13:58:24 +0000"
    },
    "done": true
  },
  "minecraft:recipes/building_blocks/spruce_planks": {
    "criteria": {
      "has_logs": "2024-06-19 13:59:43 +0000"
    },
    "done": true
  },
  "minecraft:recipes/building_blocks/cobblestone_slab_from_cobblestone_stonecutting": {
    "criteria": {
      "has_cobblestone": "2024-06-19 14:06:41 +0000"
    },
    "done": true
  },
  "aquaculture:recipes/misc/jellyfish_to_slimeball": {
    "criteria": {
      "has_items": "2024-06-19 13:56:08 +0000"
    },
    "done": true
  },
  "pfm:recipes/pfm.furniture/palm_biomesoplenty_yellow_simple_bed": {
    "criteria": {
      "has_bed": "2024-06-19 13:58:11 +0000"
    },
    "done": true
  },
  "decorative_blocks:recipes/decorative_blocks.general/oak_support": {
    "criteria": {
      "has_plank": "2024-06-19 14:04:22 +0000"
    },
    "done": true
  },
  "pfm:recipes/pfm.furniture/enderbark_tconstruct_yellow_classic_bed": {
    "criteria": {
      "has_bed": "2024-06-19 13:58:11 +0000"
    },
    "done": true
  },
  "pfm:recipes/pfm.furniture/purple_arm_chair": {
    "criteria": {
      "has_wool": "2024-06-19 14:03:50 +0000"
    },
    "done": true
  },
  "minecraft:recipes/building_blocks/oak_stairs": {
    "criteria": {
      "has_planks": "2024-06-19 14:04:22 +0000"
    },
    "done": true
  },
  "cfm:recipes/cfm/oak_kitchen_drawer": {
    "criteria": {
      "has_log": "2024-06-19 14:03:50 +0000"
    },
    "done": true
  },
  "cfm:recipes/cfm/stripped_oak_coffee_table": {
    "criteria": {
      "has_planks": "2024-06-19 14:03:50 +0000"
    },
    "done": true
  },
  "decorative_blocks:recipes/decorative_blocks.general/spruce_palisade": {
    "criteria": {
      "has_log": "2024-06-19 13:59:43 +0000"
    },
    "done": true
  },
  "cfm:recipes/cfm/stripped_oak_cabinet": {
    "criteria": {
      "has_log": "2024-06-19 14:03:50 +0000"
    },
    "done": true
  },
  "minecraft:recipes/transportation/acacia_boat": {
    "criteria": {
      "in_water": "2024-06-23 11:35:29 +0000"
    },
    "done": true
  },
  "aquaculture:recipes/tools/iron_fishing_rod": {
    "criteria": {
      "has_vanilla_rod": "2024-06-19 13:56:08 +0000"
    },
    "done": true
  },
  "farmersdelight:recipes/farmersdelight/cutting_board": {
    "criteria": {
      "has_stick": "2024-06-19 13:59:50 +0000"
    },
    "done": true
  },
  "ic2:macerator_recipe_advancement": {
    "criteria": {
      "hasItem": "2024-06-19 14:06:41 +0000"
    },
    "done": true
  },
  "cfm:recipes/cfm/stripped_spruce_cabinet": {
    "criteria": {
      "has_log": "2024-06-19 13:59:43 +0000"
    },
    "done": true
  },
  "aquaculture:recipes/decorations/acacia_fish_mount": {
    "criteria": {
      "has_items": "2024-06-19 13:56:08 +0000"
    },
    "done": true
  },
  "pfm:recipes/pfm.furniture/hellbark_biomesoplenty_yellow_simple_bed": {
    "criteria": {
      "has_bed": "2024-06-19 13:58:11 +0000"
    },
    "done": true
  },
  "aquaculture:recipes/misc/brown_mushroom_from_fish": {
    "criteria": {
      "has_items": "2024-06-19 13:56:08 +0000"
    },
    "done": true
  },
  "mcwwindows:recipes/acacia": {
    "criteria": {
      "has_the_recipe": "2024-06-19 14:03:50 +0000"
    },
    "done": true
  },
  "ic2:mv_battery_station_bronze_recipe_advancement": {
    "criteria": {
      "hasItem": "2024-06-19 14:04:21 +0000"
    },
    "done": true
  },
  "ic2:hv_charge_bench_kit_indirect_recipe_advancement": {
    "criteria": {
      "hasItem": "2024-06-19 14:04:21 +0000"
    },
    "done": true
  },
  "cfm:recipes/cfm/stripped_oak_desk_cabinet": {
    "criteria": {
      "has_planks": "2024-06-19 14:03:50 +0000"
    },
    "done": true
  },
  "pfm:recipes/pfm.furniture/magic_biomesoplenty_yellow_classic_bed": {
    "criteria": {
      "has_bed": "2024-06-19 13:58:11 +0000"
    },
    "done": true
  },
  "ic2:stacking_tube_recipe_advancement": {
    "criteria": {
      "hasItem": "2024-06-23 11:39:00 +0000"
    },
    "done": true
  },
  "another_furniture:recipes/spruce_drawer": {
    "criteria": {
      "has_planks": "2024-06-19 13:59:50 +0000"
    },
    "done": true
  },
  "pfm:recipes/pfm.furniture/oak_table_classic": {
    "criteria": {
      "has_planks": "2024-06-19 14:04:21 +0000"
    },
    "done": true
  },
  "pfm:recipes/pfm.furniture/spruce_kitchen_counter_oven": {
    "criteria": {
      "has_planks": "2024-06-19 13:59:43 +0000"
    },
    "done": true
  },
  "ic2:bronze_axe_recipe_advancement": {
    "criteria": {
      "hasItem": "2024-06-19 13:59:50 +0000"
    },
    "done": true
  },
  "pfm:recipes/pfm.furniture/orange_simple_sofa": {
    "criteria": {
      "has_wool": "2024-06-19 14:03:50 +0000"
    },
    "done": true
  },
  "pfm:recipes/pfm.furniture/oak_log_stool": {
    "criteria": {
      "has_log": "2024-06-19 14:03:50 +0000"
    },
    "done": true
  },
  "minecraft:recipes/food/cooked_beef_from_smoking": {
    "criteria": {
      "has_beef": "2024-06-19 14:23:17 +0000"
    },
    "done": true
  },
  "pfm:recipes/pfm.furniture/black_simple_sofa": {
    "criteria": {
      "has_wool": "2024-06-19 14:03:50 +0000"
    },
    "done": true
  },
  "simplefarming:root": {
    "criteria": {
      "pickup_seed": "2024-06-19 14:21:53 +0000"
    },
    "done": true
  },
  "pfm:recipes/pfm.furniture/enderbark_tconstruct_yellow_simple_bed": {
    "criteria": {
      "has_bed": "2024-06-19 13:58:11 +0000"
    },
    "done": true
  },
  "ic2:glass_cold_fruit_tea_recipe_advancement": {
    "criteria": {
      "hasItem": "2024-06-19 14:04:12 +0000"
    },
    "done": true
  },
  "mca:recipes/misc/family_tree": {
    "criteria": {
      "has_item": "2024-06-19 14:08:38 +0000"
    },
    "done": true
  },
  "mca:root": {
    "criteria": {
      "village_plains": "2024-06-19 14:00:18 +0000"
    },
    "done": true
  },
  "ic2:sawmill_recipe_advancement": {
    "criteria": {
      "hasItem": "2024-06-19 14:07:55 +0000"
    },
    "done": true
  },
  "mcwwindows:recipes/diorite": {
    "criteria": {
      "has_the_recipe": "2024-06-19 14:03:50 +0000"
    },
    "done": true
  },
  "cfm:recipes/cfm/spruce_park_bench": {
    "criteria": {
      "has_log": "2024-06-19 13:59:43 +0000"
    },
    "done": true
  },
  "ic2:stone_macerator_recipe_advancement": {
    "criteria": {
      "hasItem": "2024-06-19 14:06:41 +0000"
    },
    "done": true
  },
  "minecraft:recipes/decorations/oak_fence": {
    "criteria": {
      "has_planks": "2024-06-19 14:04:22 +0000"
    },
    "done": true
  },
  "farmersdelight:recipes/farmersdelight/cooking/apple_cider": {
    "criteria": {
      "has_apple": "2024-06-19 14:04:12 +0000"
    },
    "done": true
  },
  "paraglider:root": {
    "criteria": {
      "crafting_table": "2024-06-19 14:04:27 +0000"
    },
    "done": true
  },
  "pfm:recipes/pfm.furniture/cyan_arm_chair": {
    "criteria": {
      "has_wool": "2024-06-19 14:03:50 +0000"
    },
    "done": true
  },
  "cfm:recipes/cfm/spruce_table": {
    "criteria": {
      "has_log": "2024-06-19 13:59:43 +0000"
    },
    "done": true
  },
  "minecraft:recipes/food/baked_potato_from_grill_cooking": {
    "criteria": {
      "has_potato": "2024-06-23 11:35:32 +0000"
    },
    "done": true
  },
  "minecraft:recipes/food/baked_potato_from_campfire_cooking": {
    "criteria": {
      "has_potato": "2024-06-23 11:35:32 +0000"
    },
    "done": true
  },
  "minecraft:recipes/building_blocks/oak_slab": {
    "criteria": {
      "has_planks": "2024-06-19 14:04:22 +0000"
    },
    "done": true
  },
  "cfm:recipes/cfm/spruce_chair": {
    "criteria": {
      "has_log": "2024-06-19 13:59:43 +0000"
    },
    "done": true
  },
  "mcwwindows:recipes/granite": {
    "criteria": {
      "has_the_recipe": "2024-06-19 14:03:50 +0000"
    },
    "done": true
  },
  "pfm:recipes/pfm.furniture/oak_classic_stool": {
    "criteria": {
      "has_planks": "2024-06-19 14:04:22 +0000"
    },
    "done": true
  },
  "mca:recipes/building_blocks/headstones": {
    "criteria": {
      "has_ingredients": "2024-06-19 14:06:41 +0000"
    },
    "done": true
  },
  "cfm:recipes/cfm/stripped_oak_park_bench": {
    "criteria": {
      "has_log": "2024-06-19 14:03:50 +0000"
    },
    "done": true
  },
  "pfm:recipes/pfm.furniture/spruce_log_stool": {
    "criteria": {
      "has_log": "2024-06-19 13:59:43 +0000"
    },
    "done": true
  },
  "pfm:recipes/pfm.furniture/pink_arm_chair": {
    "criteria": {
      "has_wool": "2024-06-19 14:03:50 +0000"
    },
    "done": true
  },
  "pfm:recipes/pfm.furniture/oak_chair": {
    "criteria": {
      "has_planks": "2024-06-19 14:04:22 +0000"
    },
    "done": true
  },
  "framedblocks:recipes/framed_blocks/framed_cube": {
    "criteria": {
      "hasPlanks": "2024-06-19 14:04:22 +0000"
    },
    "done": true
  },
  "mcwwindows:recipes/andesite": {
    "criteria": {
      "has_the_recipe": "2024-06-19 14:03:50 +0000"
    },
    "done": true
  },
  "pfm:recipes/pfm.furniture/light_gray_simple_sofa": {
    "criteria": {
      "has_wool": "2024-06-19 14:03:50 +0000"
    },
    "done": true
  },
  "biomesoplenty:recipes/transportation/umbran_boat": {
    "criteria": {
      "in_water": "2024-06-23 11:35:29 +0000"
    },
    "done": true
  },
  "minecraft:recipes/misc/iron_ingot_from_blasting_raw_iron": {
    "criteria": {
      "has_raw_iron": "2024-06-19 14:17:31 +0000"
    },
    "done": true
  },
  "pfm:recipes/pfm.furniture/hellbark_biomesoplenty_yellow_classic_bed": {
    "criteria": {
      "has_bed": "2024-06-19 13:58:11 +0000"
    },
    "done": true
  },
  "cfm:recipes/cfm/crimson_kitchen_drawer": {
    "criteria": {
      "has_chest": "2024-06-23 11:39:00 +0000"
    },
    "done": true
  },
  "ic2:mv_charging_bench_bronze_recipe_advancement": {
    "criteria": {
      "hasItem": "2024-06-19 14:04:21 +0000"
    },
    "done": true
  },
  "pfm:recipes/pfm.furniture/oak_simple_stool": {
    "criteria": {
      "has_planks": "2024-06-19 14:04:22 +0000"
    },
    "done": true
  },
  "aquaculture:recipes/aquaculture/redstone_hook": {
    "criteria": {
      "has_items": "2024-06-19 13:56:08 +0000"
    },
    "done": true
  },
  "pfm:recipes/pfm.furniture/oak_kitchen_counter": {
    "criteria": {
      "has_planks": "2024-06-19 14:03:50 +0000"
    },
    "done": true
  },
  "ic2:mv_charging_bench_recipe_advancement": {
    "criteria": {
      "hasItem": "2024-06-19 14:04:21 +0000"
    },
    "done": true
  },
  "cfm:recipes/cfm/stripped_spruce_kitchen_drawer": {
    "criteria": {
      "has_log": "2024-06-19 13:59:43 +0000"
    },
    "done": true
  },
  "cfm:recipes/cfm/pink_cooler": {
    "criteria": {
      "has_chest": "2024-06-23 11:39:00 +0000"
    },
    "done": true
  },
  "farmersdelight:recipes/farmersdelight/cooking/baked_cod_stew": {
    "criteria": {
      "has_any_ingredient": "2024-06-23 11:35:32 +0000"
    },
    "done": true
  },
  "cfm:recipes/cfm/stripped_oak_crate": {
    "criteria": {
      "has_planks": "2024-06-19 14:03:50 +0000"
    },
    "done": true
  },
  "ic2:food_storage_module_recipe_advancement": {
    "criteria": {
      "hasItem": "2024-06-23 11:39:00 +0000"
    },
    "done": true
  },
  "cfm:recipes/cfm/cyan_kitchen_drawer": {
    "criteria": {
      "has_chest": "2024-06-23 11:39:00 +0000"
    },
    "done": true
  },
  "decorative_blocks:recipes/decorative_blocks.general/rocky_dirt": {
    "criteria": {
      "has_dirt": "2024-06-19 14:09:42 +0000"
    },
    "done": true
  },
  "cfm:recipes/cfm/fridge_dark": {
    "criteria": {
      "has_chest": "2024-06-23 11:39:00 +0000"
    },
    "done": true
  },
  "cfm:recipes/cfm/oak_chair": {
    "criteria": {
      "has_log": "2024-06-19 14:03:50 +0000"
    },
    "done": true
  },
  "cfm:recipes/cfm/blue_cooler": {
    "criteria": {
      "has_chest": "2024-06-23 11:39:00 +0000"
    },
    "done": true
  },
  "minecraft:recipes/building_blocks/spruce_wood": {
    "criteria": {
      "has_log": "2024-06-19 13:59:43 +0000"
    },
    "done": true
  },
  "cfm:recipes/cfm/mangrove_kitchen_drawer": {
    "criteria": {
      "has_chest": "2024-06-23 11:39:00 +0000"
    },
    "done": true
  },
  "mowziesmobs:root": {
    "criteria": {
      "custom_test_name": "2024-06-19 13:56:08 +0000"
    },
    "done": true
  },
  "ic2:terraformer_recipe_advancement": {
    "criteria": {
      "hasItem": "2024-06-19 14:09:42 +0000"
    },
    "done": true
  },
  "pfm:recipes/pfm.furniture/bloodshroom_tconstruct_yellow_classic_bed": {
    "criteria": {
      "has_bed": "2024-06-19 13:58:11 +0000"
    },
    "done": true
  },
  "ic2:lv_charging_bench_recipe_advancement": {
    "criteria": {
      "hasItem": "2024-06-19 14:04:21 +0000"
    },
    "done": true
  },
  "another_furniture:recipes/oak_drawer": {
    "criteria": {
      "has_planks": "2024-06-19 13:59:50 +0000"
    },
    "done": true
  },
  "cfm:recipes/cfm/blue_kitchen_drawer": {
    "criteria": {
      "has_chest": "2024-06-23 11:39:00 +0000"
    },
    "done": true
  },
  "minecraft:recipes/combat/wooden_sword": {
    "criteria": {
      "has_stick": "2024-06-19 13:59:50 +0000"
    },
    "done": true
  },
  "pfm:recipes/pfm.furniture/umbran_biomesoplenty_yellow_classic_bed": {
    "criteria": {
      "has_bed": "2024-06-19 13:58:11 +0000"
    },
    "done": true
  },
  "another_furniture:recipes/jungle_drawer": {
    "criteria": {
      "has_planks": "2024-06-19 13:59:50 +0000"
    },
    "done": true
  },
  "minecraft:recipes/building_blocks/oak_planks": {
    "criteria": {
      "has_logs": "2024-06-19 14:03:50 +0000"
    },
    "done": true
  },
  "cfm:recipes/cfm/spruce_coffee_table": {
    "criteria": {
      "has_log": "2024-06-19 13:59:43 +0000"
    },
    "done": true
  },
  "ic2:honey_cake_recipe_advancement": {
    "criteria": {
      "hasItem": "2024-06-23 11:35:42 +0000"
    },
    "done": true
  },
  "ic2:crop_harvester_recipe_advancement": {
    "criteria": {
      "hasItem": "2024-06-23 11:39:00 +0000"
    },
    "done": true
  },
  "ic2:barrel_0_recipe_advancement": {
    "criteria": {
      "hasItem": "2024-06-19 14:04:21 +0000"
    },
    "done": true
  },
  "mcwfurnitures:recipes/oak": {
    "criteria": {
      "has_wood": "2024-06-19 14:03:50 +0000"
    },
    "done": true
  },
  "cfm:recipes/cfm/stripped_oak_kitchen_counter": {
    "criteria": {
      "has_log": "2024-06-19 14:03:50 +0000"
    },
    "done": true
  },
  "pfm:recipes/pfm.furniture/birch_yellow_classic_bed": {
    "criteria": {
      "has_bed": "2024-06-19 13:58:11 +0000"
    },
    "done": true
  },
  "cfm:recipes/cfm/spruce_mail_box": {
    "criteria": {
      "has_chest": "2024-06-23 11:39:00 +0000"
    },
    "done": true
  },
  "cfm:recipes/cfm/purple_kitchen_drawer": {
    "criteria": {
      "has_chest": "2024-06-23 11:39:00 +0000"
    },
    "done": true
  },
  "ic2:copper_sign_recipe_advancement": {
    "criteria": {
      "hasItem": "2024-06-19 13:59:50 +0000"
    },
    "done": true
  },
  "cfm:recipes/cfm/stripped_spruce_desk_cabinet": {
    "criteria": {
      "has_planks": "2024-06-19 13:59:43 +0000"
    },
    "done": true
  },
  "aquaculture:recipes/aquaculture/diamond_hook": {
    "criteria": {
      "has_items": "2024-06-19 13:56:08 +0000"
    },
    "done": true
  },
  "ic2:treetap_recipe_advancement": {
    "criteria": {
      "hasItem": "2024-06-19 14:04:21 +0000"
    },
    "done": true
  },
  "pfm:recipes/pfm.furniture/stone_kitchen_counter_oven": {
    "criteria": {
      "has_planks": "2024-06-19 14:06:41 +0000"
    },
    "done": true
  },
  "pfm:recipes/pfm.furniture/redwood_biomesoplenty_yellow_classic_bed": {
    "criteria": {
      "has_bed": "2024-06-19 13:58:11 +0000"
    },
    "done": true
  },
  "mcwwindows:recipes/components": {
    "criteria": {
      "has_wood": "2024-06-19 14:03:50 +0000"
    },
    "done": true
  },
  "cfm:recipes/cfm/orange_kitchen_drawer": {
    "criteria": {
      "has_chest": "2024-06-23 11:39:00 +0000"
    },
    "done": true
  },
  "paraglider:recipes/paraglider/paraglider": {
    "criteria": {
      "has_stick": "2024-06-19 13:59:50 +0000"
    },
    "done": true
  },
  "minecraft:recipes/combat/crossbow": {
    "criteria": {
      "has_stick": "2024-06-19 13:59:50 +0000"
    },
    "done": true
  },
  "mcwwindows:recipes/warped": {
    "criteria": {
      "has_the_recipe": "2024-06-19 14:03:50 +0000"
    },
    "done": true
  },
  "mcwwindows:recipes/mangrove": {
    "criteria": {
      "has_the_recipe": "2024-06-19 14:03:50 +0000"
    },
    "done": true
  },
  "minecraft:recipes/decorations/oak_sign": {
    "criteria": {
      "has_planks": "2024-06-19 14:04:22 +0000"
    },
    "done": true
  },
  "cfm:recipes/cfm/stripped_birch_mail_box": {
    "criteria": {
      "has_chest": "2024-06-23 11:39:00 +0000"
    },
    "done": true
  },
  "minecraft:recipes/redstone/oak_trapdoor": {
    "criteria": {
      "has_planks": "2024-06-19 14:04:21 +0000"
    },
    "done": true
  },
  "pfm:recipes/pfm.furniture/warped_yellow_simple_bed": {
    "criteria": {
      "has_bed": "2024-06-19 13:58:11 +0000"
    },
    "done": true
  },
  "ic2:tfbp_cultivation_recipe_advancement": {
    "criteria": {
      "hasItem": "2024-06-19 14:21:53 +0000"
    },
    "done": true
  },
  "ic2:inventory_card_recipe_advancement": {
    "criteria": {
      "hasItem": "2024-06-23 11:39:00 +0000"
    },
    "done": true
  },
  "cfm:recipes/cfm/stripped_oak_desk": {
    "criteria": {
      "has_planks": "2024-06-19 14:03:50 +0000"
    },
    "done": true
  },
  "cfm:recipes/cfm/stripped_oak_mail_box": {
    "criteria": {
      "has_chest": "2024-06-23 11:39:00 +0000"
    },
    "done": true
  },
  "aquaculture:recipes/food/sushi": {
    "criteria": {
      "has_alt_items": "2024-06-19 13:56:08 +0000",
      "has_items": "2024-06-19 13:56:08 +0000"
    },
    "done": true
  },
  "securitycraft:recipes/securitycraft/reinforced_diorite": {
    "criteria": {
      "has_cobblestone": "2024-06-19 14:06:41 +0000"
    },
    "done": true
  },
  "pfm:recipes/pfm.furniture/greenheart_tconstruct_yellow_classic_bed": {
    "criteria": {
      "has_bed": "2024-06-19 13:58:11 +0000"
    },
    "done": true
  },
  "pfm:recipes/pfm.furniture/mangrove_yellow_classic_bed": {
    "criteria": {
      "has_bed": "2024-06-19 13:58:11 +0000"
    },
    "done": true
  },
  "alexsmobs:alexsmobs/seagull_steal": {
    "criteria": {
      "ex": "2024-06-23 11:37:29 +0000"
    },
    "done": true
  },
  "pfm:recipes/pfm.furniture/dark_oak_yellow_simple_bed": {
    "criteria": {
      "has_bed": "2024-06-19 13:58:11 +0000"
    },
    "done": true
  },
  "ic2:aluminum_axe_recipe_advancement": {
    "criteria": {
      "hasItem": "2024-06-19 13:59:50 +0000"
    },
    "done": true
  },
  "pfm:recipes/pfm.furniture/oak_kitchen_sink": {
    "criteria": {
      "has_planks": "2024-06-19 14:03:50 +0000"
    },
    "done": true
  },
  "pfm:recipes/pfm.furniture/oak_kitchen_cabinet": {
    "criteria": {
      "has_planks": "2024-06-19 14:03:50 +0000"
    },
    "done": true
  },
  "minecraft:recipes/building_blocks/stone": {
    "criteria": {
      "has_cobblestone": "2024-06-19 14:06:41 +0000"
    },
    "done": true
  },
  "another_furniture:recipes/warped_drawer": {
    "criteria": {
      "has_planks": "2024-06-19 13:59:50 +0000"
    },
    "done": true
  },
  "pfm:recipes/pfm.furniture/oak_modern_stool": {
    "criteria": {
      "has_planks": "2024-06-19 14:04:22 +0000"
    },
    "done": true
  },
  "biomesoplenty:recipes/transportation/hellbark_boat": {
    "criteria": {
      "in_water": "2024-06-23 11:35:29 +0000"
    },
    "done": true
  },
  "minecraft:adventure/adventuring_time": {
    "criteria": {
      "minecraft:river": "2024-06-23 11:37:07 +0000",
      "minecraft:stony_shore": "2024-06-23 11:36:54 +0000",
      "minecraft:forest": "2024-06-19 14:03:33 +0000",
      "minecraft:meadow": "2024-06-19 14:01:52 +0000",
      "minecraft:plains": "2024-06-19 14:00:11 +0000"
    },
    "done": false
  },
  "pfm:recipes/pfm.furniture/skyroot_tconstruct_yellow_classic_bed": {
    "criteria": {
      "has_bed": "2024-06-19 13:58:11 +0000"
    },
    "done": true
  },
  "minecraft:recipes/combat/stone_sword": {
    "criteria": {
      "has_cobblestone": "2024-06-19 14:06:41 +0000"
    },
    "done": true
  },
  "cfm:recipes/cfm/green_kitchen_drawer": {
    "criteria": {
      "has_chest": "2024-06-23 11:39:00 +0000"
    },
    "done": true
  },
  "pfm:recipes/pfm.furniture/pink_simple_sofa": {
    "criteria": {
      "has_wool": "2024-06-19 14:03:50 +0000"
    },
    "done": true
  },
  "minecraft:recipes/decorations/barrel": {
    "criteria": {
      "has_planks": "2024-06-19 14:04:22 +0000"
    },
    "done": true
  },
  "minecraft:recipes/decorations/cobblestone_wall": {
    "criteria": {
      "has_cobblestone": "2024-06-19 14:06:41 +0000"
    },
    "done": true
  },
  "minecraft:recipes/misc/iron_ingot_from_smelting_raw_iron": {
    "criteria": {
      "has_raw_iron": "2024-06-19 14:17:31 +0000"
    },
    "done": true
  },
  "pfm:recipes/pfm.furniture/fir_biomesoplenty_yellow_simple_bed": {
    "criteria": {
      "has_bed": "2024-06-19 13:58:11 +0000"
    },
    "done": true
  },
  "minecraft:recipes/tools/stone_pickaxe": {
    "criteria": {
      "has_cobblestone": "2024-06-19 14:06:41 +0000"
    },
    "done": true
  },
  "cfm:recipes/cfm/oak_desk_cabinet": {
    "criteria": {
      "has_log": "2024-06-19 14:03:50 +0000"
    },
    "done": true
  },
  "pfm:recipes/pfm.furniture/oak_table_basic": {
    "criteria": {
      "has_planks": "2024-06-19 14:04:22 +0000"
    },
    "done": true
  },
  "ic2:efficient_sawblade_upgrade_recipe_advancement": {
    "criteria": {
      "hasItem": "2024-06-19 13:59:50 +0000"
    },
    "done": true
  },
  "aquaculture:recipes/misc/bonemeal_from_fish_bones": {
    "criteria": {
      "has_items": "2024-06-19 13:56:08 +0000"
    },
    "done": true
  },
  "minecraft:recipes/decorations/cobblestone_wall_from_cobblestone_stonecutting": {
    "criteria": {
      "has_cobblestone": "2024-06-19 14:06:41 +0000"
    },
    "done": true
  },
  "bakingmod:recipes/misc/flour": {
    "criteria": {
      "has_wheat": "2024-06-23 11:35:42 +0000"
    },
    "done": true
  },
  "aquaculture:recipes/misc/gold_nugget_from_blasting": {
    "criteria": {
      "has_fishing_rod": "2024-06-19 13:56:08 +0000",
      "has_fillet_knife": "2024-06-19 13:56:08 +0000"
    },
    "done": true
  },
  "pfm:recipes/pfm.furniture/yellow_arm_chair": {
    "criteria": {
      "has_wool": "2024-06-19 14:03:50 +0000"
    },
    "done": true
  },
  "ic2:durable_sawblade_upgrade_recipe_advancement": {
    "criteria": {
      "hasItem": "2024-06-19 13:59:50 +0000"
    },
    "done": true
  },
  "ic2:tin_sign_recipe_advancement": {
    "criteria": {
      "hasItem": "2024-06-19 13:59:50 +0000"
    },
    "done": true
  },
  "cfm:recipes/cfm/light_gray_cooler": {
    "criteria": {
      "has_chest": "2024-06-23 11:39:00 +0000"
    },
    "done": true
  },
  "aquaculture:recipes/aquaculture/heavy_hook": {
    "criteria": {
      "has_items": "2024-06-19 13:56:08 +0000"
    },
    "done": true
  },
  "ic2:bronze_pickaxe_recipe_advancement": {
    "criteria": {
      "hasItem": "2024-06-19 13:59:50 +0000"
    },
    "done": true
  },
  "cfm:recipes/cfm/stripped_dark_oak_mail_box": {
    "criteria": {
      "has_chest": "2024-06-23 11:39:00 +0000"
    },
    "done": true
  },
  "cfm:recipes/cfm/red_kitchen_drawer": {
    "criteria": {
      "has_chest": "2024-06-23 11:39:00 +0000"
    },
    "done": true
  },
  "cfm:recipes/cfm/light_blue_kitchen_drawer": {
    "criteria": {
      "has_chest": "2024-06-23 11:39:00 +0000"
    },
    "done": true
  },
  "aquaculture:recipes/aquaculture/double_hook": {
    "criteria": {
      "has_items": "2024-06-19 13:56:08 +0000"
    },
    "done": true
  },
  "mcwwindows:recipes/oak": {
    "criteria": {
      "has_wood": "2024-06-19 14:03:50 +0000"
    },
    "done": true
  },
  "pfm:recipes/root": {
    "criteria": {
      "has_planks": "2024-06-19 14:04:22 +0000"
    },
    "done": true
  },
  "cfm:recipes/cfm/stripped_dark_oak_kitchen_drawer": {
    "criteria": {
      "has_chest": "2024-06-23 11:39:00 +0000"
    },
    "done": true
  },
  "another_furniture:recipes/oak_shelf": {
    "criteria": {
      "has_planks": "2024-06-19 14:04:22 +0000"
    },
    "done": true
  },
  "pfm:recipes/pfm.furniture/spruce_raw_table_log": {
    "criteria": {
      "has_log": "2024-06-19 13:59:43 +0000"
    },
    "done": true
  },
  "pfm:recipes/pfm.furniture/oak_kitchen_wall_small_drawer": {
    "criteria": {
      "has_planks": "2024-06-19 14:03:50 +0000"
    },
    "done": true
  },
  "cfm:recipes/cfm/light_blue_cooler": {
    "criteria": {
      "has_chest": "2024-06-23 11:39:00 +0000"
    },
    "done": true
  },
  "pfm:recipes/pfm.furniture/brown_simple_sofa": {
    "criteria": {
      "has_wool": "2024-06-19 14:03:50 +0000"
    },
    "done": true
  },
  "pfm:recipes/pfm.furniture/jungle_yellow_classic_bed": {
    "criteria": {
      "has_bed": "2024-06-19 13:58:11 +0000"
    },
    "done": true
  },
  "ic2:hv_battery_station_kit_indirect_recipe_advancement": {
    "criteria": {
      "hasItem": "2024-06-19 14:04:21 +0000"
    },
    "done": true
  },
  "pfm:recipes/pfm.furniture/oak_table_modern_dinner": {
    "criteria": {
      "has_planks": "2024-06-19 14:04:22 +0000"
    },
    "done": true
  },
  "biomesoplenty:recipes/transportation/jacaranda_boat": {
    "criteria": {
      "in_water": "2024-06-23 11:35:29 +0000"
    },
    "done": true
  },
  "securitycraft:recipes/securitycraft/reinforced_packed_mud": {
    "criteria": {
      "has_wheat": "2024-06-23 11:35:42 +0000"
    },
    "done": true
  },
  "cfm:recipes/cfm/stripped_acacia_mail_box": {
    "criteria": {
      "has_chest": "2024-06-23 11:39:00 +0000"
    },
    "done": true
  },
  "cfm:recipes/cfm/stripped_acacia_kitchen_drawer": {
    "criteria": {
      "has_chest": "2024-06-23 11:39:00 +0000"
    },
    "done": true
  },
  "cfm:recipes/cfm/purple_cooler": {
    "criteria": {
      "has_chest": "2024-06-23 11:39:00 +0000"
    },
    "done": true
  },
  "aquaculture:recipes/decorations/birch_fish_mount": {
    "criteria": {
      "has_items": "2024-06-19 13:56:08 +0000"
    },
    "done": true
  },
  "cfm:recipes/cfm/stripped_jungle_kitchen_drawer": {
    "criteria": {
      "has_chest": "2024-06-23 11:39:00 +0000"
    },
    "done": true
  },
  "cfm:recipes/cfm/birch_kitchen_drawer": {
    "criteria": {
      "has_chest": "2024-06-23 11:39:00 +0000"
    },
    "done": true
  },
  "aquaculture:recipes/aquaculture/bobber": {
    "criteria": {
      "has_items": "2024-06-19 13:56:08 +0000"
    },
    "done": true
  },
  "pfm:recipes/pfm.furniture/dark_oak_yellow_classic_bed": {
    "criteria": {
      "has_bed": "2024-06-19 13:58:11 +0000"
    },
    "done": true
  },
  "bakingmod:recipes/misc/baked_apple": {
    "criteria": {
      "has_apple": "2024-06-19 14:04:12 +0000"
    },
    "done": true
  },
  "ic2:root": {
    "criteria": {
      "hasCrafting": "2024-06-19 14:04:27 +0000"
    },
    "done": true
  },
  "ic2:storage_expansion_recipe_advancement": {
    "criteria": {
      "hasItem": "2024-06-23 11:39:00 +0000"
    },
    "done": true
  },
  "cfm:recipes/cfm/spruce_crate": {
    "criteria": {
      "has_log": "2024-06-19 13:59:43 +0000"
    },
    "done": true
  },
  "cfm:recipes/cfm/black_cooler": {
    "criteria": {
      "has_chest": "2024-06-23 11:39:00 +0000"
    },
    "done": true
  },
  "mcwwindows:recipes/stone": {
    "criteria": {
      "has_the_recipe": "2024-06-19 14:03:50 +0000"
    },
    "done": true
  },
  "minecraft:recipes/tools/stone_axe": {
    "criteria": {
      "has_cobblestone": "2024-06-19 14:06:41 +0000"
    },
    "done": true
  },
  "ic2:chocolate_cake_recipe_advancement": {
    "criteria": {
      "hasItem": "2024-06-23 11:35:42 +0000"
    },
    "done": true
  },
  "minecraft:recipes/building_blocks/raw_iron_block": {
    "criteria": {
      "has_raw_iron": "2024-06-19 14:17:31 +0000"
    },
    "done": true
  },
  "pfm:recipes/pfm.furniture/light_blue_arm_chair": {
    "criteria": {
      "has_wool": "2024-06-19 14:03:50 +0000"
    },
    "done": true
  },
  "ic2:upgrade_container_recipe_advancement": {
    "criteria": {
      "hasItem": "2024-06-23 11:39:00 +0000"
    },
    "done": true
  },
  "cfm:recipes/cfm/spruce_kitchen_counter": {
    "criteria": {
      "has_log": "2024-06-19 13:59:43 +0000"
    },
    "done": true
  },
  "ic2:coffee_cake_recipe_advancement": {
    "criteria": {
      "hasItem": "2024-06-23 11:35:42 +0000"
    },
    "done": true
  },
  "farmersdelight:recipes/farmersdelight/wheat_dough_from_eggs": {
    "criteria": {
      "has_wheat": "2024-06-23 11:35:42 +0000"
    },
    "done": true
  },
  "ic2:memory_expansion_recipe_advancement": {
    "criteria": {
      "hasItem": "2024-06-19 14:04:27 +0000"
    },
    "done": true
  },
  "pfm:recipes/pfm.furniture/magenta_arm_chair": {
    "criteria": {
      "has_wool": "2024-06-19 14:03:50 +0000"
    },
    "done": true
  },
  "farmersdelight:recipes/food/cooking/beetroot_soup": {
    "criteria": {
      "has_beetroot": "2024-06-23 11:35:37 +0000"
    },
    "done": true
  },
  "minecraft:recipes/building_blocks/cobblestone_stairs_from_cobblestone_stonecutting": {
    "criteria": {
      "has_cobblestone": "2024-06-19 14:06:41 +0000"
    },
    "done": true
  },
  "farmersdelight:recipes/farmersdelight/cooking/chicken_soup": {
    "criteria": {
      "has_any_ingredient": "2024-06-23 11:35:24 +0000"
    },
    "done": true
  },
  "cfm:recipes/cfm/white_cooler": {
    "criteria": {
      "has_chest": "2024-06-23 11:39:00 +0000"
    },
    "done": true
  },
  "aquaculture:recipes/aquaculture/note_hook": {
    "criteria": {
      "has_items": "2024-06-19 13:56:08 +0000"
    },
    "done": true
  },
  "biomesoplenty:recipes/transportation/willow_boat": {
    "criteria": {
      "in_water": "2024-06-23 11:35:29 +0000"
    },
    "done": true
  },
  "cfm:recipes/cfm/stripped_warped_mail_box": {
    "criteria": {
      "has_chest": "2024-06-23 11:39:00 +0000"
    },
    "done": true
  },
  "minecraft:recipes/decorations/campfire": {
    "criteria": {
      "has_stick": "2024-06-19 13:59:50 +0000"
    },
    "done": true
  },
  "minecraft:recipes/food/bread": {
    "criteria": {
      "has_wheat": "2024-06-23 11:35:42 +0000"
    },
    "done": true
  },
  "biomesoplenty:recipes/transportation/mahogany_boat": {
    "criteria": {
      "in_water": "2024-06-23 11:35:29 +0000"
    },
    "done": true
  },
  "ic2:parachute_module_recipe_advancement": {
    "criteria": {
      "hasItem": "2024-06-19 13:59:50 +0000"
    },
    "done": true
  },
  "another_furniture:recipes/oak_chair": {
    "criteria": {
      "has_planks": "2024-06-19 14:04:22 +0000"
    },
    "done": true
  },
  "ic2:planter_pot_dirt_recipe_advancement": {
    "criteria": {
      "hasItem": "2024-06-19 14:09:42 +0000"
    },
    "done": true
  },
  "pfm:recipes/pfm.furniture/greenheart_tconstruct_yellow_simple_bed": {
    "criteria": {
      "has_bed": "2024-06-19 13:58:11 +0000"
    },
    "done": true
  },
  "pfm:recipes/pfm.furniture/purple_simple_sofa": {
    "criteria": {
      "has_wool": "2024-06-19 14:03:50 +0000"
    },
    "done": true
  },
  "cfm:recipes/cfm/stripped_oak_chair": {
    "criteria": {
      "has_planks": "2024-06-19 14:03:50 +0000"
    },
    "done": true
  },
  "aquaculture:recipes/food/cooked_fish_fillet_from_campfire": {
    "criteria": {
      "has_items": "2024-06-19 13:56:08 +0000"
    },
    "done": true
  },
  "cfm:recipes/cfm/oak_crate": {
    "criteria": {
      "has_log": "2024-06-19 14:03:50 +0000"
    },
    "done": true
  },
  "minecraft:recipes/food/cooked_beef_from_grill_cooking": {
    "criteria": {
      "has_beef": "2024-06-19 14:23:17 +0000"
    },
    "done": true
  },
  "biomesoplenty:recipes/transportation/dead_boat": {
    "criteria": {
      "in_water": "2024-06-23 11:35:29 +0000"
    },
    "done": true
  },
  "minecraft:recipes/transportation/spruce_boat": {
    "criteria": {
      "in_water": "2024-06-23 11:35:29 +0000"
    },
    "done": true
  },
  "aquaculture:recipes/tools/wooden_fillet_knife": {
    "criteria": {
      "has_items": "2024-06-19 13:59:50 +0000"
    },
    "done": true
  },
  "ic2:crop_sticks_recipe_advancement": {
    "criteria": {
      "hasItem": "2024-06-19 13:59:50 +0000"
    },
    "done": true
  },
  "cfm:recipes/cfm/stripped_spruce_park_bench": {
    "criteria": {
      "has_log": "2024-06-19 13:59:43 +0000"
    },
    "done": true
  },
  "cfm:recipes/cfm/stripped_oak_table": {
    "criteria": {
      "has_planks": "2024-06-19 14:03:50 +0000"
    },
    "done": true
  },
  "mcwdoors:recipes/oak": {
    "criteria": {
      "has_wood": "2024-06-19 14:03:50 +0000"
    },
    "done": true
  },
  "minecraft:recipes/misc/red_dye_from_beetroot": {
    "criteria": {
      "has_beetroot": "2024-06-23 11:35:37 +0000"
    },
    "done": true
  },
  "ic2:mv_battery_station_kit_indirect_bronze_recipe_advancement": {
    "criteria": {
      "hasItem": "2024-06-19 14:04:21 +0000"
    },
    "done": true
  },
  "cfm:recipes/cfm/stripped_spruce_crate": {
    "criteria": {
      "has_planks": "2024-06-19 13:59:43 +0000"
    },
    "done": true
  },
  "cfm:recipes/cfm/green_cooler": {
    "criteria": {
      "has_chest": "2024-06-23 11:39:00 +0000"
    },
    "done": true
  },
  "cfm:recipes/cfm/oak_kitchen_counter": {
    "criteria": {
      "has_log": "2024-06-19 14:03:50 +0000"
    },
    "done": true
  },
  "pfm:recipes/pfm.furniture/oak_kitchen_wall_drawer": {
    "criteria": {
      "has_planks": "2024-06-19 14:03:50 +0000"
    },
    "done": true
  },
  "ic2:lv_battery_station_recipe_advancement": {
    "criteria": {
      "hasItem": "2024-06-19 14:04:21 +0000"
    },
    "done": true
  },
  "cfm:recipes/cfm/stripped_oak_kitchen_drawer": {
    "criteria": {
      "has_log": "2024-06-19 14:03:50 +0000"
    },
    "done": true
  },
  "cfm:recipes/cfm/light_gray_kitchen_drawer": {
    "criteria": {
      "has_chest": "2024-06-23 11:39:00 +0000"
    },
    "done": true
  },
  "minecraft:husbandry/balanced_diet": {
    "criteria": {
      "bread": "2024-06-19 14:02:45 +0000",
      "carrot": "2024-06-23 11:37:28 +0000"
    },
    "done": false
  },
  "cfm:recipes/cfm/stripped_spruce_mail_box": {
    "criteria": {
      "has_chest": "2024-06-23 11:39:00 +0000"
    },
    "done": true
  },
  "minecraft:recipes/tools/wooden_hoe": {
    "criteria": {
      "has_stick": "2024-06-19 13:59:50 +0000"
    },
    "done": true
  },
  "cfm:recipes/cfm/oak_blinds": {
    "criteria": {
      "has_log": "2024-06-19 14:03:50 +0000"
    },
    "done": true
  },
  "mcwwindows:recipes/dark_oak": {
    "criteria": {
      "has_the_recipe": "2024-06-19 14:03:50 +0000"
    },
    "done": true
  },
  "aquaculture:recipes/misc/neptunium_ingot_from_nuggets": {
    "criteria": {
      "has_items": "2024-06-19 13:56:08 +0000"
    },
    "done": true
  },
  "ic2:lemon_cake_recipe_advancement": {
    "criteria": {
      "hasItem": "2024-06-23 11:35:42 +0000"
    },
    "done": true
  },
  "pfm:recipes/pfm.furniture/bloodshroom_tconstruct_yellow_simple_bed": {
    "criteria": {
      "has_bed": "2024-06-19 13:58:11 +0000"
    },
    "done": true
  },
  "pfm:recipes/pfm.furniture/spruce_kitchen_drawer": {
    "criteria": {
      "has_planks": "2024-06-19 13:59:43 +0000"
    },
    "done": true
  },
  "cfm:recipes/cfm/oak_kitchen_sink_dark": {
    "criteria": {
      "has_bottom": "2024-06-19 14:04:22 +0000"
    },
    "done": true
  },
  "minecraft:recipes/building_blocks/cobblestone_stairs": {
    "criteria": {
      "has_cobblestone": "2024-06-19 14:06:41 +0000"
    },
    "done": true
  },
  "decorative_blocks:recipes/decorative_blocks.general/oak_palisade": {
    "criteria": {
      "has_log": "2024-06-19 14:03:50 +0000"
    },
    "done": true
  },
  "biomesoplenty:recipes/transportation/magic_boat": {
    "criteria": {
      "in_water": "2024-06-23 11:35:29 +0000"
    },
    "done": true
  },
  "ic2:energy_storage_upgrade_0_recipe_advancement": {
    "criteria": {
      "hasItem": "2024-06-19 14:04:21 +0000"
    },
    "done": true
  },
  "ic2:mv_battery_station_recipe_advancement": {
    "criteria": {
      "hasItem": "2024-06-19 14:04:21 +0000"
    },
    "done": true
  },
  "farmersdelight:recipes/food/cooking/rabbit_stew": {
    "criteria": {
      "has_any_ingredient": "2024-06-23 11:35:24 +0000"
    },
    "done": true
  },
  "mcwwindows:recipes/prismarine": {
    "criteria": {
      "has_the_recipe": "2024-06-19 14:03:50 +0000"
    },
    "done": true
  },
  "aquaculture:recipes/misc/gold_nugget_from_gold_fish": {
    "criteria": {
      "has_items": "2024-06-19 13:56:08 +0000"
    },
    "done": true
  },
  "pfm:recipes/pfm.furniture/skyroot_tconstruct_yellow_simple_bed": {
    "criteria": {
      "has_bed": "2024-06-19 13:58:11 +0000"
    },
    "done": true
  },
  "pfm:recipes/pfm.furniture/cyan_simple_sofa": {
    "criteria": {
      "has_wool": "2024-06-19 14:03:50 +0000"
    },
    "done": true
  },
  "mcwwindows:recipes/crimson": {
    "criteria": {
      "has_the_recipe": "2024-06-19 14:03:50 +0000"
    },
    "done": true
  },
  "ic2:filtered_fluid_scanner_recipe_advancement": {
    "criteria": {
      "hasItem": "2024-06-23 11:39:00 +0000"
    },
    "done": true
  },
  "aquaculture:recipes/food/cooked_fish_fillet_from_smoking": {
    "criteria": {
      "has_items": "2024-06-19 13:56:08 +0000"
    },
    "done": true
  },
  "ic2:ev_battery_station_kit_indirect_recipe_advancement": {
    "criteria": {
      "hasItem": "2024-06-19 14:04:21 +0000"
    },
    "done": true
  },
  "ic2:rocket_miner_recipe_advancement": {
    "criteria": {
      "hasItem": "2024-06-23 11:39:00 +0000"
    },
    "done": true
  },
  "pfm:recipes/pfm.furniture/white_simple_sofa": {
    "criteria": {
      "has_wool": "2024-06-19 14:03:50 +0000"
    },
    "done": true
  },
  "cfm:recipes/cfm/gray_cooler": {
    "criteria": {
      "has_chest": "2024-06-23 11:39:00 +0000"
    },
    "done": true
  },
  "cfm:recipes/cfm/cyan_cooler": {
    "criteria": {
      "has_chest": "2024-06-23 11:39:00 +0000"
    },
    "done": true
  },
  "minecraft:recipes/building_blocks/hay_block": {
    "criteria": {
      "has_wheat": "2024-06-23 11:35:42 +0000"
    },
    "done": true
  },
  "pfm:recipes/pfm.furniture/stone_kitchen_wall_small_drawer": {
    "criteria": {
      "has_planks": "2024-06-19 14:06:41 +0000"
    },
    "done": true
  },
  "ic2:aluminum_pickaxe_recipe_advancement": {
    "criteria": {
      "hasItem": "2024-06-19 13:59:50 +0000"
    },
    "done": true
  },
  "pfm:recipes/pfm.furniture/oak_classic_nightstand": {
    "criteria": {
      "has_planks": "2024-06-19 14:04:22 +0000"
    },
    "done": true
  },
  "minecraft:recipes/redstone/oak_fence_gate": {
    "criteria": {
      "has_planks": "2024-06-19 14:04:22 +0000"
    },
    "done": true
  },
  "pfm:recipes/pfm.furniture/willow_biomesoplenty_yellow_classic_bed": {
    "criteria": {
      "has_bed": "2024-06-19 13:58:11 +0000"
    },
    "done": true
  },
  "pfm:recipes/pfm.furniture/oak_raw_table_log": {
    "criteria": {
      "has_log": "2024-06-19 14:03:50 +0000"
    },
    "done": true
  },
  "pfm:recipes/pfm.furniture/stone_kitchen_wall_counter": {
    "criteria": {
      "has_planks": "2024-06-19 14:06:41 +0000"
    },
    "done": true
  },
  "ic2:torch_recipe_advancement": {
    "criteria": {
      "hasItem": "2024-06-19 13:59:50 +0000"
    },
    "done": true
  },
  "another_furniture:recipes/crimson_drawer": {
    "criteria": {
      "has_planks": "2024-06-19 13:59:50 +0000"
    },
    "done": true
  },
  "aquaculture:recipes/misc/neptunium_ingot_from_neptunium_block": {
    "criteria": {
      "has_items": "2024-06-19 13:56:08 +0000"
    },
    "done": true
  },
  "cfm:recipes/cfm/dark_oak_mail_box": {
    "criteria": {
      "has_chest": "2024-06-23 11:39:00 +0000"
    },
    "done": true
  },
  "aquaculture:recipes/aquaculture/light_hook": {
    "criteria": {
      "has_items": "2024-06-19 13:56:08 +0000"
    },
    "done": true
  },
  "pfm:recipes/pfm.furniture/jacaranda_biomesoplenty_yellow_classic_bed": {
    "criteria": {
      "has_bed": "2024-06-19 13:58:11 +0000"
    },
    "done": true
  },
  "pfm:recipes/pfm.furniture/magenta_simple_sofa": {
    "criteria": {
      "has_wool": "2024-06-19 14:03:50 +0000"
    },
    "done": true
  },
  "minecraft:story/mine_stone": {
    "criteria": {
      "get_stone": "2024-06-19 14:06:41 +0000"
    },
    "done": true
  },
  "cfm:recipes/cfm/stripped_spruce_table": {
    "criteria": {
      "has_planks": "2024-06-19 13:59:43 +0000"
    },
    "done": true
  },
  "minecraft:recipes/decorations/furnace": {
    "criteria": {
      "has_cobblestone": "2024-06-19 14:06:41 +0000"
    },
    "done": true
  },
  "cfm:recipes/cfm/spruce_blinds": {
    "criteria": {
      "has_log": "2024-06-19 13:59:43 +0000"
    },
    "done": true
  },
  "minecraft:recipes/food/beetroot_soup": {
    "criteria": {
      "has_beetroot": "2024-06-23 11:35:37 +0000"
    },
    "done": true
  },
  "minecraft:recipes/misc/charcoal": {
    "criteria": {
      "has_log": "2024-06-19 13:59:43 +0000"
    },
    "done": true
  },
  "minecraft:recipes/tools/wooden_pickaxe": {
    "criteria": {
      "has_stick": "2024-06-19 13:59:50 +0000"
    },
    "done": true
  },
  "minecraft:husbandry/root": {
    "criteria": {
      "consumed_item": "2024-06-19 14:02:45 +0000"
    },
    "done": true
  },
  "pfm:recipes/pfm.furniture/black_arm_chair": {
    "criteria": {
      "has_wool": "2024-06-19 14:03:50 +0000"
    },
    "done": true
  },
  "pfm:recipes/pfm.furniture/orange_arm_chair": {
    "criteria": {
      "has_wool": "2024-06-19 14:03:50 +0000"
    },
    "done": true
  },
  "minecraft:recipes/transportation/birch_boat": {
    "criteria": {
      "in_water": "2024-06-23 11:35:29 +0000"
    },
    "done": true
  },
  "pfm:recipes/pfm.furniture/spruce_kitchen_counter": {
    "criteria": {
      "has_planks": "2024-06-19 13:59:43 +0000"
    },
    "done": true
  },
  "ic2:tfbp_flatificator_recipe_advancement": {
    "criteria": {
      "hasItem": "2024-06-19 14:09:42 +0000"
    },
    "done": true
  },
  "securitycraft:recipes/securitycraft/sonic_security_system": {
    "criteria": {
      "has_stick": "2024-06-19 13:59:50 +0000"
    },
    "done": true
  },
  "pfm:recipes/pfm.furniture/light_blue_simple_sofa": {
    "criteria": {
      "has_wool": "2024-06-19 14:03:50 +0000"
    },
    "done": true
  },
  "ic2:hv_battery_station_recipe_advancement": {
    "criteria": {
      "hasItem": "2024-06-19 14:04:21 +0000"
    },
    "done": true
  },
  "aquaculture:recipes/tools/diamond_fishing_rod": {
    "criteria": {
      "has_vanilla_rod": "2024-06-19 13:56:08 +0000"
    },
    "done": true
  },
  "aquaculture:recipes/misc/red_mushroom_from_fish": {
    "criteria": {
      "has_items": "2024-06-19 13:56:08 +0000"
    },
    "done": true
  },
  "pfm:recipes/pfm.furniture/willow_biomesoplenty_yellow_simple_bed": {
    "criteria": {
      "has_bed": "2024-06-19 13:58:11 +0000"
    },
    "done": true
  },
  "ic2:mv_battery_station_kit_indirect_gold_recipe_advancement": {
    "criteria": {
      "hasItem": "2024-06-19 14:04:21 +0000"
    },
    "done": true
  },
  "ic2:rubberwood_sign_recipe_advancement": {
    "criteria": {
      "hasItem": "2024-06-19 13:59:50 +0000"
    },
    "done": true
  },
  "aquaculture:recipes/tools/stone_fillet_knife": {
    "criteria": {
      "has_items": "2024-06-19 14:06:41 +0000"
    },
    "done": true
  },
  "ic2:mv_charge_bench_kit_indirect_bronze_recipe_advancement": {
    "criteria": {
      "hasItem": "2024-06-19 14:04:21 +0000"
    },
    "done": true
  },
  "cfm:recipes/cfm/black_kitchen_drawer": {
    "criteria": {
      "has_chest": "2024-06-23 11:39:00 +0000"
    },
    "done": true
  },
  "ic2:wooden_scaffold_recipe_advancement": {
    "criteria": {
      "hasItem": "2024-06-19 13:59:50 +0000"
    },
    "done": true
  },
  "pfm:recipes/pfm.furniture/light_gray_arm_chair": {
    "criteria": {
      "has_wool": "2024-06-19 14:03:50 +0000"
    },
    "done": true
  },
  "farmersdelight:main/root": {
    "criteria": {
      "seeds": "2024-06-19 13:56:08 +0000"
    },
    "done": true
  },
  "mcwwindows:recipes/parapets": {
    "criteria": {
      "has_wood": "2024-06-19 14:04:22 +0000"
    },
    "done": true
  },
  "minecraft:recipes/tools/stone_hoe": {
    "criteria": {
      "has_cobblestone": "2024-06-19 14:06:41 +0000"
    },
    "done": true
  },
  "ic2:water_mill_recipe_advancement": {
    "criteria": {
      "hasItem": "2024-06-19 13:59:50 +0000"
    },
    "done": true
  },
  "minecraft:recipes/food/baked_potato_from_smoking": {
    "criteria": {
      "has_potato": "2024-06-23 11:35:32 +0000"
    },
    "done": true
  },
  "simplefarming:berries": {
    "criteria": {
      "blueberries": "2024-06-23 11:35:53 +0000",
      "strawberries": "2024-06-19 14:05:45 +0000"
    },
    "done": false
  },
  "cfm:recipes/cfm/stripped_mangrove_kitchen_drawer": {
    "criteria": {
      "has_chest": "2024-06-23 11:39:00 +0000"
    },
    "done": true
  },
  "aquaculture:recipes/misc/iron_nugget_from_blasting": {
    "criteria": {
      "has_fishing_rod": "2024-06-19 13:56:08 +0000",
      "has_fillet_knife": "2024-06-19 13:56:08 +0000"
    },
    "done": true
  },
  "aquaculture:recipes/building_blocks/planks_from_driftwood": {
    "criteria": {
      "has_items": "2024-06-19 13:56:08 +0000"
    },
    "done": true
  },
  "cfm:recipes/cfm/oak_upgraded_gate": {
    "criteria": {
      "has_log": "2024-06-19 14:03:50 +0000"
    },
    "done": true
  },
  "cfm:recipes/cfm/spruce_upgraded_fence": {
    "criteria": {
      "has_log": "2024-06-19 13:59:43 +0000"
    },
    "done": true
  },
  "cfm:recipes/cfm/crimson_mail_box": {
    "criteria": {
      "has_chest": "2024-06-23 11:39:00 +0000"
    },
    "done": true
  },
  "farmersdelight:recipes/farmersdelight/wheat_dough_from_water": {
    "criteria": {
      "has_wheat": "2024-06-23 11:35:42 +0000"
    },
    "done": true
  },
  "pfm:recipes/pfm.furniture/acacia_yellow_simple_bed": {
    "criteria": {
      "has_bed": "2024-06-19 13:58:11 +0000"
    },
    "done": true
  },
  "cfm:recipes/cfm/jungle_mail_box": {
    "criteria": {
      "has_chest": "2024-06-23 11:39:00 +0000"
    },
    "done": true
  },
  "cfm:recipes/cfm/stripped_spruce_coffee_table": {
    "criteria": {
      "has_planks": "2024-06-19 13:59:43 +0000"
    },
    "done": true
  },
  "minecraft:recipes/food/baked_potato": {
    "criteria": {
      "has_potato": "2024-06-23 11:35:32 +0000"
    },
    "done": true
  },
  "pfm:recipes/pfm.furniture/oak_yellow_classic_bed": {
    "criteria": {
      "has_bed": "2024-06-19 13:58:11 +0000"
    },
    "done": true
  },
  "ic2:cropmatron_recipe_advancement": {
    "criteria": {
      "hasItem": "2024-06-23 11:39:00 +0000"
    },
    "done": true
  },
  "pfm:recipes/pfm.furniture/oak_kitchen_wall_counter": {
    "criteria": {
      "has_planks": "2024-06-19 14:03:50 +0000"
    },
    "done": true
  },
  "ic2:mud_recipe_advancement": {
    "criteria": {
      "hasItem": "2024-06-19 14:09:42 +0000"
    },
    "done": true
  },
  "cfm:recipes/cfm/stripped_mangrove_mail_box": {
    "criteria": {
      "has_chest": "2024-06-23 11:39:00 +0000"
    },
    "done": true
  },
  "pfm:recipes/pfm.furniture/crimson_yellow_classic_bed": {
    "criteria": {
      "has_bed": "2024-06-19 13:58:11 +0000"
    },
    "done": true
  },
  "cfm:recipes/cfm/warped_kitchen_drawer": {
    "criteria": {
      "has_chest": "2024-06-23 11:39:00 +0000"
    },
    "done": true
  },
  "pfm:recipes/pfm.furniture/arm_chair_leather": {
    "criteria": {
      "has_wool": "2024-06-19 14:03:50 +0000"
    },
    "done": true
  },
  "minecraft:story/upgrade_tools": {
    "criteria": {
      "stone_pickaxe": "2024-06-19 14:07:48 +0000"
    },
    "done": true
  },
  "pfm:recipes/pfm.furniture/oak_table_log": {
    "criteria": {
      "has_log": "2024-06-19 14:04:22 +0000"
    },
    "done": true
  },
  "aquaculture:recipes/aquaculture/fishing_line": {
    "criteria": {
      "has_items": "2024-06-19 13:56:08 +0000"
    },
    "done": true
  },
  "minecraft:recipes/transportation/oak_boat": {
    "criteria": {
      "in_water": "2024-06-23 11:35:29 +0000"
    },
    "done": true
  },
  "aquaculture:recipes/misc/neptinium_ingot_from_blasting": {
    "criteria": {
      "has_leggings": "2024-06-19 13:56:08 +0000",
      "has_axe": "2024-06-19 13:56:08 +0000",
      "has_helmet": "2024-06-19 13:56:08 +0000",
      "has_fishing_rod": "2024-06-19 13:56:08 +0000",
      "has_bow": "2024-06-19 13:56:08 +0000",
      "has_chestplate": "2024-06-19 13:56:08 +0000",
      "has_sword": "2024-06-19 13:56:08 +0000",
      "has_fillet_knife": "2024-06-19 13:56:08 +0000",
      "has_shovel": "2024-06-19 13:56:08 +0000",
      "has_hoe": "2024-06-19 13:56:08 +0000",
      "has_boots": "2024-06-19 13:56:08 +0000",
      "has_pickaxe": "2024-06-19 13:56:08 +0000"
    },
    "done": true
  },
  "pfm:recipes/pfm.furniture/yellow_simple_sofa": {
    "criteria": {
      "has_wool": "2024-06-19 14:03:50 +0000"
    },
    "done": true
  },
  "cfm:recipes/cfm/stripped_warped_kitchen_drawer": {
    "criteria": {
      "has_chest": "2024-06-23 11:39:00 +0000"
    },
    "done": true
  },
  "cfm:recipes/cfm/oak_park_bench": {
    "criteria": {
      "has_log": "2024-06-19 14:03:50 +0000"
    },
    "done": true
  },
  "ic2:filtered_scanner_recipe_advancement": {
    "criteria": {
      "hasItem": "2024-06-23 11:39:00 +0000"
    },
    "done": true
  },
  "cfm:recipes/cfm/lime_cooler": {
    "criteria": {
      "has_chest": "2024-06-23 11:39:00 +0000"
    },
    "done": true
  },
  "minecraft:recipes/tools/wooden_axe": {
    "criteria": {
      "has_stick": "2024-06-19 13:59:50 +0000"
    },
    "done": true
  },
  "pfm:recipes/pfm.furniture/acacia_yellow_classic_bed": {
    "criteria": {
      "has_bed": "2024-06-19 13:58:11 +0000"
    },
    "done": true
  },
  "ic2:aluminum_hoe_recipe_advancement": {
    "criteria": {
      "hasItem": "2024-06-19 13:59:50 +0000"
    },
    "done": true
  },
  "farmersdelight:main/plant_all_crops": {
    "criteria": {
      "carrot": "2024-06-23 11:35:25 +0000"
    },
    "done": false
  },
  "cfm:recipes/cfm/acacia_mail_box": {
    "criteria": {
      "has_chest": "2024-06-23 11:39:00 +0000"
    },
    "done": true
  },
  "cfm:recipes/cfm/warped_mail_box": {
    "criteria": {
      "has_chest": "2024-06-23 11:39:00 +0000"
    },
    "done": true
  },
  "aquaculture:recipes/misc/tin_can_to_iron_nugget_from_blasting": {
    "criteria": {
      "has_items": "2024-06-19 13:56:08 +0000"
    },
    "done": true
  },
  "pfm:recipes/pfm.furniture/white_arm_chair": {
    "criteria": {
      "has_wool": "2024-06-19 14:03:50 +0000"
    },
    "done": true
  },
  "cfm:recipes/cfm/stripped_crimson_mail_box": {
    "criteria": {
      "has_chest": "2024-06-23 11:39:00 +0000"
    },
    "done": true
  },
  "pfm:recipes/pfm.furniture/blue_arm_chair": {
    "criteria": {
      "has_wool": "2024-06-19 14:03:50 +0000"
    },
    "done": true
  },
  "pfm:recipes/pfm.furniture/spruce_yellow_simple_bed": {
    "criteria": {
      "has_bed": "2024-06-19 13:58:11 +0000"
    },
    "done": true
  },
  "another_furniture:recipes/furniture_hammer": {
    "criteria": {
      "has_stick": "2024-06-19 13:59:50 +0000"
    },
    "done": true
  },
  "pfm:recipes/pfm.furniture/stone_kitchen_counter": {
    "criteria": {
      "has_planks": "2024-06-19 14:06:41 +0000"
    },
    "done": true
  },
  "biomesoplenty:recipes/transportation/palm_boat": {
    "criteria": {
      "in_water": "2024-06-23 11:35:29 +0000"
    },
    "done": true
  },
  "farmersdelight:recipes/farmersdelight/cooking/fried_rice": {
    "criteria": {
      "has_any_ingredient": "2024-06-23 11:35:24 +0000"
    },
    "done": true
  },
  "ic2:refined_iron_sign_recipe_advancement": {
    "criteria": {
      "hasItem": "2024-06-19 13:59:50 +0000"
    },
    "done": true
  },
  "ic2:piston_recipe_advancement": {
    "criteria": {
      "hasItem": "2024-06-19 14:04:21 +0000"
    },
    "done": true
  },
  "mcwwindows:recipes/blinds": {
    "criteria": {
      "has_wood": "2024-06-19 14:04:22 +0000",
      "has_the_recipe": "2024-06-19 14:04:22 +0000"
    },
    "done": true
  },
  "pfm:recipes/pfm.furniture/red_arm_chair": {
    "criteria": {
      "has_wool": "2024-06-19 14:03:50 +0000"
    },
    "done": true
  },
  "farmersdelight:recipes/farmersdelight/cooking/pasta_with_meatballs": {
    "criteria": {
      "has_any_ingredient": "2024-06-19 14:23:17 +0000"
    },
    "done": true
  },
  "biomesoplenty:recipes/transportation/redwood_boat": {
    "criteria": {
      "in_water": "2024-06-23 11:35:29 +0000"
    },
    "done": true
  },
  "pfm:recipes/pfm.furniture/spruce_kitchen_sink": {
    "criteria": {
      "has_planks": "2024-06-19 13:59:43 +0000"
    },
    "done": true
  },
  "aquaculture:recipes/food/cooked_fish_fillet": {
    "criteria": {
      "has_items": "2024-06-19 13:56:08 +0000"
    },
    "done": true
  },
  "cfm:recipes/cfm/stripped_birch_kitchen_drawer": {
    "criteria": {
      "has_chest": "2024-06-23 11:39:00 +0000"
    },
    "done": true
  },
  "ic2:rail_recipe_advancement": {
    "criteria": {
      "hasItem": "2024-06-19 13:59:50 +0000"
    },
    "done": true
  },
  "pfm:recipes/pfm.furniture/dead_biomesoplenty_yellow_classic_bed": {
    "criteria": {
      "has_bed": "2024-06-19 13:58:11 +0000"
    },
    "done": true
  },
  "farmersdelight:recipes/farmersdelight/cooking/ratatouille": {
    "criteria": {
      "has_any_ingredient": "2024-06-23 11:35:37 +0000"
    },
    "done": true
  },
  "cfm:recipes/cfm/stripped_jungle_mail_box": {
    "criteria": {
      "has_chest": "2024-06-23 11:39:00 +0000"
    },
    "done": true
  },
  "pfm:recipes/pfm.furniture/oak_kitchen_drawer": {
    "criteria": {
      "has_planks": "2024-06-19 14:03:50 +0000"
    },
    "done": true
  },
  "ic2:personal_chest_recipe_advancement": {
    "criteria": {
      "hasItem": "2024-06-23 11:39:00 +0000"
    },
    "done": true
  },
  "ic2:ev_battery_station_recipe_advancement": {
    "criteria": {
      "hasItem": "2024-06-19 14:04:21 +0000"
    },
    "done": true
  },
  "another_furniture:recipes/birch_drawer": {
    "criteria": {
      "has_planks": "2024-06-19 13:59:50 +0000"
    },
    "done": true
  },
  "securitycraft:recipes/securitycraft/sc_manual": {
    "criteria": {
      "has_wood": "2024-06-19 13:59:43 +0000"
    },
    "done": true
  },
  "mcwfurnitures:recipes/spruce": {
    "criteria": {
      "has_wood": "2024-06-19 13:59:43 +0000"
    },
    "done": true
  },
  "minecraft:recipes/building_blocks/coal_block": {
    "criteria": {
      "has_coal": "2024-06-19 14:08:57 +0000"
    },
    "done": true
  },
  "cfm:recipes/cfm/stripped_oak_bedside_cabinet": {
    "criteria": {
      "has_planks": "2024-06-19 14:03:50 +0000"
    },
    "done": true
  },
  "aquaculture:recipes/aquaculture/gold_hook": {
    "criteria": {
      "has_items": "2024-06-19 13:56:08 +0000"
    },
    "done": true
  },
  "cfm:recipes/cfm/spruce_upgraded_gate": {
    "criteria": {
      "has_log": "2024-06-19 13:59:43 +0000"
    },
    "done": true
  },
  "minecraft:recipes/tools/stone_shovel": {
    "criteria": {
      "has_cobblestone": "2024-06-19 14:06:41 +0000"
    },
    "done": true
  },
  "pfm:recipes/pfm.furniture/spruce_kitchen_wall_small_drawer": {
    "criteria": {
      "has_planks": "2024-06-19 13:59:43 +0000"
    },
    "done": true
  },
  "pfm:recipes/pfm.furniture/spruce_kitchen_cabinet": {
    "criteria": {
      "has_planks": "2024-06-19 13:59:43 +0000"
    },
    "done": true
  },
  "cfm:recipes/cfm/oak_mail_box": {
    "criteria": {
      "has_chest": "2024-06-23 11:39:00 +0000"
    },
    "done": true
  },
  "securitycraft:recipes/securitycraft/reinforced_andesite": {
    "criteria": {
      "has_cobblestone": "2024-06-19 14:06:41 +0000"
    },
    "done": true
  },
  "ic2:toolbox_recipe_advancement": {
    "criteria": {
      "hasItem": "2024-06-23 11:39:00 +0000"
    },
    "done": true
  },
  "cfm:recipes/cfm/white_kitchen_drawer": {
    "criteria": {
      "has_chest": "2024-06-23 11:39:00 +0000"
    },
    "done": true
  },
  "cfm:recipes/cfm/oak_table": {
    "criteria": {
      "has_log": "2024-06-19 14:03:50 +0000"
    },
    "done": true
  },
  "pfm:recipes/pfm.furniture/green_simple_sofa": {
    "criteria": {
      "has_wool": "2024-06-19 14:03:50 +0000"
    },
    "done": true
  },
  "ic2:stone_canner_recipe_advancement": {
    "criteria": {
      "hasItem": "2024-06-19 14:04:27 +0000"
    },
    "done": true
  },
  "cfm:recipes/cfm/spruce_desk": {
    "criteria": {
      "has_log": "2024-06-19 13:59:43 +0000"
    },
    "done": true
  },
  "pfm:recipes/pfm.furniture/stone_kitchen_drawer": {
    "criteria": {
      "has_planks": "2024-06-19 14:06:41 +0000"
    },
    "done": true
  },
  "pfm:recipes/pfm.furniture/spruce_kitchen_wall_drawer": {
    "criteria": {
      "has_planks": "2024-06-19 13:59:43 +0000"
    },
    "done": true
  },
  "pfm:recipes/pfm.furniture/redwood_biomesoplenty_yellow_simple_bed": {
    "criteria": {
      "has_bed": "2024-06-19 13:58:11 +0000"
    },
    "done": true
  },
  "cfm:recipes/cfm/stripped_spruce_chair": {
    "criteria": {
      "has_planks": "2024-06-19 13:59:43 +0000"
    },
    "done": true
  },
  "mcwwindows:recipes/birch": {
    "criteria": {
      "has_the_recipe": "2024-06-19 14:03:50 +0000"
    },
    "done": true
  },
  "minecraft:recipes/redstone/oak_pressure_plate": {
    "criteria": {
      "has_planks": "2024-06-19 14:04:22 +0000"
    },
    "done": true
  },
  "pfm:recipes/pfm.furniture/umbran_biomesoplenty_yellow_simple_bed": {
    "criteria": {
      "has_bed": "2024-06-19 13:58:11 +0000"
    },
    "done": true
  },
  "mcwwindows:recipes/shutters": {
    "criteria": {
      "has_wood": "2024-06-19 14:04:22 +0000"
    },
    "done": true
  },
  "biomesoplenty:biomesoplenty/root": {
    "criteria": {
      "field": "2024-06-19 13:56:09 +0000"
    },
    "done": true
  },
  "decorative_blocks:recipes/decorative_blocks.general/chandelier": {
    "criteria": {
      "has_torch": "2024-06-19 14:15:17 +0000"
    },
    "done": true
  },
  "cfm:recipes/cfm/oak_desk": {
    "criteria": {
      "has_log": "2024-06-19 14:03:50 +0000"
    },
    "done": true
  },
  "pfm:recipes/pfm.furniture/warped_yellow_classic_bed": {
    "criteria": {
      "has_bed": "2024-06-19 13:58:11 +0000"
    },
    "done": true
  },
  "aquaculture:recipes/misc/tin_can_to_iron_nugget": {
    "criteria": {
      "has_items": "2024-06-19 13:56:08 +0000"
    },
    "done": true
  },
  "cfm:recipes/cfm/stripped_spruce_kitchen_counter": {
    "criteria": {
      "has_log": "2024-06-19 13:59:43 +0000"
    },
    "done": true
  },
  "ic2:energy_storage_upgrade_1_recipe_advancement": {
    "criteria": {
      "hasItem": "2024-06-19 14:04:21 +0000"
    },
    "done": true
  },
  "minecraft:recipes/building_blocks/oak_wood": {
    "criteria": {
      "has_log": "2024-06-19 14:03:50 +0000"
    },
    "done": true
  },
  "pfm:recipes/pfm.furniture/magic_biomesoplenty_yellow_simple_bed": {
    "criteria": {
      "has_bed": "2024-06-19 13:58:11 +0000"
    },
    "done": true
  },
  "minecraft:story/root": {
    "criteria": {
      "crafting_table": "2024-06-19 14:04:25 +0000"
    },
    "done": true
  },
  "pfm:recipes/pfm.furniture/spruce_kitchen_wall_counter": {
    "criteria": {
      "has_planks": "2024-06-19 13:59:43 +0000"
    },
    "done": true
  },
  "pfm:recipes/pfm.furniture/stone_kitchen_sink": {
    "criteria": {
      "has_planks": "2024-06-19 14:06:41 +0000"
    },
    "done": true
  },
  "ic2:lv_loader_recipe_advancement": {
    "criteria": {
      "hasItem": "2024-06-19 14:04:21 +0000"
    },
    "done": true
  },
  "cfm:recipes/cfm/magenta_cooler": {
    "criteria": {
      "has_chest": "2024-06-23 11:39:00 +0000"
    },
    "done": true
  },
  "cfm:recipes/cfm/orange_cooler": {
    "criteria": {
      "has_chest": "2024-06-23 11:39:00 +0000"
    },
    "done": true
  },
  "ic2:reactor_planner_recipe_advancement": {
    "criteria": {
      "hasItem": "2024-06-23 11:39:00 +0000"
    },
    "done": true
  },
  "pfm:recipes/pfm.furniture/oak_table_dinner": {
    "criteria": {
      "has_planks": "2024-06-19 14:04:22 +0000"
    },
    "done": true
  },
  "pfm:grant_book_on_first_join": {
    "criteria": {
      "tick": "2024-06-19 13:56:08 +0000"
    },
    "done": true
  },
  "decorative_blocks:recipes/decorative_blocks.general/oak_seat": {
    "criteria": {
      "has_plank": "2024-06-19 14:04:22 +0000"
    },
    "done": true
  },
  "pfm:recipes/pfm.furniture/oak_kitchen_counter_oven": {
    "criteria": {
      "has_planks": "2024-06-19 14:03:50 +0000"
    },
    "done": true
  },
  "minecraft:recipes/redstone/oak_button": {
    "criteria": {
      "has_planks": "2024-06-19 14:04:22 +0000"
    },
    "done": true
  },
  "ic2:rubber_sapling_recipe_advancement": {
    "criteria": {
      "hasItem": "2024-06-19 14:08:38 +0000"
    },
    "done": true
  },
  "ic2:crafting_upgrade_recipe_advancement": {
    "criteria": {
      "hasItem": "2024-06-19 14:04:27 +0000"
    },
    "done": true
  },
  "cfm:recipes/cfm/acacia_kitchen_drawer": {
    "criteria": {
      "has_chest": "2024-06-23 11:39:00 +0000"
    },
    "done": true
  },
  "pfm:recipes/pfm.furniture/mahogany_biomesoplenty_yellow_classic_bed": {
    "criteria": {
      "has_bed": "2024-06-19 13:58:11 +0000"
    },
    "done": true
  },
  "ic2:cf_sprayer_recipe_advancement": {
    "criteria": {
      "hasItem": "2024-06-19 13:59:50 +0000"
    },
    "done": true
  },
  "cfm:recipes/cfm/oak_cabinet": {
    "criteria": {
      "has_log": "2024-06-19 14:03:50 +0000"
    },
    "done": true
  },
  "pfm:recipes/pfm.furniture/oak_simple_bunk_ladder": {
    "criteria": {
      "has_planks": "2024-06-19 14:04:22 +0000"
    },
    "done": true
  },
  "ic2:raw_tin_block_recipe_advancement": {
    "criteria": {
      "hasItem": "2024-06-19 14:14:25 +0000"
    },
    "done": true
  },
  "aquaculture:recipes/misc/iron_nugget_from_smelting": {
    "criteria": {
      "has_fishing_rod": "2024-06-19 13:56:08 +0000",
      "has_fillet_knife": "2024-06-19 13:56:08 +0000"
    },
    "done": true
  },
  "farmersdelight:recipes/farmersdelight/flint_knife": {
    "criteria": {
      "has_stick": "2024-06-19 13:59:50 +0000"
    },
    "done": true
  },
  "mcwwindows:recipes/blackstone": {
    "criteria": {
      "has_the_recipe": "2024-06-19 14:03:50 +0000"
    },
    "done": true
  },
  "aquaculture:recipes/decorations/oak_fish_mount": {
    "criteria": {
      "has_items": "2024-06-19 13:56:08 +0000"
    },
    "done": true
  },
  "ic2:batbox_recipe_advancement": {
    "criteria": {
      "hasItem": "2024-06-19 14:04:21 +0000"
    },
    "done": true
  },
  "aquaculture:recipes/decorations/dark_oak_fish_mount": {
    "criteria": {
      "has_items": "2024-06-19 13:56:08 +0000"
    },
    "done": true
  },
  "cfm:recipes/cfm/jungle_kitchen_drawer": {
    "criteria": {
      "has_chest": "2024-06-23 11:39:00 +0000"
    },
    "done": true
  },
  "minecraft:recipes/food/cooked_beef": {
    "criteria": {
      "has_beef": "2024-06-19 14:23:17 +0000"
    },
    "done": true
  },
  "decorative_blocks:recipes/decorations/torch_from_chandelier": {
    "criteria": {
      "has_torch": "2024-06-19 14:15:17 +0000"
    },
    "done": true
  },
  "pfm:recipes/pfm.furniture/stone_kitchen_cabinet": {
    "criteria": {
      "has_planks": "2024-06-19 14:06:41 +0000"
    },
    "done": true
  },
  "ic2:plant_ball_seed_recipe_advancement": {
    "criteria": {
      "hasItem": "2024-06-19 14:04:12 +0000"
    },
    "done": true
  },
  "cfm:recipes/cfm/birch_mail_box": {
    "criteria": {
      "has_chest": "2024-06-23 11:39:00 +0000"
    },
    "done": true
  },
  "ic2:bronze_sign_recipe_advancement": {
    "criteria": {
      "hasItem": "2024-06-19 13:59:50 +0000"
    },
    "done": true
  },
  "pfm:recipes/pfm.furniture/red_simple_sofa": {
    "criteria": {
      "has_wool": "2024-06-19 14:03:50 +0000"
    },
    "done": true
  },
  "cfm:recipes/cfm/stripped_crimson_kitchen_drawer": {
    "criteria": {
      "has_chest": "2024-06-23 11:39:00 +0000"
    },
    "done": true
  },
  "minecraft:recipes/redstone/oak_door": {
    "criteria": {
      "has_planks": "2024-06-19 14:04:22 +0000"
    },
    "done": true
  },
  "pfm:recipes/pfm.furniture/birch_yellow_simple_bed": {
    "criteria": {
      "has_bed": "2024-06-19 13:58:11 +0000"
    },
    "done": true
  },
  "another_furniture:recipes/acacia_drawer": {
    "criteria": {
      "has_planks": "2024-06-19 13:59:50 +0000"
    },
    "done": true
  },
  "pfm:recipes/pfm.furniture/stone_kitchen_wall_drawer": {
    "criteria": {
      "has_planks": "2024-06-19 14:06:41 +0000"
    },
    "done": true
  },
  "securitycraft:recipes/securitycraft/motion_activated_light": {
    "criteria": {
      "has_stick": "2024-06-19 13:59:50 +0000"
    },
    "done": true
  },
  "minecraft:recipes/transportation/jungle_boat": {
    "criteria": {
      "in_water": "2024-06-23 11:35:29 +0000"
    },
    "done": true
  },
  "cfm:recipes/cfm/door_mat": {
    "criteria": {
      "has_wheat": "2024-06-23 11:35:42 +0000"
    },
    "done": true
  },
  "ic2:bronze_sword_recipe_advancement": {
    "criteria": {
      "hasItem": "2024-06-19 13:59:50 +0000"
    },
    "done": true
  },
  "mcwwindows:recipes/jungle": {
    "criteria": {
      "has_the_recipe": "2024-06-19 14:03:50 +0000"
    },
    "done": true
  },
  "tconstruct:recipes/tconstruct/general/tables/pattern": {
    "criteria": {
      "has_item": "2024-06-19 13:59:50 +0000"
    },
    "done": true
  },
  "aquaculture:recipes/aquaculture/iron_hook": {
    "criteria": {
      "has_items": "2024-06-19 13:56:08 +0000"
    },
    "done": true
  },
  "pfm:recipes/pfm.furniture/oak_chair_classic": {
    "criteria": {
      "has_planks": "2024-06-19 14:04:22 +0000"
    },
    "done": true
  },
  "minecraft:recipes/transportation/dark_oak_boat": {
    "criteria": {
      "in_water": "2024-06-23 11:35:29 +0000"
    },
    "done": true
  },
  "minecraft:recipes/transportation/carrot_on_a_stick": {
    "criteria": {
      "has_carrot": "2024-06-23 11:35:24 +0000"
    },
    "done": true
  },
  "ic2:iv_battery_station_recipe_advancement": {
    "criteria": {
      "hasItem": "2024-06-19 14:04:21 +0000"
    },
    "done": true
  },
  "another_furniture:recipes/oak_table": {
    "criteria": {
      "has_planks": "2024-06-19 14:04:22 +0000"
    },
    "done": true
  },
  "aquaculture:recipes/decorations/jungle_fish_mount": {
    "criteria": {
      "has_items": "2024-06-19 13:56:08 +0000"
    },
    "done": true
  },
  "mcwwindows:recipes/spruce": {
    "criteria": {
      "has_wood": "2024-06-19 13:59:43 +0000"
    },
    "done": true
  },
  "pfm:recipes/pfm.furniture/dead_biomesoplenty_yellow_simple_bed": {
    "criteria": {
      "has_bed": "2024-06-19 13:58:11 +0000"
    },
    "done": true
  },
  "ic2:silver_sign_recipe_advancement": {
    "criteria": {
      "hasItem": "2024-06-19 13:59:50 +0000"
    },
    "done": true
  },
  "cfm:recipes/cfm/yellow_kitchen_drawer": {
    "criteria": {
      "has_chest": "2024-06-23 11:39:00 +0000"
    },
    "done": true
  },
  "ic2:recycler_recipe_advancement": {
    "criteria": {
      "hasItem": "2024-06-19 14:09:42 +0000"
    },
    "done": true
  },
  "cfm:recipes/cfm/oak_upgraded_fence": {
    "criteria": {
      "has_log": "2024-06-19 14:03:50 +0000"
    },
    "done": true
  },
  "ic2:iv_charging_bench_recipe_advancement": {
    "criteria": {
      "hasItem": "2024-06-19 14:04:21 +0000"
    },
    "done": true
  },
  "pfm:recipes/pfm.furniture/cherry_biomesoplenty_yellow_simple_bed": {
    "criteria": {
      "has_bed": "2024-06-19 13:58:11 +0000"
    },
    "done": true
  },
  "pfm:recipes/pfm.furniture/lime_arm_chair": {
    "criteria": {
      "has_wool": "2024-06-19 14:03:50 +0000"
    },
    "done": true
  },
  "ic2:rubberwood_fence_gate_recipe_advancement": {
    "criteria": {
      "hasItem": "2024-06-19 13:59:50 +0000"
    },
    "done": true
  },
  "pfm:recipes/pfm.furniture/gray_arm_chair": {
    "criteria": {
      "has_wool": "2024-06-19 14:03:50 +0000"
    },
    "done": true
  },
  "ic2:wooden_rotor_recipe_advancement": {
    "criteria": {
      "hasItem": "2024-06-19 13:59:50 +0000"
    },
    "done": true
  },
  "minecraft:recipes/food/cooked_beef_from_campfire_cooking": {
    "criteria": {
      "has_beef": "2024-06-19 14:23:17 +0000"
    },
    "done": true
  },
  "pfm:recipes/pfm.furniture/oak_chair_modern": {
    "criteria": {
      "has_planks": "2024-06-19 14:04:22 +0000"
    },
    "done": true
  },
  "minecraft:recipes/decorations/soul_campfire": {
    "criteria": {
      "has_stick": "2024-06-19 13:59:50 +0000"
    },
    "done": true
  },
  "ic2:ev_charge_bench_kit_indirect_recipe_advancement": {
    "criteria": {
      "hasItem": "2024-06-19 14:04:21 +0000"
    },
    "done": true
  },
  "pfm:recipes/pfm.furniture/jungle_yellow_simple_bed": {
    "criteria": {
      "has_bed": "2024-06-19 13:58:11 +0000"
    },
    "done": true
  },
  "ic2:bronze_shovel_recipe_advancement": {
    "criteria": {
      "hasItem": "2024-06-19 13:59:50 +0000"
    },
    "done": true
  },
  "cfm:recipes/cfm/oak_kitchen_sink_light": {
    "criteria": {
      "has_bottom": "2024-06-19 14:04:22 +0000"
    },
    "done": true
  },
  "cfm:recipes/cfm/spruce_desk_cabinet": {
    "criteria": {
      "has_log": "2024-06-19 13:59:43 +0000"
    },
    "done": true
  },
  "cfm:recipes/cfm/oak_coffee_table": {
    "criteria": {
      "has_log": "2024-06-19 14:03:50 +0000"
    },
    "done": true
  },
  "cfm:recipes/cfm/fridge_light": {
    "criteria": {
      "has_chest": "2024-06-23 11:39:00 +0000"
    },
    "done": true
  },
  "DataVersion": 3120
}