{
  "ic2:coffee_cake_recipe_advancement": {
    "criteria": {
      "hasItem": "2024-06-22 12:41:04 +0000"
    },
    "done": true
  },
  "cfm:recipes/cfm/spruce_kitchen_counter": {
    "criteria": {
      "has_log": "2024-06-22 12:44:23 +0000"
    },
    "done": true
  },
  "cfm:recipes/cfm/spruce_kitchen_drawer": {
    "criteria": {
      "has_log": "2024-06-22 12:44:23 +0000"
    },
    "done": true
  },
  "minecraft:recipes/tools/fishing_rod": {
    "criteria": {
      "has_string": "2024-06-22 12:41:23 +0000"
    },
    "done": true
  },
  "farmersdelight:recipes/farmersdelight/wheat_dough_from_eggs": {
    "criteria": {
      "has_wheat": "2024-06-22 12:41:04 +0000"
    },
    "done": true
  },
  "ic2:mv_charge_bench_kit_indirect_gold_recipe_advancement": {
    "criteria": {
      "hasItem": "2024-06-22 12:44:42 +0000"
    },
    "done": true
  },
  "ic2:memory_expansion_recipe_advancement": {
    "criteria": {
      "hasItem": "2024-06-22 12:44:45 +0000"
    },
    "done": true
  },
  "ic2:plant_ball_sapling_recipe_advancement": {
    "criteria": {
      "hasItem": "2024-06-22 12:45:22 +0000"
    },
    "done": true
  },
  "minecraft:recipes/redstone/lever": {
    "criteria": {
      "has_cobblestone": "2024-06-22 12:40:44 +0000"
    },
    "done": true
  },
  "farmersdelight:recipes/farmersdelight/cooking/chicken_soup": {
    "criteria": {
      "has_any_ingredient": "2024-06-22 12:41:02 +0000"
    },
    "done": true
  },
  "minecraft:recipes/building_blocks/cobblestone_stairs_from_cobblestone_stonecutting": {
    "criteria": {
      "has_cobblestone": "2024-06-22 12:40:44 +0000"
    },
    "done": true
  },
  "minecraft:recipes/misc/magenta_dye_from_lilac": {
    "criteria": {
      "has_lilac": "2024-06-22 12:44:27 +0000"
    },
    "done": true
  },
  "aquaculture:recipes/aquaculture/note_hook": {
    "criteria": {
      "has_items": "2024-06-22 12:36:46 +0000"
    },
    "done": true
  },
  "tconstruct:tools/materials_and_you": {
    "criteria": {
      "crafted_book": "2024-06-22 12:36:47 +0000"
    },
    "done": true
  },
  "minecraft:recipes/redstone/spruce_door": {
    "criteria": {
      "has_planks": "2024-06-22 12:44:42 +0000"
    },
    "done": true
  },
  "tconstruct:internal/starting_book": {
    "criteria": {
      "tick": "2024-06-22 12:36:47 +0000"
    },
    "done": true
  },
  "biomesoplenty:recipes/transportation/willow_boat": {
    "criteria": {
      "in_water": "2024-06-22 12:40:01 +0000"
    },
    "done": true
  },
  "mca:recipes/misc/needle_and_thread": {
    "criteria": {
      "has_item": "2024-06-22 12:41:23 +0000"
    },
    "done": true
  },
  "ic2:tfbp_biome_forestification_recipe_advancement": {
    "criteria": {
      "hasItem": "2024-06-22 12:45:22 +0000"
    },
    "done": true
  },
  "minecraft:recipes/redstone/spruce_fence_gate": {
    "criteria": {
      "has_planks": "2024-06-22 12:44:42 +0000"
    },
    "done": true
  },
  "ic2:iv_charge_bench_kit_indirect_recipe_advancement": {
    "criteria": {
      "hasItem": "2024-06-22 12:44:42 +0000"
    },
    "done": true
  },
  "cfm:recipes/cfm/spruce_bedside_cabinet": {
    "criteria": {
      "has_log": "2024-06-22 12:44:23 +0000"
    },
    "done": true
  },
  "minecraft:recipes/decorations/crafting_table": {
    "criteria": {
      "has_planks": "2024-06-22 12:44:42 +0000"
    },
    "done": true
  },
  "minecraft:recipes/decorations/candle": {
    "criteria": {
      "has_string": "2024-06-22 12:41:23 +0000"
    },
    "done": true
  },
  "minecraft:recipes/decorations/campfire": {
    "criteria": {
      "has_coal": "2024-06-22 12:40:43 +0000"
    },
    "done": true
  },
  "ic2:lv_unloader_recipe_advancement": {
    "criteria": {
      "hasItem": "2024-06-22 12:44:42 +0000"
    },
    "done": true
  },
  "minecraft:recipes/food/bread": {
    "criteria": {
      "has_wheat": "2024-06-22 12:41:04 +0000"
    },
    "done": true
  },
  "biomesoplenty:recipes/transportation/mahogany_boat": {
    "criteria": {
      "in_water": "2024-06-22 12:40:01 +0000"
    },
    "done": true
  },
  "minecraft:recipes/decorations/ladder": {
    "criteria": {
      "has_stick": "2024-06-22 12:40:45 +0000"
    },
    "done": true
  },
  "farmersdelight:recipes/farmersdelight/pie_crust": {
    "criteria": {
      "has_wheat": "2024-06-22 12:41:04 +0000"
    },
    "done": true
  },
  "pfm:recipes/pfm.furniture/dark_oak_kitchen_counter_oven": {
    "criteria": {
      "has_planks": "2024-06-22 12:41:03 +0000"
    },
    "done": true
  },
  "minecraft:recipes/decorations/chest": {
    "criteria": {
      "has_lots_of_items": "2024-06-22 12:40:44 +0000"
    },
    "done": true
  },
  "ic2:parachute_module_recipe_advancement": {
    "criteria": {
      "hasItem": "2024-06-22 12:40:45 +0000"
    },
    "done": true
  },
  "ic2:aluminum_sign_recipe_advancement": {
    "criteria": {
      "hasItem": "2024-06-22 12:40:45 +0000"
    },
    "done": true
  },
  "minecraft:recipes/transportation/mangrove_boat": {
    "criteria": {
      "in_water": "2024-06-22 12:40:01 +0000"
    },
    "done": true
  },
  "minecraft:recipes/redstone/spruce_button": {
    "criteria": {
      "has_planks": "2024-06-22 12:44:42 +0000"
    },
    "done": true
  },
  "pfm:recipes/pfm.furniture/dark_oak_kitchen_wall_drawer": {
    "criteria": {
      "has_planks": "2024-06-22 12:41:03 +0000"
    },
    "done": true
  },
  "minecraft:recipes/tools/wooden_shovel": {
    "criteria": {
      "has_stick": "2024-06-22 12:40:45 +0000"
    },
    "done": true
  },
  "pfm:recipes/pfm.furniture/dark_oak_kitchen_drawer": {
    "criteria": {
      "has_planks": "2024-06-22 12:41:03 +0000"
    },
    "done": true
  },
  "mcwdoors:recipes/dark_oak": {
    "criteria": {
      "has_wood": "2024-06-22 12:41:03 +0000"
    },
    "done": true
  },
  "aquaculture:recipes/tools/golden_fishing_rod": {
    "criteria": {
      "has_vanilla_rod": "2024-06-22 12:36:46 +0000"
    },
    "done": true
  },
  "farmersdelight:recipes/farmersdelight/cooking/vegetable_soup": {
    "criteria": {
      "has_any_ingredient": "2024-06-22 12:41:02 +0000"
    },
    "done": true
  },
  "ic2:bio_chunk_recipe_advancement": {
    "criteria": {
      "hasItem": "2024-06-22 12:40:43 +0000"
    },
    "done": true
  },
  "ic2:industrial_worktable_recipe_advancement": {
    "criteria": {
      "hasItem": "2024-06-22 12:44:45 +0000"
    },
    "done": true
  },
  "aquaculture:recipes/food/cooked_fish_fillet_from_campfire": {
    "criteria": {
      "has_items": "2024-06-22 12:36:46 +0000"
    },
    "done": true
  },
  "biomesoplenty:recipes/transportation/dead_boat": {
    "criteria": {
      "in_water": "2024-06-22 12:40:01 +0000"
    },
    "done": true
  },
  "minecraft:recipes/misc/stick": {
    "criteria": {
      "has_planks": "2024-06-22 12:44:42 +0000"
    },
    "done": true
  },
  "ic2:bronze_hoe_recipe_advancement": {
    "criteria": {
      "hasItem": "2024-06-22 12:40:45 +0000"
    },
    "done": true
  },
  "mcwdoors:recipes/spruce": {
    "criteria": {
      "has_wood": "2024-06-22 12:44:23 +0000"
    },
    "done": true
  },
  "minecraft:recipes/transportation/spruce_boat": {
    "criteria": {
      "in_water": "2024-06-22 12:40:01 +0000"
    },
    "done": true
  },
  "aquaculture:recipes/tools/wooden_fillet_knife": {
    "criteria": {
      "has_items": "2024-06-22 12:40:45 +0000"
    },
    "done": true
  },
  "ic2:crop_sticks_recipe_advancement": {
    "criteria": {
      "hasItem": "2024-06-22 12:40:45 +0000"
    },
    "done": true
  },
  "cfm:recipes/cfm/stripped_spruce_park_bench": {
    "criteria": {
      "has_log": "2024-06-22 12:44:23 +0000"
    },
    "done": true
  },
  "ic2:lead_recipe_advancement": {
    "criteria": {
      "hasItem": "2024-06-22 12:41:23 +0000"
    },
    "done": true
  },
  "cfm:recipes/cfm/dark_oak_desk": {
    "criteria": {
      "has_log": "2024-06-22 12:41:03 +0000"
    },
    "done": true
  },
  "ic2:mv_battery_station_kit_indirect_bronze_recipe_advancement": {
    "criteria": {
      "hasItem": "2024-06-22 12:44:42 +0000"
    },
    "done": true
  },
  "ic2:iv_battery_station_kit_indirect_recipe_advancement": {
    "criteria": {
      "hasItem": "2024-06-22 12:44:42 +0000"
    },
    "done": true
  },
  "cfm:recipes/cfm/stripped_spruce_crate": {
    "criteria": {
      "has_planks": "2024-06-22 12:44:23 +0000"
    },
    "done": true
  },
  "pfm:recipes/pfm.furniture/spruce_simple_stool": {
    "criteria": {
      "has_planks": "2024-06-22 12:44:42 +0000"
    },
    "done": true
  },
  "cfm:recipes/cfm/dark_oak_kitchen_drawer": {
    "criteria": {
      "has_log": "2024-06-22 12:41:03 +0000"
    },
    "done": true
  },
  "ic2:rubberwood_fence_recipe_advancement": {
    "criteria": {
      "hasItem": "2024-06-22 12:40:45 +0000"
    },
    "done": true
  },
  "another_furniture:recipes/dark_oak_drawer": {
    "criteria": {
      "has_planks": "2024-06-22 12:40:45 +0000"
    },
    "done": true
  },
  "minecraft:recipes/building_blocks/dark_oak_planks": {
    "criteria": {
      "has_log": "2024-06-22 12:41:03 +0000"
    },
    "done": true
  },
  "ic2:aluminum_sword_recipe_advancement": {
    "criteria": {
      "hasItem": "2024-06-22 12:40:45 +0000"
    },
    "done": true
  },
  "ic2:lv_battery_station_recipe_advancement": {
    "criteria": {
      "hasItem": "2024-06-22 12:44:42 +0000"
    },
    "done": true
  },
  "ic2:lv_transformer_recipe_advancement": {
    "criteria": {
      "hasItem": "2024-06-22 12:44:42 +0000"
    },
    "done": true
  },
  "minecraft:husbandry/balanced_diet": {
    "criteria": {
      "potato": "2024-06-22 12:41:31 +0000"
    },
    "done": false
  },
  "minecraft:recipes/tools/wooden_hoe": {
    "criteria": {
      "has_stick": "2024-06-22 12:40:45 +0000"
    },
    "done": true
  },
  "pfm:recipes/pfm.furniture/spruce_chair_modern": {
    "criteria": {
      "has_planks": "2024-06-22 12:44:42 +0000"
    },
    "done": true
  },
  "mcwwindows:recipes/dark_oak": {
    "criteria": {
      "has_wood": "2024-06-22 12:41:03 +0000"
    },
    "done": true
  },
  "minecraft:recipes/building_blocks/cobblestone_slab": {
    "criteria": {
      "has_cobblestone": "2024-06-22 12:40:44 +0000"
    },
    "done": true
  },
  "decorative_blocks:recipes/decorative_blocks.general/lattice": {
    "criteria": {
      "has_stick": "2024-06-22 12:40:45 +0000"
    },
    "done": true
  },
  "ic2:lemon_cake_recipe_advancement": {
    "criteria": {
      "hasItem": "2024-06-22 12:41:04 +0000"
    },
    "done": true
  },
  "aquaculture:recipes/misc/neptunium_ingot_from_nuggets": {
    "criteria": {
      "has_items": "2024-06-22 12:36:46 +0000"
    },
    "done": true
  },
  "cfm:recipes/cfm/spruce_cabinet": {
    "criteria": {
      "has_log": "2024-06-22 12:44:23 +0000"
    },
    "done": true
  },
  "minecraft:recipes/redstone/trapped_chest": {
    "criteria": {
      "has_tripwire_hook": "2024-06-22 12:40:44 +0000"
    },
    "done": true
  },
  "minecraft:recipes/building_blocks/cobblestone_stairs": {
    "criteria": {
      "has_cobblestone": "2024-06-22 12:40:44 +0000"
    },
    "done": true
  },
  "pfm:recipes/pfm.furniture/spruce_kitchen_drawer": {
    "criteria": {
      "has_planks": "2024-06-22 12:44:23 +0000"
    },
    "done": true
  },
  "biomesoplenty:recipes/transportation/magic_boat": {
    "criteria": {
      "in_water": "2024-06-22 12:40:01 +0000"
    },
    "done": true
  },
  "ic2:energy_storage_upgrade_0_recipe_advancement": {
    "criteria": {
      "hasItem": "2024-06-22 12:44:42 +0000"
    },
    "done": true
  },
  "ic2:ev_charging_bench_recipe_advancement": {
    "criteria": {
      "hasItem": "2024-06-22 12:44:42 +0000"
    },
    "done": true
  },
  "ic2:mv_battery_station_recipe_advancement": {
    "criteria": {
      "hasItem": "2024-06-22 12:44:42 +0000"
    },
    "done": true
  },
  "farmersdelight:recipes/food/cooking/rabbit_stew": {
    "criteria": {
      "has_any_ingredient": "2024-06-22 12:41:02 +0000"
    },
    "done": true
  },
  "aquaculture:recipes/misc/gold_nugget_from_gold_fish": {
    "criteria": {
      "has_items": "2024-06-22 12:36:46 +0000"
    },
    "done": true
  },
  "farmersdelight:recipes/farmersdelight/cooking/beef_stew": {
    "criteria": {
      "has_any_ingredient": "2024-06-22 12:41:02 +0000"
    },
    "done": true
  },
  "cfm:recipes/cfm/stripped_dark_oak_park_bench": {
    "criteria": {
      "has_log": "2024-06-22 12:41:03 +0000"
    },
    "done": true
  },
  "ic2:armor_configurator_recipe_advancement": {
    "criteria": {
      "hasItem": "2024-06-22 12:44:45 +0000"
    },
    "done": true
  },
  "cfm:recipes/cfm/stripped_spruce_desk": {
    "criteria": {
      "has_planks": "2024-06-22 12:44:23 +0000"
    },
    "done": true
  },
  "cfm:recipes/cfm/stripped_dark_oak_kitchen_counter": {
    "criteria": {
      "has_log": "2024-06-22 12:41:03 +0000"
    },
    "done": true
  },
  "ic2:chips_recipe_advancement": {
    "criteria": {
      "hasItem": "2024-06-22 12:40:45 +0000"
    },
    "done": true
  },
  "naturalist:recipes/food/cooked_egg": {
    "criteria": {
      "has_eggs": "2024-06-22 12:36:46 +0000"
    },
    "done": true
  },
  "aquaculture:recipes/misc/gold_nugget_from_smelting": {
    "criteria": {
      "has_fishing_rod": "2024-06-22 12:36:46 +0000",
      "has_fillet_knife": "2024-06-22 12:36:46 +0000"
    },
    "done": true
  },
  "cfm:recipes/cfm/diving_board": {
    "criteria": {
      "has_wheat": "2024-06-22 12:41:04 +0000"
    },
    "done": true
  },
  "farmersdelight:recipes/farmersdelight/cooking/vegetable_noodles": {
    "criteria": {
      "has_any_ingredient": "2024-06-22 12:41:02 +0000"
    },
    "done": true
  },
  "biomesoplenty:recipes/transportation/cherry_boat": {
    "criteria": {
      "in_water": "2024-06-22 12:40:01 +0000"
    },
    "done": true
  },
  "aquaculture:recipes/aquaculture/worm_farm": {
    "criteria": {
      "has_items": "2024-06-22 12:36:46 +0000"
    },
    "done": true
  },
  "aquaculture:recipes/food/cooked_fish_fillet_from_smoking": {
    "criteria": {
      "has_items": "2024-06-22 12:36:46 +0000"
    },
    "done": true
  },
  "biomesoplenty:recipes/transportation/fir_boat": {
    "criteria": {
      "in_water": "2024-06-22 12:40:01 +0000"
    },
    "done": true
  },
  "ic2:ev_battery_station_kit_indirect_recipe_advancement": {
    "criteria": {
      "hasItem": "2024-06-22 12:44:42 +0000"
    },
    "done": true
  },
  "cfm:recipes/cfm/stripped_dark_oak_bedside_cabinet": {
    "criteria": {
      "has_planks": "2024-06-22 12:41:03 +0000"
    },
    "done": true
  },
  "minecraft:recipes/building_blocks/hay_block": {
    "criteria": {
      "has_wheat": "2024-06-22 12:41:04 +0000"
    },
    "done": true
  },
  "pfm:recipes/pfm.furniture/stone_kitchen_wall_small_drawer": {
    "criteria": {
      "has_planks": "2024-06-22 12:40:44 +0000"
    },
    "done": true
  },
  "ic2:hv_charging_bench_recipe_advancement": {
    "criteria": {
      "hasItem": "2024-06-22 12:44:42 +0000"
    },
    "done": true
  },
  "pfm:recipes/pfm.furniture/spruce_chair_classic": {
    "criteria": {
      "has_planks": "2024-06-22 12:44:42 +0000"
    },
    "done": true
  },
  "minecraft:recipes/combat/bow": {
    "criteria": {
      "has_string": "2024-06-22 12:41:23 +0000"
    },
    "done": true
  },
  "ic2:aluminum_pickaxe_recipe_advancement": {
    "criteria": {
      "hasItem": "2024-06-22 12:40:45 +0000"
    },
    "done": true
  },
  "ic2:aluminum_shovel_recipe_advancement": {
    "criteria": {
      "hasItem": "2024-06-22 12:40:45 +0000"
    },
    "done": true
  },
  "pfm:recipes/pfm.furniture/stone_kitchen_wall_counter": {
    "criteria": {
      "has_planks": "2024-06-22 12:40:44 +0000"
    },
    "done": true
  },
  "another_furniture:recipes/mangrove_drawer": {
    "criteria": {
      "has_planks": "2024-06-22 12:40:45 +0000"
    },
    "done": true
  },
  "cfm:recipes/cfm/dark_oak_cabinet": {
    "criteria": {
      "has_log": "2024-06-22 12:41:03 +0000"
    },
    "done": true
  },
  "ic2:torch_recipe_advancement": {
    "criteria": {
      "hasItem": "2024-06-22 12:40:45 +0000"
    },
    "done": true
  },
  "aquaculture:recipes/decorations/spruce_fish_mount": {
    "criteria": {
      "has_items": "2024-06-22 12:36:46 +0000"
    },
    "done": true
  },
  "another_furniture:recipes/crimson_drawer": {
    "criteria": {
      "has_planks": "2024-06-22 12:40:45 +0000"
    },
    "done": true
  },
  "cfm:recipes/cfm/spruce_kitchen_sink_dark": {
    "criteria": {
      "has_bottom": "2024-06-22 12:44:42 +0000"
    },
    "done": true
  },
  "pfm:recipes/pfm.furniture/spruce_classic_nightstand": {
    "criteria": {
      "has_planks": "2024-06-22 12:44:42 +0000"
    },
    "done": true
  },
  "aquaculture:recipes/misc/neptunium_ingot_from_neptunium_block": {
    "criteria": {
      "has_items": "2024-06-22 12:36:46 +0000"
    },
    "done": true
  },
  "minecraft:recipes/misc/red_dye_from_rose_bush": {
    "criteria": {
      "has_rose_bush": "2024-06-22 12:40:45 +0000"
    },
    "done": true
  },
  "pfm:recipes/pfm.furniture/spruce_simple_bunk_ladder": {
    "criteria": {
      "has_planks": "2024-06-22 12:44:42 +0000"
    },
    "done": true
  },
  "aquaculture:recipes/aquaculture/light_hook": {
    "criteria": {
      "has_items": "2024-06-22 12:36:46 +0000"
    },
    "done": true
  },
  "cfm:recipes/cfm/dark_oak_upgraded_fence": {
    "criteria": {
      "has_log": "2024-06-22 12:41:03 +0000"
    },
    "done": true
  },
  "cfm:recipes/cfm/stripped_spruce_bedside_cabinet": {
    "criteria": {
      "has_planks": "2024-06-22 12:44:23 +0000"
    },
    "done": true
  },
  "minecraft:story/mine_stone": {
    "criteria": {
      "get_stone": "2024-06-22 12:40:44 +0000"
    },
    "done": true
  },
  "biomesoplenty:biomesoplenty/all_biomes": {
    "criteria": {
      "field": "2024-06-22 12:36:47 +0000"
    },
    "done": false
  },
  "cfm:recipes/cfm/dark_oak_crate": {
    "criteria": {
      "has_log": "2024-06-22 12:41:03 +0000"
    },
    "done": true
  },
  "minecraft:recipes/decorations/furnace": {
    "criteria": {
      "has_cobblestone": "2024-06-22 12:40:44 +0000"
    },
    "done": true
  },
  "cfm:recipes/cfm/stripped_spruce_table": {
    "criteria": {
      "has_planks": "2024-06-22 12:44:23 +0000"
    },
    "done": true
  },
  "cfm:recipes/cfm/spruce_blinds": {
    "criteria": {
      "has_log": "2024-06-22 12:44:23 +0000"
    },
    "done": true
  },
  "pfm:recipes/pfm.furniture/spruce_table_basic": {
    "criteria": {
      "has_planks": "2024-06-22 12:44:42 +0000"
    },
    "done": true
  },
  "minecraft:recipes/misc/charcoal": {
    "criteria": {
      "has_log": "2024-06-22 12:41:03 +0000"
    },
    "done": true
  },
  "minecraft:recipes/building_blocks/spruce_planks": {
    "criteria": {
      "has_logs": "2024-06-22 12:44:23 +0000"
    },
    "done": true
  },
  "minecraft:recipes/tools/wooden_pickaxe": {
    "criteria": {
      "has_stick": "2024-06-22 12:40:45 +0000"
    },
    "done": true
  },
  "minecraft:recipes/building_blocks/cobblestone_slab_from_cobblestone_stonecutting": {
    "criteria": {
      "has_cobblestone": "2024-06-22 12:40:44 +0000"
    },
    "done": true
  },
  "aquaculture:recipes/misc/jellyfish_to_slimeball": {
    "criteria": {
      "has_items": "2024-06-22 12:36:46 +0000"
    },
    "done": true
  },
  "minecraft:husbandry/root": {
    "criteria": {
      "consumed_item": "2024-06-22 12:41:31 +0000"
    },
    "done": true
  },
  "minecraft:recipes/transportation/birch_boat": {
    "criteria": {
      "in_water": "2024-06-22 12:40:01 +0000"
    },
    "done": true
  },
  "pfm:recipes/pfm.furniture/spruce_kitchen_counter": {
    "criteria": {
      "has_planks": "2024-06-22 12:44:23 +0000"
    },
    "done": true
  },
  "securitycraft:recipes/securitycraft/sonic_security_system": {
    "criteria": {
      "has_stick": "2024-06-22 12:40:45 +0000"
    },
    "done": true
  },
  "cfm:recipes/cfm/stripped_dark_oak_table": {
    "criteria": {
      "has_planks": "2024-06-22 12:41:03 +0000"
    },
    "done": true
  },
  "ic2:hv_battery_station_recipe_advancement": {
    "criteria": {
      "hasItem": "2024-06-22 12:44:42 +0000"
    },
    "done": true
  },
  "pfm:recipes/pfm.furniture/dark_oak_log_stool": {
    "criteria": {
      "has_log": "2024-06-22 12:41:03 +0000"
    },
    "done": true
  },
  "minecraft:recipes/transportation/acacia_boat": {
    "criteria": {
      "in_water": "2024-06-22 12:40:01 +0000"
    },
    "done": true
  },
  "decorative_blocks:recipes/decorative_blocks.general/spruce_palisade": {
    "criteria": {
      "has_log": "2024-06-22 12:44:23 +0000"
    },
    "done": true
  },
  "aquaculture:recipes/tools/diamond_fishing_rod": {
    "criteria": {
      "has_vanilla_rod": "2024-06-22 12:36:46 +0000"
    },
    "done": true
  },
  "aquaculture:recipes/misc/red_mushroom_from_fish": {
    "criteria": {
      "has_items": "2024-06-22 12:36:46 +0000"
    },
    "done": true
  },
  "minecraft:recipes/building_blocks/dark_oak_wood": {
    "criteria": {
      "has_log": "2024-06-22 12:41:03 +0000"
    },
    "done": true
  },
  "ic2:mv_battery_station_kit_indirect_gold_recipe_advancement": {
    "criteria": {
      "hasItem": "2024-06-22 12:44:42 +0000"
    },
    "done": true
  },
  "cfm:recipes/cfm/stripped_dark_oak_chair": {
    "criteria": {
      "has_planks": "2024-06-22 12:41:03 +0000"
    },
    "done": true
  },
  "ic2:rubberwood_sign_recipe_advancement": {
    "criteria": {
      "hasItem": "2024-06-22 12:40:45 +0000"
    },
    "done": true
  },
  "aquaculture:recipes/tools/iron_fishing_rod": {
    "criteria": {
      "has_vanilla_rod": "2024-06-22 12:36:46 +0000"
    },
    "done": true
  },
  "cfm:recipes/cfm/stripped_dark_oak_desk": {
    "criteria": {
      "has_planks": "2024-06-22 12:41:03 +0000"
    },
    "done": true
  },
  "farmersdelight:recipes/farmersdelight/cutting_board": {
    "criteria": {
      "has_stick": "2024-06-22 12:40:45 +0000"
    },
    "done": true
  },
  "aquaculture:recipes/tools/stone_fillet_knife": {
    "criteria": {
      "has_items": "2024-06-22 12:40:44 +0000"
    },
    "done": true
  },
  "ic2:macerator_recipe_advancement": {
    "criteria": {
      "hasItem": "2024-06-22 12:40:44 +0000"
    },
    "done": true
  },
  "cfm:recipes/cfm/stripped_dark_oak_coffee_table": {
    "criteria": {
      "has_planks": "2024-06-22 12:41:03 +0000"
    },
    "done": true
  },
  "minecraft:adventure/root": {
    "criteria": {
      "killed_by_something": "2024-06-22 12:39:28 +0000"
    },
    "done": true
  },
  "cfm:recipes/cfm/stripped_spruce_cabinet": {
    "criteria": {
      "has_log": "2024-06-22 12:44:23 +0000"
    },
    "done": true
  },
  "aquaculture:recipes/decorations/acacia_fish_mount": {
    "criteria": {
      "has_items": "2024-06-22 12:36:46 +0000"
    },
    "done": true
  },
  "ic2:mv_charge_bench_kit_indirect_bronze_recipe_advancement": {
    "criteria": {
      "hasItem": "2024-06-22 12:44:42 +0000"
    },
    "done": true
  },
  "aquaculture:recipes/misc/brown_mushroom_from_fish": {
    "criteria": {
      "has_items": "2024-06-22 12:36:46 +0000"
    },
    "done": true
  },
  "ic2:wooden_scaffold_recipe_advancement": {
    "criteria": {
      "hasItem": "2024-06-22 12:40:45 +0000"
    },
    "done": true
  },
  "farmersdelight:main/root": {
    "criteria": {
      "seeds": "2024-06-22 12:36:46 +0000"
    },
    "done": true
  },
  "ic2:mv_battery_station_bronze_recipe_advancement": {
    "criteria": {
      "hasItem": "2024-06-22 12:44:42 +0000"
    },
    "done": true
  },
  "ic2:hv_charge_bench_kit_indirect_recipe_advancement": {
    "criteria": {
      "hasItem": "2024-06-22 12:44:42 +0000"
    },
    "done": true
  },
  "minecraft:recipes/building_blocks/white_wool_from_string": {
    "criteria": {
      "has_string": "2024-06-22 12:41:23 +0000"
    },
    "done": true
  },
  "minecraft:recipes/tools/stone_hoe": {
    "criteria": {
      "has_cobblestone": "2024-06-22 12:40:44 +0000"
    },
    "done": true
  },
  "minecraft:recipes/decorations/spruce_fence": {
    "criteria": {
      "has_planks": "2024-06-22 12:44:42 +0000"
    },
    "done": true
  },
  "minecraft:recipes/food/baked_potato_from_smoking": {
    "criteria": {
      "has_potato": "2024-06-22 12:41:21 +0000"
    },
    "done": true
  },
  "ic2:water_mill_recipe_advancement": {
    "criteria": {
      "hasItem": "2024-06-22 12:40:45 +0000"
    },
    "done": true
  },
  "pfm:recipes/pfm.furniture/spruce_table_modern_dinner": {
    "criteria": {
      "has_planks": "2024-06-22 12:44:42 +0000"
    },
    "done": true
  },
  "aquaculture:recipes/misc/iron_nugget_from_blasting": {
    "criteria": {
      "has_fishing_rod": "2024-06-22 12:36:46 +0000",
      "has_fillet_knife": "2024-06-22 12:36:46 +0000"
    },
    "done": true
  },
  "another_furniture:recipes/spruce_drawer": {
    "criteria": {
      "has_planks": "2024-06-22 12:40:45 +0000"
    },
    "done": true
  },
  "aquaculture:recipes/building_blocks/planks_from_driftwood": {
    "criteria": {
      "has_items": "2024-06-22 12:36:46 +0000"
    },
    "done": true
  },
  "cfm:recipes/cfm/dark_oak_coffee_table": {
    "criteria": {
      "has_log": "2024-06-22 12:41:03 +0000"
    },
    "done": true
  },
  "cfm:recipes/cfm/spruce_upgraded_fence": {
    "criteria": {
      "has_log": "2024-06-22 12:44:23 +0000"
    },
    "done": true
  },
  "pfm:recipes/pfm.furniture/spruce_kitchen_counter_oven": {
    "criteria": {
      "has_planks": "2024-06-22 12:44:23 +0000"
    },
    "done": true
  },
  "ic2:bronze_axe_recipe_advancement": {
    "criteria": {
      "hasItem": "2024-06-22 12:40:45 +0000"
    },
    "done": true
  },
  "farmersdelight:recipes/farmersdelight/wheat_dough_from_water": {
    "criteria": {
      "has_wheat": "2024-06-22 12:41:04 +0000"
    },
    "done": true
  },
  "cfm:recipes/cfm/stripped_spruce_coffee_table": {
    "criteria": {
      "has_planks": "2024-06-22 12:44:23 +0000"
    },
    "done": true
  },
  "minecraft:recipes/food/baked_potato": {
    "criteria": {
      "has_potato": "2024-06-22 12:41:21 +0000"
    },
    "done": true
  },
  "minecraft:recipes/building_blocks/spruce_stairs": {
    "criteria": {
      "has_planks": "2024-06-22 12:44:42 +0000"
    },
    "done": true
  },
  "decorative_blocks:recipes/decorative_blocks.general/spruce_support": {
    "criteria": {
      "has_plank": "2024-06-22 12:44:42 +0000"
    },
    "done": true
  },
  "ic2:dynamite_recipe_advancement": {
    "criteria": {
      "hasItem": "2024-06-22 12:41:23 +0000"
    },
    "done": true
  },
  "minecraft:recipes/decorations/chain": {
    "criteria": {
      "has_iron_nugget": "2024-06-22 12:40:45 +0000"
    },
    "done": true
  },
  "cfm:recipes/cfm/spruce_park_bench": {
    "criteria": {
      "has_log": "2024-06-22 12:44:23 +0000"
    },
    "done": true
  },
  "pfm:recipes/pfm.furniture/dark_oak_kitchen_cabinet": {
    "criteria": {
      "has_planks": "2024-06-22 12:41:03 +0000"
    },
    "done": true
  },
  "ic2:stone_macerator_recipe_advancement": {
    "criteria": {
      "hasItem": "2024-06-22 12:40:44 +0000"
    },
    "done": true
  },
  "pfm:recipes/pfm.furniture/dark_oak_kitchen_wall_counter": {
    "criteria": {
      "has_planks": "2024-06-22 12:41:03 +0000"
    },
    "done": true
  },
  "aquaculture:recipes/aquaculture/fishing_line": {
    "criteria": {
      "has_items": "2024-06-22 12:36:46 +0000"
    },
    "done": true
  },
  "minecraft:recipes/transportation/oak_boat": {
    "criteria": {
      "in_water": "2024-06-22 12:40:01 +0000"
    },
    "done": true
  },
  "paraglider:root": {
    "criteria": {
      "crafting_table": "2024-06-22 12:44:45 +0000"
    },
    "done": true
  },
  "aquaculture:recipes/misc/neptinium_ingot_from_blasting": {
    "criteria": {
      "has_leggings": "2024-06-22 12:36:46 +0000",
      "has_axe": "2024-06-22 12:36:46 +0000",
      "has_helmet": "2024-06-22 12:36:46 +0000",
      "has_fishing_rod": "2024-06-22 12:36:46 +0000",
      "has_bow": "2024-06-22 12:36:46 +0000",
      "has_chestplate": "2024-06-22 12:36:46 +0000",
      "has_sword": "2024-06-22 12:36:46 +0000",
      "has_fillet_knife": "2024-06-22 12:36:46 +0000",
      "has_shovel": "2024-06-22 12:36:46 +0000",
      "has_hoe": "2024-06-22 12:36:46 +0000",
      "has_boots": "2024-06-22 12:36:46 +0000",
      "has_pickaxe": "2024-06-22 12:36:46 +0000"
    },
    "done": true
  },
  "cfm:recipes/cfm/spruce_table": {
    "criteria": {
      "has_log": "2024-06-22 12:44:23 +0000"
    },
    "done": true
  },
  "minecraft:recipes/food/baked_potato_from_grill_cooking": {
    "criteria": {
      "has_potato": "2024-06-22 12:41:21 +0000"
    },
    "done": true
  },
  "minecraft:recipes/food/baked_potato_from_campfire_cooking": {
    "criteria": {
      "has_potato": "2024-06-22 12:41:21 +0000"
    },
    "done": true
  },
  "cfm:recipes/cfm/spruce_chair": {
    "criteria": {
      "has_log": "2024-06-22 12:44:23 +0000"
    },
    "done": true
  },
  "mca:recipes/building_blocks/headstones": {
    "criteria": {
      "has_ingredients": "2024-06-22 12:40:44 +0000"
    },
    "done": true
  },
  "pfm:recipes/pfm.furniture/dark_oak_raw_table_log": {
    "criteria": {
      "has_log": "2024-06-22 12:41:03 +0000"
    },
    "done": true
  },
  "pfm:recipes/pfm.furniture/spruce_log_stool": {
    "criteria": {
      "has_log": "2024-06-22 12:44:23 +0000"
    },
    "done": true
  },
  "minecraft:recipes/tools/wooden_axe": {
    "criteria": {
      "has_stick": "2024-06-22 12:40:45 +0000"
    },
    "done": true
  },
  "minecraft:recipes/decorations/spruce_sign": {
    "criteria": {
      "has_planks": "2024-06-22 12:44:42 +0000"
    },
    "done": true
  },
  "ic2:aluminum_hoe_recipe_advancement": {
    "criteria": {
      "hasItem": "2024-06-22 12:40:45 +0000"
    },
    "done": true
  },
  "decorative_blocks:recipes/decorative_blocks.general/dark_oak_palisade": {
    "criteria": {
      "has_log": "2024-06-22 12:41:03 +0000"
    },
    "done": true
  },
  "framedblocks:recipes/framed_blocks/framed_cube": {
    "criteria": {
      "hasPlanks": "2024-06-22 12:44:42 +0000"
    },
    "done": true
  },
  "aquaculture:recipes/misc/tin_can_to_iron_nugget_from_blasting": {
    "criteria": {
      "has_items": "2024-06-22 12:36:46 +0000"
    },
    "done": true
  },
  "another_furniture:recipes/furniture_hammer": {
    "criteria": {
      "has_stick": "2024-06-22 12:40:45 +0000"
    },
    "done": true
  },
  "biomesoplenty:recipes/transportation/umbran_boat": {
    "criteria": {
      "in_water": "2024-06-22 12:40:01 +0000"
    },
    "done": true
  },
  "pfm:recipes/pfm.furniture/stone_kitchen_counter": {
    "criteria": {
      "has_planks": "2024-06-22 12:40:44 +0000"
    },
    "done": true
  },
  "minecraft:recipes/decorations/loom": {
    "criteria": {
      "has_string": "2024-06-22 12:41:23 +0000"
    },
    "done": true
  },
  "biomesoplenty:recipes/transportation/palm_boat": {
    "criteria": {
      "in_water": "2024-06-22 12:40:01 +0000"
    },
    "done": true
  },
  "farmersdelight:recipes/farmersdelight/cooking/fried_rice": {
    "criteria": {
      "has_any_ingredient": "2024-06-22 12:41:02 +0000"
    },
    "done": true
  },
  "ic2:refined_iron_sign_recipe_advancement": {
    "criteria": {
      "hasItem": "2024-06-22 12:40:45 +0000"
    },
    "done": true
  },
  "ic2:piston_recipe_advancement": {
    "criteria": {
      "hasItem": "2024-06-22 12:40:44 +0000"
    },
    "done": true
  },
  "another_furniture:recipes/spruce_chair": {
    "criteria": {
      "has_planks": "2024-06-22 12:44:42 +0000"
    },
    "done": true
  },
  "ic2:mv_charging_bench_bronze_recipe_advancement": {
    "criteria": {
      "hasItem": "2024-06-22 12:44:42 +0000"
    },
    "done": true
  },
  "cfm:recipes/cfm/dark_oak_upgraded_gate": {
    "criteria": {
      "has_log": "2024-06-22 12:41:03 +0000"
    },
    "done": true
  },
  "aquaculture:recipes/aquaculture/redstone_hook": {
    "criteria": {
      "has_items": "2024-06-22 12:36:46 +0000"
    },
    "done": true
  },
  "ic2:mv_charging_bench_recipe_advancement": {
    "criteria": {
      "hasItem": "2024-06-22 12:44:42 +0000"
    },
    "done": true
  },
  "biomesoplenty:recipes/transportation/redwood_boat": {
    "criteria": {
      "in_water": "2024-06-22 12:40:01 +0000"
    },
    "done": true
  },
  "pfm:recipes/pfm.furniture/spruce_kitchen_sink": {
    "criteria": {
      "has_planks": "2024-06-22 12:44:23 +0000"
    },
    "done": true
  },
  "cfm:recipes/cfm/stripped_spruce_kitchen_drawer": {
    "criteria": {
      "has_log": "2024-06-22 12:44:23 +0000"
    },
    "done": true
  },
  "decorative_blocks:recipes/decorative_blocks.general/spruce_seat": {
    "criteria": {
      "has_plank": "2024-06-22 12:44:42 +0000"
    },
    "done": true
  },
  "farmersdelight:recipes/farmersdelight/cooking/baked_cod_stew": {
    "criteria": {
      "has_any_ingredient": "2024-06-22 12:41:21 +0000"
    },
    "done": true
  },
  "aquaculture:recipes/food/cooked_fish_fillet": {
    "criteria": {
      "has_items": "2024-06-22 12:36:46 +0000"
    },
    "done": true
  },
  "ic2:rail_recipe_advancement": {
    "criteria": {
      "hasItem": "2024-06-22 12:40:45 +0000"
    },
    "done": true
  },
  "mcwfurnitures:recipes/dark_oak": {
    "criteria": {
      "has_wood": "2024-06-22 12:41:03 +0000"
    },
    "done": true
  },
  "farmersdelight:recipes/farmersdelight/cooking/ratatouille": {
    "criteria": {
      "has_any_ingredient": "2024-06-22 12:41:08 +0000"
    },
    "done": true
  },
  "ic2:ev_battery_station_recipe_advancement": {
    "criteria": {
      "hasItem": "2024-06-22 12:44:42 +0000"
    },
    "done": true
  },
  "another_furniture:recipes/birch_drawer": {
    "criteria": {
      "has_planks": "2024-06-22 12:40:45 +0000"
    },
    "done": true
  },
  "securitycraft:recipes/securitycraft/sc_manual": {
    "criteria": {
      "has_wood": "2024-06-22 12:41:03 +0000"
    },
    "done": true
  },
  "pfm:recipes/pfm.furniture/spruce_table_dinner": {
    "criteria": {
      "has_planks": "2024-06-22 12:44:42 +0000"
    },
    "done": true
  },
  "mcwfurnitures:recipes/spruce": {
    "criteria": {
      "has_wood": "2024-06-22 12:44:23 +0000"
    },
    "done": true
  },
  "minecraft:recipes/building_blocks/spruce_wood": {
    "criteria": {
      "has_log": "2024-06-22 12:44:23 +0000"
    },
    "done": true
  },
  "minecraft:recipes/building_blocks/coal_block": {
    "criteria": {
      "has_coal": "2024-06-22 12:40:43 +0000"
    },
    "done": true
  },
  "mowziesmobs:root": {
    "criteria": {
      "custom_test_name": "2024-06-22 12:36:47 +0000"
    },
    "done": true
  },
  "aquaculture:recipes/aquaculture/gold_hook": {
    "criteria": {
      "has_items": "2024-06-22 12:36:46 +0000"
    },
    "done": true
  },
  "cfm:recipes/cfm/spruce_upgraded_gate": {
    "criteria": {
      "has_log": "2024-06-22 12:44:23 +0000"
    },
    "done": true
  },
  "ic2:lv_charging_bench_recipe_advancement": {
    "criteria": {
      "hasItem": "2024-06-22 12:44:42 +0000"
    },
    "done": true
  },
  "pfm:recipes/pfm.furniture/spruce_chair_dinner": {
    "criteria": {
      "has_planks": "2024-06-22 12:44:42 +0000"
    },
    "done": true
  },
  "another_furniture:recipes/oak_drawer": {
    "criteria": {
      "has_planks": "2024-06-22 12:40:45 +0000"
    },
    "done": true
  },
  "minecraft:recipes/combat/wooden_sword": {
    "criteria": {
      "has_stick": "2024-06-22 12:40:45 +0000"
    },
    "done": true
  },
  "minecraft:recipes/tools/stone_shovel": {
    "criteria": {
      "has_cobblestone": "2024-06-22 12:40:44 +0000"
    },
    "done": true
  },
  "pfm:recipes/pfm.furniture/spruce_kitchen_wall_small_drawer": {
    "criteria": {
      "has_planks": "2024-06-22 12:44:23 +0000"
    },
    "done": true
  },
  "another_furniture:recipes/jungle_drawer": {
    "criteria": {
      "has_planks": "2024-06-22 12:40:45 +0000"
    },
    "done": true
  },
  "farmersdelight:main/get_fd_seed": {
    "criteria": {
      "onion": "2024-06-22 12:41:08 +0000"
    },
    "done": true
  },
  "cfm:recipes/cfm/spruce_coffee_table": {
    "criteria": {
      "has_log": "2024-06-22 12:44:23 +0000"
    },
    "done": true
  },
  "ic2:honey_cake_recipe_advancement": {
    "criteria": {
      "hasItem": "2024-06-22 12:41:04 +0000"
    },
    "done": true
  },
  "pfm:recipes/pfm.furniture/spruce_kitchen_cabinet": {
    "criteria": {
      "has_planks": "2024-06-22 12:44:23 +0000"
    },
    "done": true
  },
  "minecraft:recipes/building_blocks/spruce_slab": {
    "criteria": {
      "has_planks": "2024-06-22 12:44:42 +0000"
    },
    "done": true
  },
  "ic2:barrel_0_recipe_advancement": {
    "criteria": {
      "hasItem": "2024-06-22 12:44:42 +0000"
    },
    "done": true
  },
  "cfm:recipes/cfm/dark_oak_table": {
    "criteria": {
      "has_log": "2024-06-22 12:41:03 +0000"
    },
    "done": true
  },
  "securitycraft:recipes/securitycraft/reinforced_andesite": {
    "criteria": {
      "has_cobblestone": "2024-06-22 12:40:44 +0000"
    },
    "done": true
  },
  "another_furniture:recipes/spruce_table": {
    "criteria": {
      "has_planks": "2024-06-22 12:44:42 +0000"
    },
    "done": true
  },
  "cfm:recipes/cfm/stripped_dark_oak_cabinet": {
    "criteria": {
      "has_log": "2024-06-22 12:41:03 +0000"
    },
    "done": true
  },
  "cfm:recipes/cfm/dark_oak_blinds": {
    "criteria": {
      "has_log": "2024-06-22 12:41:03 +0000"
    },
    "done": true
  },
  "ic2:stone_canner_recipe_advancement": {
    "criteria": {
      "hasItem": "2024-06-22 12:44:45 +0000"
    },
    "done": true
  },
  "cfm:recipes/cfm/spruce_desk": {
    "criteria": {
      "has_log": "2024-06-22 12:44:23 +0000"
    },
    "done": true
  },
  "pfm:recipes/pfm.furniture/stone_kitchen_drawer": {
    "criteria": {
      "has_planks": "2024-06-22 12:40:44 +0000"
    },
    "done": true
  },
  "pfm:recipes/pfm.furniture/spruce_kitchen_wall_drawer": {
    "criteria": {
      "has_planks": "2024-06-22 12:44:23 +0000"
    },
    "done": true
  },
  "minecraft:recipes/redstone/tripwire_hook": {
    "criteria": {
      "has_string": "2024-06-22 12:41:23 +0000"
    },
    "done": true
  },
  "ic2:copper_sign_recipe_advancement": {
    "criteria": {
      "hasItem": "2024-06-22 12:40:45 +0000"
    },
    "done": true
  },
  "cfm:recipes/cfm/stripped_spruce_chair": {
    "criteria": {
      "has_planks": "2024-06-22 12:44:23 +0000"
    },
    "done": true
  },
  "cfm:recipes/cfm/stripped_spruce_desk_cabinet": {
    "criteria": {
      "has_planks": "2024-06-22 12:44:23 +0000"
    },
    "done": true
  },
  "aquaculture:recipes/aquaculture/diamond_hook": {
    "criteria": {
      "has_items": "2024-06-22 12:36:46 +0000"
    },
    "done": true
  },
  "pfm:recipes/pfm.furniture/stone_kitchen_counter_oven": {
    "criteria": {
      "has_planks": "2024-06-22 12:40:44 +0000"
    },
    "done": true
  },
  "ic2:treetap_recipe_advancement": {
    "criteria": {
      "hasItem": "2024-06-22 12:44:42 +0000"
    },
    "done": true
  },
  "biomesoplenty:biomesoplenty/root": {
    "criteria": {
      "field": "2024-06-22 12:36:47 +0000"
    },
    "done": true
  },
  "cfm:recipes/cfm/dark_oak_desk_cabinet": {
    "criteria": {
      "has_log": "2024-06-22 12:41:03 +0000"
    },
    "done": true
  },
  "cfm:recipes/cfm/dark_oak_chair": {
    "criteria": {
      "has_log": "2024-06-22 12:41:03 +0000"
    },
    "done": true
  },
  "aquaculture:recipes/misc/tin_can_to_iron_nugget": {
    "criteria": {
      "has_items": "2024-06-22 12:36:46 +0000"
    },
    "done": true
  },
  "cfm:recipes/cfm/stripped_spruce_kitchen_counter": {
    "criteria": {
      "has_log": "2024-06-22 12:44:23 +0000"
    },
    "done": true
  },
  "ic2:energy_storage_upgrade_1_recipe_advancement": {
    "criteria": {
      "hasItem": "2024-06-22 12:44:42 +0000"
    },
    "done": true
  },
  "paraglider:recipes/paraglider/paraglider": {
    "criteria": {
      "has_stick": "2024-06-22 12:40:45 +0000"
    },
    "done": true
  },
  "minecraft:story/root": {
    "criteria": {
      "crafting_table": "2024-06-22 12:44:45 +0000"
    },
    "done": true
  },
  "minecraft:recipes/combat/crossbow": {
    "criteria": {
      "has_tripwire_hook": "2024-06-22 12:40:44 +0000"
    },
    "done": true
  },
  "pfm:recipes/pfm.furniture/stone_kitchen_sink": {
    "criteria": {
      "has_planks": "2024-06-22 12:40:44 +0000"
    },
    "done": true
  },
  "pfm:recipes/pfm.furniture/spruce_kitchen_wall_counter": {
    "criteria": {
      "has_planks": "2024-06-22 12:44:23 +0000"
    },
    "done": true
  },
  "ic2:lv_loader_recipe_advancement": {
    "criteria": {
      "hasItem": "2024-06-22 12:44:42 +0000"
    },
    "done": true
  },
  "minecraft:recipes/redstone/spruce_pressure_plate": {
    "criteria": {
      "has_planks": "2024-06-22 12:44:42 +0000"
    },
    "done": true
  },
  "farmersdelight:recipes/farmersdelight/cooking/fish_stew": {
    "criteria": {
      "has_any_ingredient": "2024-06-22 12:41:08 +0000"
    },
    "done": true
  },
  "cfm:recipes/cfm/stripped_dark_oak_desk_cabinet": {
    "criteria": {
      "has_planks": "2024-06-22 12:41:03 +0000"
    },
    "done": true
  },
  "aquaculture:recipes/food/sushi": {
    "criteria": {
      "has_alt_items": "2024-06-22 12:36:46 +0000",
      "has_items": "2024-06-22 12:36:46 +0000"
    },
    "done": true
  },
  "pfm:grant_book_on_first_join": {
    "criteria": {
      "tick": "2024-06-22 12:36:47 +0000"
    },
    "done": true
  },
  "securitycraft:recipes/securitycraft/reinforced_diorite": {
    "criteria": {
      "has_cobblestone": "2024-06-22 12:40:44 +0000"
    },
    "done": true
  },
  "cfm:recipes/cfm/dark_oak_kitchen_counter": {
    "criteria": {
      "has_log": "2024-06-22 12:41:03 +0000"
    },
    "done": true
  },
  "ic2:rubber_sapling_recipe_advancement": {
    "criteria": {
      "hasItem": "2024-06-22 12:45:22 +0000"
    },
    "done": true
  },
  "ic2:crafting_upgrade_recipe_advancement": {
    "criteria": {
      "hasItem": "2024-06-22 12:44:45 +0000"
    },
    "done": true
  },
  "pfm:recipes/pfm.furniture/spruce_classic_stool": {
    "criteria": {
      "has_planks": "2024-06-22 12:44:42 +0000"
    },
    "done": true
  },
  "ic2:aluminum_axe_recipe_advancement": {
    "criteria": {
      "hasItem": "2024-06-22 12:40:45 +0000"
    },
    "done": true
  },
  "pfm:recipes/pfm.furniture/dark_oak_kitchen_counter": {
    "criteria": {
      "has_planks": "2024-06-22 12:41:03 +0000"
    },
    "done": true
  },
  "ic2:cf_sprayer_recipe_advancement": {
    "criteria": {
      "hasItem": "2024-06-22 12:40:44 +0000"
    },
    "done": true
  },
  "aquaculture:recipes/misc/iron_nugget_from_smelting": {
    "criteria": {
      "has_fishing_rod": "2024-06-22 12:36:46 +0000",
      "has_fillet_knife": "2024-06-22 12:36:46 +0000"
    },
    "done": true
  },
  "farmersdelight:recipes/farmersdelight/flint_knife": {
    "criteria": {
      "has_stick": "2024-06-22 12:40:45 +0000"
    },
    "done": true
  },
  "aquaculture:recipes/decorations/oak_fish_mount": {
    "criteria": {
      "has_items": "2024-06-22 12:36:46 +0000"
    },
    "done": true
  },
  "minecraft:recipes/building_blocks/stone": {
    "criteria": {
      "has_cobblestone": "2024-06-22 12:40:44 +0000"
    },
    "done": true
  },
  "another_furniture:recipes/warped_drawer": {
    "criteria": {
      "has_planks": "2024-06-22 12:40:45 +0000"
    },
    "done": true
  },
  "ic2:batbox_recipe_advancement": {
    "criteria": {
      "hasItem": "2024-06-22 12:44:42 +0000"
    },
    "done": true
  },
  "biomesoplenty:recipes/transportation/hellbark_boat": {
    "criteria": {
      "in_water": "2024-06-22 12:40:01 +0000"
    },
    "done": true
  },
  "another_furniture:recipes/service_bell": {
    "criteria": {
      "has_nugget": "2024-06-22 12:40:45 +0000"
    },
    "done": true
  },
  "aquaculture:recipes/decorations/dark_oak_fish_mount": {
    "criteria": {
      "has_items": "2024-06-22 12:36:46 +0000"
    },
    "done": true
  },
  "minecraft:adventure/adventuring_time": {
    "criteria": {
      "minecraft:taiga": "2024-06-22 12:40:03 +0000",
      "minecraft:river": "2024-06-22 12:39:59 +0000"
    },
    "done": false
  },
  "pfm:recipes/pfm.furniture/stone_kitchen_cabinet": {
    "criteria": {
      "has_planks": "2024-06-22 12:40:44 +0000"
    },
    "done": true
  },
  "ic2:plant_ball_seed_recipe_advancement": {
    "criteria": {
      "hasItem": "2024-06-22 12:40:45 +0000"
    },
    "done": true
  },
  "pfm:recipes/pfm.furniture/spruce_table_classic": {
    "criteria": {
      "has_planks": "2024-06-22 12:44:42 +0000"
    },
    "done": true
  },
  "minecraft:recipes/combat/stone_sword": {
    "criteria": {
      "has_cobblestone": "2024-06-22 12:40:44 +0000"
    },
    "done": true
  },
  "ic2:bronze_sign_recipe_advancement": {
    "criteria": {
      "hasItem": "2024-06-22 12:40:45 +0000"
    },
    "done": true
  },
  "minecraft:recipes/decorations/cobblestone_wall": {
    "criteria": {
      "has_cobblestone": "2024-06-22 12:40:44 +0000"
    },
    "done": true
  },
  "minecraft:recipes/decorations/barrel": {
    "criteria": {
      "has_planks": "2024-06-22 12:44:42 +0000"
    },
    "done": true
  },
  "another_furniture:recipes/spruce_shelf": {
    "criteria": {
      "has_planks": "2024-06-22 12:44:42 +0000"
    },
    "done": true
  },
  "minecraft:recipes/tools/stone_pickaxe": {
    "criteria": {
      "has_cobblestone": "2024-06-22 12:40:44 +0000"
    },
    "done": true
  },
  "minecraft:recipes/misc/iron_ingot_from_nuggets": {
    "criteria": {
      "has_iron_nugget": "2024-06-22 12:40:45 +0000"
    },
    "done": true
  },
  "another_furniture:recipes/acacia_drawer": {
    "criteria": {
      "has_planks": "2024-06-22 12:40:45 +0000"
    },
    "done": true
  },
  "pfm:recipes/pfm.furniture/dark_oak_kitchen_wall_small_drawer": {
    "criteria": {
      "has_planks": "2024-06-22 12:41:03 +0000"
    },
    "done": true
  },
  "pfm:recipes/pfm.furniture/stone_kitchen_wall_drawer": {
    "criteria": {
      "has_planks": "2024-06-22 12:40:44 +0000"
    },
    "done": true
  },
  "cfm:recipes/cfm/spruce_kitchen_sink_light": {
    "criteria": {
      "has_bottom": "2024-06-22 12:44:42 +0000"
    },
    "done": true
  },
  "ic2:efficient_sawblade_upgrade_recipe_advancement": {
    "criteria": {
      "hasItem": "2024-06-22 12:40:45 +0000"
    },
    "done": true
  },
  "cfm:recipes/cfm/stripped_dark_oak_crate": {
    "criteria": {
      "has_planks": "2024-06-22 12:41:03 +0000"
    },
    "done": true
  },
  "securitycraft:recipes/securitycraft/motion_activated_light": {
    "criteria": {
      "has_stick": "2024-06-22 12:40:45 +0000"
    },
    "done": true
  },
  "minecraft:recipes/transportation/jungle_boat": {
    "criteria": {
      "in_water": "2024-06-22 12:40:01 +0000"
    },
    "done": true
  },
  "aquaculture:recipes/misc/bonemeal_from_fish_bones": {
    "criteria": {
      "has_items": "2024-06-22 12:36:46 +0000"
    },
    "done": true
  },
  "cfm:recipes/cfm/door_mat": {
    "criteria": {
      "has_wheat": "2024-06-22 12:41:04 +0000"
    },
    "done": true
  },
  "minecraft:recipes/decorations/cobblestone_wall_from_cobblestone_stonecutting": {
    "criteria": {
      "has_cobblestone": "2024-06-22 12:40:44 +0000"
    },
    "done": true
  },
  "bakingmod:recipes/misc/flour": {
    "criteria": {
      "has_wheat": "2024-06-22 12:41:04 +0000"
    },
    "done": true
  },
  "aquaculture:recipes/misc/gold_nugget_from_blasting": {
    "criteria": {
      "has_fishing_rod": "2024-06-22 12:36:46 +0000",
      "has_fillet_knife": "2024-06-22 12:36:46 +0000"
    },
    "done": true
  },
  "ic2:durable_sawblade_upgrade_recipe_advancement": {
    "criteria": {
      "hasItem": "2024-06-22 12:40:45 +0000"
    },
    "done": true
  },
  "ic2:bronze_sword_recipe_advancement": {
    "criteria": {
      "hasItem": "2024-06-22 12:40:45 +0000"
    },
    "done": true
  },
  "ic2:tin_sign_recipe_advancement": {
    "criteria": {
      "hasItem": "2024-06-22 12:40:45 +0000"
    },
    "done": true
  },
  "farmersdelight:recipes/farmersdelight/onion_crate": {
    "criteria": {
      "has_onion": "2024-06-22 12:41:08 +0000"
    },
    "done": true
  },
  "ic2:mute_upgrade_recipe_advancement": {
    "criteria": {
      "hasItem": "2024-06-22 12:41:23 +0000"
    },
    "done": true
  },
  "aquaculture:recipes/aquaculture/heavy_hook": {
    "criteria": {
      "has_items": "2024-06-22 12:36:46 +0000"
    },
    "done": true
  },
  "tconstruct:recipes/tconstruct/general/tables/pattern": {
    "criteria": {
      "has_item": "2024-06-22 12:40:45 +0000"
    },
    "done": true
  },
  "ic2:bronze_pickaxe_recipe_advancement": {
    "criteria": {
      "hasItem": "2024-06-22 12:40:45 +0000"
    },
    "done": true
  },
  "aquaculture:recipes/aquaculture/iron_hook": {
    "criteria": {
      "has_items": "2024-06-22 12:36:46 +0000"
    },
    "done": true
  },
  "minecraft:recipes/transportation/dark_oak_boat": {
    "criteria": {
      "in_water": "2024-06-22 12:40:01 +0000"
    },
    "done": true
  },
  "minecraft:recipes/transportation/carrot_on_a_stick": {
    "criteria": {
      "has_carrot": "2024-06-22 12:41:02 +0000"
    },
    "done": true
  },
  "ic2:iv_battery_station_recipe_advancement": {
    "criteria": {
      "hasItem": "2024-06-22 12:44:42 +0000"
    },
    "done": true
  },
  "aquaculture:recipes/aquaculture/double_hook": {
    "criteria": {
      "has_items": "2024-06-22 12:36:46 +0000"
    },
    "done": true
  },
  "pfm:recipes/root": {
    "criteria": {
      "has_planks": "2024-06-22 12:44:42 +0000"
    },
    "done": true
  },
  "aquaculture:recipes/decorations/jungle_fish_mount": {
    "criteria": {
      "has_items": "2024-06-22 12:36:46 +0000"
    },
    "done": true
  },
  "mcwwindows:recipes/spruce": {
    "criteria": {
      "has_wood": "2024-06-22 12:44:23 +0000"
    },
    "done": true
  },
  "pfm:recipes/pfm.furniture/spruce_table_log": {
    "criteria": {
      "has_log": "2024-06-22 12:44:42 +0000"
    },
    "done": true
  },
  "cfm:recipes/cfm/stripped_dark_oak_kitchen_drawer": {
    "criteria": {
      "has_log": "2024-06-22 12:41:03 +0000"
    },
    "done": true
  },
  "ic2:silver_sign_recipe_advancement": {
    "criteria": {
      "hasItem": "2024-06-22 12:40:45 +0000"
    },
    "done": true
  },
  "pfm:recipes/pfm.furniture/dark_oak_kitchen_sink": {
    "criteria": {
      "has_planks": "2024-06-22 12:41:03 +0000"
    },
    "done": true
  },
  "cfm:recipes/cfm/dark_oak_park_bench": {
    "criteria": {
      "has_log": "2024-06-22 12:41:03 +0000"
    },
    "done": true
  },
  "pfm:recipes/pfm.furniture/spruce_raw_table_log": {
    "criteria": {
      "has_log": "2024-06-22 12:44:23 +0000"
    },
    "done": true
  },
  "minecraft:recipes/decorations/lantern": {
    "criteria": {
      "has_iron_nugget": "2024-06-22 12:40:45 +0000"
    },
    "done": true
  },
  "ic2:hv_battery_station_kit_indirect_recipe_advancement": {
    "criteria": {
      "hasItem": "2024-06-22 12:44:42 +0000"
    },
    "done": true
  },
  "biomesoplenty:recipes/transportation/jacaranda_boat": {
    "criteria": {
      "in_water": "2024-06-22 12:40:01 +0000"
    },
    "done": true
  },
  "securitycraft:recipes/securitycraft/reinforced_packed_mud": {
    "criteria": {
      "has_wheat": "2024-06-22 12:41:04 +0000"
    },
    "done": true
  },
  "minecraft:recipes/redstone/spruce_trapdoor": {
    "criteria": {
      "has_planks": "2024-06-22 12:44:42 +0000"
    },
    "done": true
  },
  "farmersdelight:recipes/farmersdelight/cooking/dumplings": {
    "criteria": {
      "has_any_ingredient": "2024-06-22 12:41:08 +0000"
    },
    "done": true
  },
  "farmersdelight:recipes/farmersdelight/barbecue_stick": {
    "criteria": {
      "has_onion": "2024-06-22 12:41:08 +0000"
    },
    "done": true
  },
  "ic2:iv_charging_bench_recipe_advancement": {
    "criteria": {
      "hasItem": "2024-06-22 12:44:42 +0000"
    },
    "done": true
  },
  "pfm:recipes/pfm.furniture/spruce_chair": {
    "criteria": {
      "has_planks": "2024-06-22 12:44:42 +0000"
    },
    "done": true
  },
  "ic2:rubberwood_fence_gate_recipe_advancement": {
    "criteria": {
      "hasItem": "2024-06-22 12:40:45 +0000"
    },
    "done": true
  },
  "aquaculture:recipes/decorations/birch_fish_mount": {
    "criteria": {
      "has_items": "2024-06-22 12:36:46 +0000"
    },
    "done": true
  },
  "ic2:wooden_rotor_recipe_advancement": {
    "criteria": {
      "hasItem": "2024-06-22 12:40:45 +0000"
    },
    "done": true
  },
  "aquaculture:recipes/aquaculture/bobber": {
    "criteria": {
      "has_items": "2024-06-22 12:36:46 +0000"
    },
    "done": true
  },
  "ic2:root": {
    "criteria": {
      "hasCrafting": "2024-06-22 12:44:45 +0000"
    },
    "done": true
  },
  "cfm:recipes/cfm/spruce_crate": {
    "criteria": {
      "has_log": "2024-06-22 12:44:23 +0000"
    },
    "done": true
  },
  "minecraft:recipes/decorations/soul_campfire": {
    "criteria": {
      "has_stick": "2024-06-22 12:40:45 +0000"
    },
    "done": true
  },
  "ic2:chocolate_cake_recipe_advancement": {
    "criteria": {
      "hasItem": "2024-06-22 12:41:04 +0000"
    },
    "done": true
  },
  "minecraft:recipes/tools/stone_axe": {
    "criteria": {
      "has_cobblestone": "2024-06-22 12:40:44 +0000"
    },
    "done": true
  },
  "ic2:ev_charge_bench_kit_indirect_recipe_advancement": {
    "criteria": {
      "hasItem": "2024-06-22 12:44:42 +0000"
    },
    "done": true
  },
  "ic2:wool_rotor_recipe_advancement": {
    "criteria": {
      "hasItem": "2024-06-22 12:41:23 +0000"
    },
    "done": true
  },
  "cfm:recipes/cfm/dark_oak_bedside_cabinet": {
    "criteria": {
      "has_log": "2024-06-22 12:41:03 +0000"
    },
    "done": true
  },
  "ic2:bronze_shovel_recipe_advancement": {
    "criteria": {
      "hasItem": "2024-06-22 12:40:45 +0000"
    },
    "done": true
  },
  "pfm:recipes/pfm.furniture/spruce_modern_stool": {
    "criteria": {
      "has_planks": "2024-06-22 12:44:42 +0000"
    },
    "done": true
  },
  "cfm:recipes/cfm/spruce_desk_cabinet": {
    "criteria": {
      "has_log": "2024-06-22 12:44:23 +0000"
    },
    "done": true
  },
  "DataVersion": 3120
}