{
  "aquaculture:recipes/food/sushi": {
    "criteria": {
      "has_alt_items": "2024-05-29 04:32:21 +0000",
      "has_items": "2024-05-29 04:32:21 +0000"
    },
    "done": true
  },
  "pfm:grant_book_on_first_join": {
    "criteria": {
      "tick": "2024-05-29 04:32:21 +0000"
    },
    "done": true
  },
  "pfm:recipes/pfm.furniture/dead_biomesoplenty_kitchen_wall_drawer": {
    "criteria": {
      "has_planks": "2024-05-29 04:39:43 +0000"
    },
    "done": true
  },
  "ic2:memory_expansion_recipe_advancement": {
    "criteria": {
      "hasItem": "2024-05-29 04:39:50 +0000"
    },
    "done": true
  },
  "aquaculture:recipes/decorations/spruce_fish_mount": {
    "criteria": {
      "has_items": "2024-05-29 04:32:21 +0000"
    },
    "done": true
  },
  "aquaculture:recipes/misc/neptunium_ingot_from_neptunium_block": {
    "criteria": {
      "has_items": "2024-05-29 04:32:21 +0000"
    },
    "done": true
  },
  "pfm:recipes/pfm.furniture/dead_biomesoplenty_kitchen_drawer": {
    "criteria": {
      "has_planks": "2024-05-29 04:39:43 +0000"
    },
    "done": true
  },
  "aquaculture:recipes/aquaculture/note_hook": {
    "criteria": {
      "has_items": "2024-05-29 04:32:21 +0000"
    },
    "done": true
  },
  "aquaculture:recipes/misc/tin_can_to_iron_nugget_from_blasting": {
    "criteria": {
      "has_items": "2024-05-29 04:32:21 +0000"
    },
    "done": true
  },
  "ic2:crafting_upgrade_recipe_advancement": {
    "criteria": {
      "hasItem": "2024-05-29 04:39:50 +0000"
    },
    "done": true
  },
  "tconstruct:tools/materials_and_you": {
    "criteria": {
      "crafted_book": "2024-05-29 04:32:21 +0000"
    },
    "done": true
  },
  "tconstruct:internal/starting_book": {
    "criteria": {
      "tick": "2024-05-29 04:32:21 +0000"
    },
    "done": true
  },
  "aquaculture:recipes/aquaculture/light_hook": {
    "criteria": {
      "has_items": "2024-05-29 04:32:21 +0000"
    },
    "done": true
  },
  "aquaculture:recipes/misc/iron_nugget_from_smelting": {
    "criteria": {
      "has_fishing_rod": "2024-05-29 04:32:21 +0000",
      "has_fillet_knife": "2024-05-29 04:32:21 +0000"
    },
    "done": true
  },
  "aquaculture:recipes/decorations/oak_fish_mount": {
    "criteria": {
      "has_items": "2024-05-29 04:32:21 +0000"
    },
    "done": true
  },
  "biomesoplenty:biomesoplenty/all_biomes": {
    "criteria": {
      "dead_forest": "2024-05-29 04:39:37 +0000",
      "snowy_maple_woods": "2024-05-29 04:32:21 +0000"
    },
    "done": false
  },
  "aquaculture:recipes/decorations/dark_oak_fish_mount": {
    "criteria": {
      "has_items": "2024-05-29 04:32:21 +0000"
    },
    "done": true
  },
  "pfm:recipes/pfm.furniture/dead_biomesoplenty_log_stool": {
    "criteria": {
      "has_log": "2024-05-29 04:39:43 +0000"
    },
    "done": true
  },
  "aquaculture:recipes/aquaculture/redstone_hook": {
    "criteria": {
      "has_items": "2024-05-29 04:32:21 +0000"
    },
    "done": true
  },
  "minecraft:adventure/adventuring_time": {
    "criteria": {
      "minecraft:frozen_river": "2024-05-29 04:39:26 +0000"
    },
    "done": false
  },
  "minecraft:recipes/decorations/crafting_table": {
    "criteria": {
      "has_the_recipe": "2024-05-29 04:39:49 +0000"
    },
    "done": true
  },
  "minecraft:recipes/misc/charcoal": {
    "criteria": {
      "has_log": "2024-05-29 04:39:43 +0000"
    },
    "done": true
  },
  "aquaculture:recipes/misc/jellyfish_to_slimeball": {
    "criteria": {
      "has_items": "2024-05-29 04:32:21 +0000"
    },
    "done": true
  },
  "aquaculture:recipes/food/cooked_fish_fillet": {
    "criteria": {
      "has_items": "2024-05-29 04:32:21 +0000"
    },
    "done": true
  },
  "biomesoplenty:recipes/building_blocks/dead_planks": {
    "criteria": {
      "has_logs": "2024-05-29 04:39:43 +0000"
    },
    "done": true
  },
  "aquaculture:recipes/tools/golden_fishing_rod": {
    "criteria": {
      "has_vanilla_rod": "2024-05-29 04:32:21 +0000"
    },
    "done": true
  },
  "aquaculture:recipes/tools/diamond_fishing_rod": {
    "criteria": {
      "has_vanilla_rod": "2024-05-29 04:32:21 +0000"
    },
    "done": true
  },
  "aquaculture:recipes/misc/red_mushroom_from_fish": {
    "criteria": {
      "has_items": "2024-05-29 04:32:21 +0000"
    },
    "done": true
  },
  "aquaculture:recipes/food/cooked_fish_fillet_from_campfire": {
    "criteria": {
      "has_items": "2024-05-29 04:32:21 +0000"
    },
    "done": true
  },
  "ic2:industrial_worktable_recipe_advancement": {
    "criteria": {
      "hasItem": "2024-05-29 04:39:50 +0000"
    },
    "done": true
  },
  "aquaculture:recipes/tools/iron_fishing_rod": {
    "criteria": {
      "has_vanilla_rod": "2024-05-29 04:32:21 +0000"
    },
    "done": true
  },
  "securitycraft:recipes/securitycraft/sc_manual": {
    "criteria": {
      "has_wood": "2024-05-29 04:39:43 +0000"
    },
    "done": true
  },
  "pfm:recipes/pfm.furniture/dead_biomesoplenty_kitchen_counter": {
    "criteria": {
      "has_planks": "2024-05-29 04:39:43 +0000"
    },
    "done": true
  },
  "mowziesmobs:root": {
    "criteria": {
      "custom_test_name": "2024-05-29 04:32:21 +0000"
    },
    "done": true
  },
  "aquaculture:recipes/misc/bonemeal_from_fish_bones": {
    "criteria": {
      "has_items": "2024-05-29 04:32:21 +0000"
    },
    "done": true
  },
  "aquaculture:recipes/decorations/acacia_fish_mount": {
    "criteria": {
      "has_items": "2024-05-29 04:32:21 +0000"
    },
    "done": true
  },
  "aquaculture:recipes/aquaculture/gold_hook": {
    "criteria": {
      "has_items": "2024-05-29 04:32:21 +0000"
    },
    "done": true
  },
  "aquaculture:recipes/misc/gold_nugget_from_blasting": {
    "criteria": {
      "has_fishing_rod": "2024-05-29 04:32:21 +0000",
      "has_fillet_knife": "2024-05-29 04:32:21 +0000"
    },
    "done": true
  },
  "aquaculture:recipes/misc/brown_mushroom_from_fish": {
    "criteria": {
      "has_items": "2024-05-29 04:32:21 +0000"
    },
    "done": true
  },
  "aquaculture:recipes/aquaculture/heavy_hook": {
    "criteria": {
      "has_items": "2024-05-29 04:32:21 +0000"
    },
    "done": true
  },
  "aquaculture:recipes/aquaculture/iron_hook": {
    "criteria": {
      "has_items": "2024-05-29 04:32:21 +0000"
    },
    "done": true
  },
  "pfm:recipes/pfm.furniture/dead_biomesoplenty_kitchen_wall_small_drawer": {
    "criteria": {
      "has_planks": "2024-05-29 04:39:43 +0000"
    },
    "done": true
  },
  "aquaculture:recipes/misc/iron_nugget_from_blasting": {
    "criteria": {
      "has_fishing_rod": "2024-05-29 04:32:21 +0000",
      "has_fillet_knife": "2024-05-29 04:32:21 +0000"
    },
    "done": true
  },
  "pfm:recipes/pfm.furniture/dead_biomesoplenty_kitchen_cabinet": {
    "criteria": {
      "has_planks": "2024-05-29 04:39:43 +0000"
    },
    "done": true
  },
  "aquaculture:recipes/building_blocks/planks_from_driftwood": {
    "criteria": {
      "has_items": "2024-05-29 04:32:21 +0000"
    },
    "done": true
  },
  "aquaculture:recipes/aquaculture/double_hook": {
    "criteria": {
      "has_items": "2024-05-29 04:32:21 +0000"
    },
    "done": true
  },
  "aquaculture:recipes/decorations/jungle_fish_mount": {
    "criteria": {
      "has_items": "2024-05-29 04:32:21 +0000"
    },
    "done": true
  },
  "pfm:recipes/pfm.furniture/dead_biomesoplenty_kitchen_sink": {
    "criteria": {
      "has_planks": "2024-05-29 04:39:43 +0000"
    },
    "done": true
  },
  "ic2:stone_canner_recipe_advancement": {
    "criteria": {
      "hasItem": "2024-05-29 04:39:50 +0000"
    },
    "done": true
  },
  "aquaculture:recipes/misc/neptunium_ingot_from_nuggets": {
    "criteria": {
      "has_items": "2024-05-29 04:32:21 +0000"
    },
    "done": true
  },
  "aquaculture:recipes/aquaculture/diamond_hook": {
    "criteria": {
      "has_items": "2024-05-29 04:32:21 +0000"
    },
    "done": true
  },
  "biomesoplenty:biomesoplenty/root": {
    "criteria": {
      "snowy_maple_woods": "2024-05-29 04:32:21 +0000"
    },
    "done": true
  },
  "aquaculture:recipes/decorations/birch_fish_mount": {
    "criteria": {
      "has_items": "2024-05-29 04:32:21 +0000"
    },
    "done": true
  },
  "pfm:recipes/pfm.furniture/dead_biomesoplenty_kitchen_wall_counter": {
    "criteria": {
      "has_planks": "2024-05-29 04:39:43 +0000"
    },
    "done": true
  },
  "aquaculture:recipes/misc/tin_can_to_iron_nugget": {
    "criteria": {
      "has_items": "2024-05-29 04:32:21 +0000"
    },
    "done": true
  },
  "aquaculture:recipes/misc/gold_nugget_from_gold_fish": {
    "criteria": {
      "has_items": "2024-05-29 04:32:21 +0000"
    },
    "done": true
  },
  "aquaculture:recipes/aquaculture/bobber": {
    "criteria": {
      "has_items": "2024-05-29 04:32:21 +0000"
    },
    "done": true
  },
  "ic2:armor_configurator_recipe_advancement": {
    "criteria": {
      "hasItem": "2024-05-29 04:39:50 +0000"
    },
    "done": true
  },
  "ic2:root": {
    "criteria": {
      "hasCrafting": "2024-05-29 04:39:50 +0000"
    },
    "done": true
  },
  "minecraft:story/root": {
    "criteria": {
      "crafting_table": "2024-05-29 04:39:49 +0000"
    },
    "done": true
  },
  "naturalist:recipes/food/cooked_egg": {
    "criteria": {
      "has_eggs": "2024-05-29 04:32:21 +0000"
    },
    "done": true
  },
  "aquaculture:recipes/misc/gold_nugget_from_smelting": {
    "criteria": {
      "has_fishing_rod": "2024-05-29 04:32:21 +0000",
      "has_fillet_knife": "2024-05-29 04:32:21 +0000"
    },
    "done": true
  },
  "aquaculture:recipes/aquaculture/fishing_line": {
    "criteria": {
      "has_items": "2024-05-29 04:32:21 +0000"
    },
    "done": true
  },
  "aquaculture:recipes/misc/neptinium_ingot_from_blasting": {
    "criteria": {
      "has_leggings": "2024-05-29 04:32:21 +0000",
      "has_axe": "2024-05-29 04:32:21 +0000",
      "has_helmet": "2024-05-29 04:32:21 +0000",
      "has_fishing_rod": "2024-05-29 04:32:21 +0000",
      "has_bow": "2024-05-29 04:32:21 +0000",
      "has_chestplate": "2024-05-29 04:32:21 +0000",
      "has_sword": "2024-05-29 04:32:21 +0000",
      "has_fillet_knife": "2024-05-29 04:32:21 +0000",
      "has_shovel": "2024-05-29 04:32:21 +0000",
      "has_hoe": "2024-05-29 04:32:21 +0000",
      "has_boots": "2024-05-29 04:32:21 +0000",
      "has_pickaxe": "2024-05-29 04:32:21 +0000"
    },
    "done": true
  },
  "paraglider:root": {
    "criteria": {
      "crafting_table": "2024-05-29 04:39:50 +0000"
    },
    "done": true
  },
  "pfm:recipes/pfm.furniture/dead_biomesoplenty_raw_table_log": {
    "criteria": {
      "has_log": "2024-05-29 04:39:43 +0000"
    },
    "done": true
  },
  "aquaculture:recipes/aquaculture/worm_farm": {
    "criteria": {
      "has_items": "2024-05-29 04:32:21 +0000"
    },
    "done": true
  },
  "aquaculture:recipes/food/cooked_fish_fillet_from_smoking": {
    "criteria": {
      "has_items": "2024-05-29 04:32:21 +0000"
    },
    "done": true
  },
  "biomesoplenty:recipes/building_blocks/dead_wood": {
    "criteria": {
      "has_log": "2024-05-29 04:39:43 +0000"
    },
    "done": true
  },
  "pfm:recipes/pfm.furniture/dead_biomesoplenty_kitchen_counter_oven": {
    "criteria": {
      "has_planks": "2024-05-29 04:39:43 +0000"
    },
    "done": true
  },
  "DataVersion": 3120
}