{
  "cfm:recipes/cfm/spruce_kitchen_drawer": {
    "criteria": {
      "has_log": "2024-05-29 05:03:09 +0000"
    },
    "done": true
  },
  "securitycraft:recipes/securitycraft/universal_block_remover": {
    "criteria": {
      "has_iron": "2024-05-29 05:23:16 +0000"
    },
    "done": true
  },
  "minecraft:recipes/tools/fishing_rod": {
    "criteria": {
      "has_string": "2024-05-29 05:08:25 +0000"
    },
    "done": true
  },
  "ic2:mv_charge_bench_kit_indirect_gold_recipe_advancement": {
    "criteria": {
      "hasItem": "2024-05-29 05:01:17 +0000"
    },
    "done": true
  },
  "ic2:plant_ball_sapling_recipe_advancement": {
    "criteria": {
      "hasItem": "2024-05-29 05:02:30 +0000"
    },
    "done": true
  },
  "minecraft:recipes/redstone/lever": {
    "criteria": {
      "has_cobblestone": "2024-05-29 05:01:49 +0000"
    },
    "done": true
  },
  "minecraft:recipes/combat/iron_sword": {
    "criteria": {
      "has_iron_ingot": "2024-05-29 05:23:16 +0000"
    },
    "done": true
  },
  "ic2:composite_chest_0_recipe_advancement": {
    "criteria": {
      "hasItem": "2024-05-29 05:23:01 +0000"
    },
    "done": true
  },
  "tconstruct:tools/materials_and_you": {
    "criteria": {
      "crafted_book": "2024-05-29 04:56:12 +0000"
    },
    "done": true
  },
  "minecraft:recipes/redstone/spruce_door": {
    "criteria": {
      "has_planks": "2024-05-29 05:22:49 +0000"
    },
    "done": true
  },
  "tconstruct:internal/starting_book": {
    "criteria": {
      "tick": "2024-05-29 04:56:12 +0000"
    },
    "done": true
  },
  "pfm:recipes/pfm.furniture/brown_arm_chair": {
    "criteria": {
      "has_wool": "2024-05-29 04:59:28 +0000"
    },
    "done": true
  },
  "securitycraft:recipes/securitycraft/sentry": {
    "criteria": {
      "has_iron": "2024-05-29 05:23:16 +0000"
    },
    "done": true
  },
  "ic2:tfbp_biome_forestification_recipe_advancement": {
    "criteria": {
      "hasItem": "2024-05-29 05:02:30 +0000"
    },
    "done": true
  },
  "minecraft:recipes/tools/iron_pickaxe": {
    "criteria": {
      "has_iron_ingot": "2024-05-29 05:23:16 +0000"
    },
    "done": true
  },
  "minecraft:recipes/redstone/spruce_fence_gate": {
    "criteria": {
      "has_planks": "2024-05-29 05:22:49 +0000"
    },
    "done": true
  },
  "ic2:iv_charge_bench_kit_indirect_recipe_advancement": {
    "criteria": {
      "hasItem": "2024-05-29 05:01:17 +0000"
    },
    "done": true
  },
  "minecraft:recipes/combat/leather_helmet": {
    "criteria": {
      "has_leather": "2024-05-29 05:14:30 +0000"
    },
    "done": true
  },
  "cfm:recipes/cfm/spruce_bedside_cabinet": {
    "criteria": {
      "has_log": "2024-05-29 05:03:09 +0000"
    },
    "done": true
  },
  "ic2:static_boots_1_recipe_advancement": {
    "criteria": {
      "hasItem": "2024-05-29 05:15:09 +0000"
    },
    "done": true
  },
  "minecraft:recipes/decorations/crafting_table": {
    "criteria": {
      "has_planks": "2024-05-29 05:01:18 +0000"
    },
    "done": true
  },
  "minecraft:recipes/building_blocks/magenta_wool": {
    "criteria": {
      "has_white_wool": "2024-05-29 05:15:09 +0000"
    },
    "done": true
  },
  "ic2:lv_unloader_recipe_advancement": {
    "criteria": {
      "hasItem": "2024-05-29 05:01:17 +0000"
    },
    "done": true
  },
  "pfm:recipes/pfm.furniture/blue_simple_sofa": {
    "criteria": {
      "has_wool": "2024-05-29 04:59:28 +0000"
    },
    "done": true
  },
  "minecraft:recipes/decorations/ladder": {
    "criteria": {
      "has_stick": "2024-05-29 05:01:22 +0000"
    },
    "done": true
  },
  "minecraft:recipes/decorations/chest": {
    "criteria": {
      "has_lots_of_items": "2024-05-29 05:02:14 +0000"
    },
    "done": true
  },
  "minecraft:recipes/combat/golden_sword": {
    "criteria": {
      "has_gold_ingot": "2024-05-29 05:13:32 +0000"
    },
    "done": true
  },
  "ic2:aluminum_sign_recipe_advancement": {
    "criteria": {
      "hasItem": "2024-05-29 05:01:22 +0000"
    },
    "done": true
  },
  "minecraft:recipes/transportation/mangrove_boat": {
    "criteria": {
      "in_water": "2024-05-29 05:10:18 +0000"
    },
    "done": true
  },
  "minecraft:recipes/redstone/spruce_button": {
    "criteria": {
      "has_planks": "2024-05-29 05:22:49 +0000"
    },
    "done": true
  },
  "minecraft:recipes/tools/wooden_shovel": {
    "criteria": {
      "has_stick": "2024-05-29 05:01:22 +0000"
    },
    "done": true
  },
  "aquaculture:recipes/tools/golden_fishing_rod": {
    "criteria": {
      "has_vanilla_rod": "2024-05-29 04:56:12 +0000"
    },
    "done": true
  },
  "minecraft:recipes/decorations/torch": {
    "criteria": {
      "has_stone_pickaxe": "2024-05-29 05:02:12 +0000"
    },
    "done": true
  },
  "ic2:bio_chunk_recipe_advancement": {
    "criteria": {
      "hasItem": "2024-05-29 05:08:19 +0000"
    },
    "done": true
  },
  "ic2:industrial_worktable_recipe_advancement": {
    "criteria": {
      "hasItem": "2024-05-29 05:01:21 +0000"
    },
    "done": true
  },
  "minecraft:recipes/tools/shears": {
    "criteria": {
      "has_iron_ingot": "2024-05-29 05:23:16 +0000"
    },
    "done": true
  },
  "minecraft:recipes/misc/stick": {
    "criteria": {
      "has_planks": "2024-05-29 05:01:18 +0000"
    },
    "done": true
  },
  "ic2:composite_leggings_0_recipe_advancement": {
    "criteria": {
      "hasItem": "2024-05-29 05:23:02 +0000"
    },
    "done": true
  },
  "ic2:bronze_hoe_recipe_advancement": {
    "criteria": {
      "hasItem": "2024-05-29 05:01:22 +0000"
    },
    "done": true
  },
  "mcwwindows:recipes/dark_prismarine": {
    "criteria": {
      "has_the_recipe": "2024-05-29 04:59:28 +0000"
    },
    "done": true
  },
  "mcwdoors:recipes/spruce": {
    "criteria": {
      "has_wood": "2024-05-29 05:03:09 +0000"
    },
    "done": true
  },
  "cfm:recipes/cfm/brown_grill": {
    "criteria": {
      "has_iron": "2024-05-29 05:23:16 +0000"
    },
    "done": true
  },
  "cfm:recipes/cfm/green_grill": {
    "criteria": {
      "has_iron": "2024-05-29 05:23:16 +0000"
    },
    "done": true
  },
  "pfm:recipes/pfm.furniture/iron_freezer": {
    "criteria": {
      "has_iron_ingot": "2024-05-29 05:23:16 +0000"
    },
    "done": true
  },
  "ic2:mug_cold_fruit_tea_recipe_advancement": {
    "criteria": {
      "hasItem": "2024-05-29 05:02:30 +0000"
    },
    "done": true
  },
  "ic2:iv_battery_station_kit_indirect_recipe_advancement": {
    "criteria": {
      "hasItem": "2024-05-29 05:01:17 +0000"
    },
    "done": true
  },
  "pfm:recipes/pfm.furniture/spruce_simple_stool": {
    "criteria": {
      "has_planks": "2024-05-29 05:22:49 +0000"
    },
    "done": true
  },
  "ic2:rubberwood_fence_recipe_advancement": {
    "criteria": {
      "hasItem": "2024-05-29 05:01:22 +0000"
    },
    "done": true
  },
  "securitycraft:recipes/securitycraft/electrified_iron_fence": {
    "criteria": {
      "has_iron": "2024-05-29 05:23:16 +0000"
    },
    "done": true
  },
  "another_furniture:recipes/dark_oak_drawer": {
    "criteria": {
      "has_planks": "2024-05-29 05:01:22 +0000"
    },
    "done": true
  },
  "ic2:singularity_compressor_recipe_advancement": {
    "criteria": {
      "hasItem": "2024-05-29 05:13:38 +0000"
    },
    "done": true
  },
  "ic2:aluminum_sword_recipe_advancement": {
    "criteria": {
      "hasItem": "2024-05-29 05:01:22 +0000"
    },
    "done": true
  },
  "minecraft:recipes/combat/iron_leggings": {
    "criteria": {
      "has_iron_ingot": "2024-05-29 05:23:16 +0000"
    },
    "done": true
  },
  "ic2:lv_transformer_recipe_advancement": {
    "criteria": {
      "hasItem": "2024-05-29 05:01:17 +0000"
    },
    "done": true
  },
  "pfm:recipes/pfm.furniture/green_arm_chair": {
    "criteria": {
      "has_wool": "2024-05-29 04:59:28 +0000"
    },
    "done": true
  },
  "minecraft:recipes/combat/shield": {
    "criteria": {
      "has_iron_ingot": "2024-05-29 05:23:16 +0000"
    },
    "done": true
  },
  "pfm:recipes/pfm.furniture/lime_simple_sofa": {
    "criteria": {
      "has_wool": "2024-05-29 04:59:28 +0000"
    },
    "done": true
  },
  "minecraft:recipes/building_blocks/cobblestone_slab": {
    "criteria": {
      "has_cobblestone": "2024-05-29 05:01:49 +0000"
    },
    "done": true
  },
  "decorative_blocks:recipes/decorative_blocks.general/lattice": {
    "criteria": {
      "has_stick": "2024-05-29 05:01:22 +0000"
    },
    "done": true
  },
  "pfm:recipes/pfm.furniture/oak_chair_dinner": {
    "criteria": {
      "has_planks": "2024-05-29 05:01:18 +0000"
    },
    "done": true
  },
  "cfm:recipes/cfm/spruce_cabinet": {
    "criteria": {
      "has_log": "2024-05-29 05:03:09 +0000"
    },
    "done": true
  },
  "ic2:battery_belt_recipe_advancement": {
    "criteria": {
      "hasItem": "2024-05-29 05:14:30 +0000"
    },
    "done": true
  },
  "cfm:recipes/cfm/oak_bedside_cabinet": {
    "criteria": {
      "has_log": "2024-05-29 04:59:28 +0000"
    },
    "done": true
  },
  "minecraft:recipes/redstone/hopper": {
    "criteria": {
      "has_iron_ingot": "2024-05-29 05:23:16 +0000"
    },
    "done": true
  },
  "ic2:ev_charging_bench_recipe_advancement": {
    "criteria": {
      "hasItem": "2024-05-29 05:01:17 +0000"
    },
    "done": true
  },
  "cfm:recipes/cfm/orange_grill": {
    "criteria": {
      "has_iron": "2024-05-29 05:23:16 +0000"
    },
    "done": true
  },
  "ic2:armor_configurator_recipe_advancement": {
    "criteria": {
      "hasItem": "2024-05-29 05:01:21 +0000"
    },
    "done": true
  },
  "cfm:recipes/cfm/stripped_spruce_desk": {
    "criteria": {
      "has_planks": "2024-05-29 05:03:09 +0000"
    },
    "done": true
  },
  "ic2:chips_recipe_advancement": {
    "criteria": {
      "hasItem": "2024-05-29 05:01:22 +0000"
    },
    "done": true
  },
  "another_furniture:recipes/white_curtain": {
    "criteria": {
      "has_wool": "2024-05-29 05:15:09 +0000"
    },
    "done": true
  },
  "naturalist:recipes/food/cooked_egg": {
    "criteria": {
      "has_eggs": "2024-05-29 04:56:12 +0000"
    },
    "done": true
  },
  "aquaculture:recipes/misc/gold_nugget_from_smelting": {
    "criteria": {
      "has_fishing_rod": "2024-05-29 04:56:12 +0000",
      "has_fillet_knife": "2024-05-29 04:56:12 +0000"
    },
    "done": true
  },
  "cfm:recipes/cfm/diving_board": {
    "criteria": {
      "has_wheat": "2024-05-29 05:15:12 +0000"
    },
    "done": true
  },
  "biomesoplenty:recipes/transportation/cherry_boat": {
    "criteria": {
      "in_water": "2024-05-29 05:10:18 +0000"
    },
    "done": true
  },
  "aquaculture:recipes/aquaculture/worm_farm": {
    "criteria": {
      "has_items": "2024-05-29 04:56:12 +0000"
    },
    "done": true
  },
  "another_furniture:recipes/black_sofa": {
    "criteria": {
      "has_wool": "2024-05-29 05:15:59 +0000"
    },
    "done": true
  },
  "biomesoplenty:recipes/transportation/fir_boat": {
    "criteria": {
      "in_water": "2024-05-29 05:10:18 +0000"
    },
    "done": true
  },
  "cfm:recipes/cfm/blue_grill": {
    "criteria": {
      "has_iron": "2024-05-29 05:23:16 +0000"
    },
    "done": true
  },
  "minecraft:recipes/combat/leather_leggings": {
    "criteria": {
      "has_leather": "2024-05-29 05:14:30 +0000"
    },
    "done": true
  },
  "ic2:hv_charging_bench_recipe_advancement": {
    "criteria": {
      "hasItem": "2024-05-29 05:01:17 +0000"
    },
    "done": true
  },
  "securitycraft:recipes/securitycraft/security_camera": {
    "criteria": {
      "has_iron": "2024-05-29 05:23:16 +0000"
    },
    "done": true
  },
  "pfm:recipes/pfm.furniture/gray_simple_sofa": {
    "criteria": {
      "has_wool": "2024-05-29 04:59:28 +0000"
    },
    "done": true
  },
  "securitycraft:recipes/securitycraft/door_indestructible_iron_item": {
    "criteria": {
      "has_iron": "2024-05-29 05:23:16 +0000"
    },
    "done": true
  },
  "ic2:aluminum_shovel_recipe_advancement": {
    "criteria": {
      "hasItem": "2024-05-29 05:01:22 +0000"
    },
    "done": true
  },
  "pfm:recipes/pfm.furniture/iron_stove": {
    "criteria": {
      "has_iron_ingot": "2024-05-29 05:23:16 +0000"
    },
    "done": true
  },
  "another_furniture:recipes/mangrove_drawer": {
    "criteria": {
      "has_planks": "2024-05-29 05:01:22 +0000"
    },
    "done": true
  },
  "aquaculture:recipes/decorations/spruce_fish_mount": {
    "criteria": {
      "has_items": "2024-05-29 04:56:12 +0000"
    },
    "done": true
  },
  "cfm:recipes/cfm/purple_grill": {
    "criteria": {
      "has_iron": "2024-05-29 05:23:16 +0000"
    },
    "done": true
  },
  "cfm:recipes/cfm/spruce_kitchen_sink_dark": {
    "criteria": {
      "has_bottom": "2024-05-29 05:22:49 +0000"
    },
    "done": true
  },
  "pfm:recipes/pfm.furniture/spruce_classic_nightstand": {
    "criteria": {
      "has_planks": "2024-05-29 05:22:49 +0000"
    },
    "done": true
  },
  "ic2:lv_flux_generator_recipe_advancement": {
    "criteria": {
      "hasItem": "2024-05-29 05:23:16 +0000"
    },
    "done": true
  },
  "minecraft:recipes/decorations/iron_bars": {
    "criteria": {
      "has_iron_ingot": "2024-05-29 05:23:16 +0000"
    },
    "done": true
  },
  "pfm:recipes/pfm.furniture/spruce_simple_bunk_ladder": {
    "criteria": {
      "has_planks": "2024-05-29 05:22:49 +0000"
    },
    "done": true
  },
  "minecraft:recipes/building_blocks/gold_block": {
    "criteria": {
      "has_gold_ingot": "2024-05-29 05:13:32 +0000"
    },
    "done": true
  },
  "minecraft:recipes/building_blocks/blue_wool": {
    "criteria": {
      "has_white_wool": "2024-05-29 05:15:09 +0000"
    },
    "done": true
  },
  "minecraft:story/obtain_armor": {
    "criteria": {
      "iron_helmet": "2024-05-29 05:13:39 +0000"
    },
    "done": true
  },
  "ic2:gold_cable_recipe_advancement": {
    "criteria": {
      "hasItem": "2024-05-29 05:13:32 +0000"
    },
    "done": true
  },
  "cfm:recipes/cfm/stripped_spruce_bedside_cabinet": {
    "criteria": {
      "has_planks": "2024-05-29 05:03:09 +0000"
    },
    "done": true
  },
  "biomesoplenty:biomesoplenty/all_biomes": {
    "criteria": {
      "muskeg": "2024-05-29 05:19:15 +0000",
      "cold_desert": "2024-05-29 05:19:45 +0000",
      "maple_woods": "2024-05-29 05:21:55 +0000",
      "old_growth_dead_forest": "2024-05-29 05:16:27 +0000",
      "seasonal_forest": "2024-05-29 05:30:53 +0000",
      "pumpkin_patch": "2024-05-29 05:21:26 +0000",
      "snowy_coniferous_forest": "2024-05-29 05:07:24 +0000",
      "snowy_fir_clearing": "2024-05-29 05:03:27 +0000",
      "tundra": "2024-05-29 05:19:49 +0000",
      "snowy_maple_woods": "2024-05-29 04:56:13 +0000"
    },
    "done": false
  },
  "minecraft:adventure/sleep_in_bed": {
    "criteria": {
      "slept_in_bed": "2024-05-29 05:12:38 +0000"
    },
    "done": true
  },
  "minecraft:recipes/building_blocks/spruce_planks": {
    "criteria": {
      "has_logs": "2024-05-29 05:03:09 +0000"
    },
    "done": true
  },
  "minecraft:recipes/building_blocks/cobblestone_slab_from_cobblestone_stonecutting": {
    "criteria": {
      "has_cobblestone": "2024-05-29 05:01:49 +0000"
    },
    "done": true
  },
  "aquaculture:recipes/misc/jellyfish_to_slimeball": {
    "criteria": {
      "has_items": "2024-05-29 04:56:12 +0000"
    },
    "done": true
  },
  "decorative_blocks:recipes/decorative_blocks.general/oak_support": {
    "criteria": {
      "has_plank": "2024-05-29 05:01:17 +0000"
    },
    "done": true
  },
  "pfm:recipes/pfm.furniture/purple_arm_chair": {
    "criteria": {
      "has_wool": "2024-05-29 04:59:28 +0000"
    },
    "done": true
  },
  "minecraft:recipes/building_blocks/oak_stairs": {
    "criteria": {
      "has_planks": "2024-05-29 05:01:18 +0000"
    },
    "done": true
  },
  "cfm:recipes/cfm/oak_kitchen_drawer": {
    "criteria": {
      "has_log": "2024-05-29 04:59:28 +0000"
    },
    "done": true
  },
  "cfm:recipes/cfm/stripped_oak_coffee_table": {
    "criteria": {
      "has_planks": "2024-05-29 04:59:28 +0000"
    },
    "done": true
  },
  "tconstruct:world/slime_collector": {
    "criteria": {
      "sky": "2024-05-29 05:32:36 +0000"
    },
    "done": false
  },
  "minecraft:recipes/transportation/acacia_boat": {
    "criteria": {
      "in_water": "2024-05-29 05:10:18 +0000"
    },
    "done": true
  },
  "decorative_blocks:recipes/decorative_blocks.general/spruce_palisade": {
    "criteria": {
      "has_log": "2024-05-29 05:03:09 +0000"
    },
    "done": true
  },
  "cfm:recipes/cfm/stripped_oak_cabinet": {
    "criteria": {
      "has_log": "2024-05-29 04:59:28 +0000"
    },
    "done": true
  },
  "minecraft:recipes/redstone/iron_trapdoor": {
    "criteria": {
      "has_iron_ingot": "2024-05-29 05:23:16 +0000"
    },
    "done": true
  },
  "aquaculture:recipes/tools/iron_fillet_knife": {
    "criteria": {
      "has_items": "2024-05-29 05:23:16 +0000"
    },
    "done": true
  },
  "aquaculture:recipes/tools/iron_fishing_rod": {
    "criteria": {
      "has_vanilla_rod": "2024-05-29 04:56:12 +0000"
    },
    "done": true
  },
  "ic2:dynamite_remote_upgrade_recipe_advancement": {
    "criteria": {
      "hasItem": "2024-05-29 05:23:20 +0000"
    },
    "done": true
  },
  "ic2:macerator_recipe_advancement": {
    "criteria": {
      "hasItem": "2024-05-29 05:01:49 +0000"
    },
    "done": true
  },
  "minecraft:adventure/root": {
    "criteria": {
      "killed_something": "2024-05-29 05:04:35 +0000"
    },
    "done": true
  },
  "cfm:recipes/cfm/stripped_spruce_cabinet": {
    "criteria": {
      "has_log": "2024-05-29 05:03:09 +0000"
    },
    "done": true
  },
  "minecraft:recipes/decorations/black_bed": {
    "criteria": {
      "has_black_wool": "2024-05-29 05:15:59 +0000"
    },
    "done": true
  },
  "aquaculture:recipes/decorations/acacia_fish_mount": {
    "criteria": {
      "has_items": "2024-05-29 04:56:12 +0000"
    },
    "done": true
  },
  "securitycraft:recipes/securitycraft/storage_module": {
    "criteria": {
      "has_iron": "2024-05-29 05:23:16 +0000"
    },
    "done": true
  },
  "aquaculture:recipes/misc/brown_mushroom_from_fish": {
    "criteria": {
      "has_items": "2024-05-29 04:56:12 +0000"
    },
    "done": true
  },
  "mcwwindows:recipes/acacia": {
    "criteria": {
      "has_the_recipe": "2024-05-29 04:59:28 +0000"
    },
    "done": true
  },
  "tconstruct:recipes/tconstruct/general/common/tinkers_gadgetry": {
    "criteria": {
      "has_item": "2024-05-29 05:32:36 +0000"
    },
    "done": true
  },
  "ic2:mv_battery_station_bronze_recipe_advancement": {
    "criteria": {
      "hasItem": "2024-05-29 05:01:17 +0000"
    },
    "done": true
  },
  "ic2:hv_charge_bench_kit_indirect_recipe_advancement": {
    "criteria": {
      "hasItem": "2024-05-29 05:01:17 +0000"
    },
    "done": true
  },
  "minecraft:recipes/building_blocks/white_wool_from_string": {
    "criteria": {
      "has_string": "2024-05-29 05:08:25 +0000"
    },
    "done": true
  },
  "cfm:recipes/cfm/stripped_oak_desk_cabinet": {
    "criteria": {
      "has_planks": "2024-05-29 04:59:28 +0000"
    },
    "done": true
  },
  "pfm:recipes/pfm.furniture/spruce_table_modern_dinner": {
    "criteria": {
      "has_planks": "2024-05-29 05:22:49 +0000"
    },
    "done": true
  },
  "minecraft:adventure/kill_all_mobs": {
    "criteria": {
      "minecraft:spider": "2024-05-29 05:08:24 +0000",
      "minecraft:zombie": "2024-05-29 05:08:45 +0000"
    },
    "done": false
  },
  "another_furniture:recipes/spruce_drawer": {
    "criteria": {
      "has_planks": "2024-05-29 05:01:22 +0000"
    },
    "done": true
  },
  "pfm:recipes/pfm.furniture/oak_table_classic": {
    "criteria": {
      "has_planks": "2024-05-29 05:01:17 +0000"
    },
    "done": true
  },
  "pfm:recipes/pfm.furniture/spruce_kitchen_counter_oven": {
    "criteria": {
      "has_planks": "2024-05-29 05:03:09 +0000"
    },
    "done": true
  },
  "ic2:bronze_axe_recipe_advancement": {
    "criteria": {
      "hasItem": "2024-05-29 05:01:22 +0000"
    },
    "done": true
  },
  "pfm:recipes/pfm.furniture/iron_oven_range_hood": {
    "criteria": {
      "has_iron_ingot": "2024-05-29 05:23:16 +0000"
    },
    "done": true
  },
  "pfm:recipes/pfm.furniture/orange_simple_sofa": {
    "criteria": {
      "has_wool": "2024-05-29 04:59:28 +0000"
    },
    "done": true
  },
  "pfm:recipes/pfm.furniture/oak_log_stool": {
    "criteria": {
      "has_log": "2024-05-29 04:59:28 +0000"
    },
    "done": true
  },
  "minecraft:recipes/food/cooked_beef_from_smoking": {
    "criteria": {
      "has_beef": "2024-05-29 05:04:36 +0000"
    },
    "done": true
  },
  "pfm:recipes/pfm.furniture/black_simple_sofa": {
    "criteria": {
      "has_wool": "2024-05-29 04:59:28 +0000"
    },
    "done": true
  },
  "simplefarming:root": {
    "criteria": {
      "pickup_seed": "2024-05-29 05:03:25 +0000"
    },
    "done": true
  },
  "minecraft:recipes/misc/iron_nugget_from_smelting": {
    "criteria": {
      "has_iron_shovel": "2024-05-29 05:13:33 +0000"
    },
    "done": true
  },
  "ic2:glass_cold_fruit_tea_recipe_advancement": {
    "criteria": {
      "hasItem": "2024-05-29 05:02:30 +0000"
    },
    "done": true
  },
  "pfm:recipes/pfm.furniture/white_shower_towel": {
    "criteria": {
      "has_white_wool": "2024-05-29 05:15:09 +0000"
    },
    "done": true
  },
  "decorative_blocks:recipes/decorative_blocks.general/spruce_support": {
    "criteria": {
      "has_plank": "2024-05-29 05:22:49 +0000"
    },
    "done": true
  },
  "cfm:recipes/cfm/pink_grill": {
    "criteria": {
      "has_iron": "2024-05-29 05:23:16 +0000"
    },
    "done": true
  },
  "ic2:sawmill_recipe_advancement": {
    "criteria": {
      "hasItem": "2024-05-29 05:02:14 +0000"
    },
    "done": true
  },
  "mcwwindows:recipes/diorite": {
    "criteria": {
      "has_the_recipe": "2024-05-29 04:59:28 +0000"
    },
    "done": true
  },
  "minecraft:recipes/decorations/chain": {
    "criteria": {
      "has_iron_ingot": "2024-05-29 05:23:16 +0000"
    },
    "done": true
  },
  "ic2:step_module_recipe_advancement": {
    "criteria": {
      "hasItem": "2024-05-29 05:22:59 +0000"
    },
    "done": true
  },
  "cfm:recipes/cfm/spruce_park_bench": {
    "criteria": {
      "has_log": "2024-05-29 05:03:09 +0000"
    },
    "done": true
  },
  "ic2:stone_macerator_recipe_advancement": {
    "criteria": {
      "hasItem": "2024-05-29 05:01:49 +0000"
    },
    "done": true
  },
  "minecraft:recipes/misc/blue_dye": {
    "criteria": {
      "has_lapis_lazuli": "2024-05-29 05:23:20 +0000"
    },
    "done": true
  },
  "cfm:recipes/cfm/magenta_grill": {
    "criteria": {
      "has_iron": "2024-05-29 05:23:16 +0000"
    },
    "done": true
  },
  "minecraft:recipes/decorations/oak_fence": {
    "criteria": {
      "has_planks": "2024-05-29 05:01:17 +0000"
    },
    "done": true
  },
  "paraglider:root": {
    "criteria": {
      "crafting_table": "2024-05-29 05:01:21 +0000"
    },
    "done": true
  },
  "pfm:recipes/pfm.furniture/cyan_arm_chair": {
    "criteria": {
      "has_wool": "2024-05-29 04:59:28 +0000"
    },
    "done": true
  },
  "ic2:cfoam_wool_white_3_recipe_advancement": {
    "criteria": {
      "hasItem": "2024-05-29 05:15:09 +0000"
    },
    "done": true
  },
  "cfm:recipes/cfm/spruce_table": {
    "criteria": {
      "has_log": "2024-05-29 05:03:09 +0000"
    },
    "done": true
  },
  "minecraft:recipes/food/baked_potato_from_grill_cooking": {
    "criteria": {
      "has_potato": "2024-05-29 05:15:02 +0000"
    },
    "done": true
  },
  "minecraft:recipes/food/baked_potato_from_campfire_cooking": {
    "criteria": {
      "has_potato": "2024-05-29 05:15:02 +0000"
    },
    "done": true
  },
  "minecraft:recipes/building_blocks/oak_slab": {
    "criteria": {
      "has_planks": "2024-05-29 05:01:18 +0000"
    },
    "done": true
  },
  "cfm:recipes/cfm/spruce_chair": {
    "criteria": {
      "has_log": "2024-05-29 05:03:09 +0000"
    },
    "done": true
  },
  "ic2:cfoam_wool_white_2_recipe_advancement": {
    "criteria": {
      "hasItem": "2024-05-29 05:15:09 +0000"
    },
    "done": true
  },
  "mcwwindows:recipes/granite": {
    "criteria": {
      "has_the_recipe": "2024-05-29 04:59:28 +0000"
    },
    "done": true
  },
  "pfm:recipes/pfm.furniture/oak_classic_stool": {
    "criteria": {
      "has_planks": "2024-05-29 05:01:18 +0000"
    },
    "done": true
  },
  "mca:recipes/building_blocks/headstones": {
    "criteria": {
      "has_ingredients": "2024-05-29 05:01:49 +0000"
    },
    "done": true
  },
  "cfm:recipes/cfm/stripped_oak_park_bench": {
    "criteria": {
      "has_log": "2024-05-29 04:59:28 +0000"
    },
    "done": true
  },
  "pfm:recipes/pfm.furniture/spruce_log_stool": {
    "criteria": {
      "has_log": "2024-05-29 05:03:09 +0000"
    },
    "done": true
  },
  "pfm:recipes/pfm.furniture/pink_arm_chair": {
    "criteria": {
      "has_wool": "2024-05-29 04:59:28 +0000"
    },
    "done": true
  },
  "ic2:rare_earth_chunk_recipe_advancement": {
    "criteria": {
      "hasItem": "2024-05-29 05:23:16 +0000"
    },
    "done": true
  },
  "pfm:recipes/pfm.furniture/oak_chair": {
    "criteria": {
      "has_planks": "2024-05-29 05:01:18 +0000"
    },
    "done": true
  },
  "framedblocks:recipes/framed_blocks/framed_cube": {
    "criteria": {
      "hasPlanks": "2024-05-29 05:01:18 +0000"
    },
    "done": true
  },
  "tconstruct:recipes/tconstruct/general/common/gold_platform": {
    "criteria": {
      "has_gold": "2024-05-29 05:13:32 +0000"
    },
    "done": true
  },
  "minecraft:recipes/building_blocks/black_wool": {
    "criteria": {
      "has_white_wool": "2024-05-29 05:15:09 +0000"
    },
    "done": true
  },
  "mcwwindows:recipes/andesite": {
    "criteria": {
      "has_the_recipe": "2024-05-29 04:59:28 +0000"
    },
    "done": true
  },
  "minecraft:recipes/combat/golden_chestplate": {
    "criteria": {
      "has_gold_ingot": "2024-05-29 05:13:32 +0000"
    },
    "done": true
  },
  "biomesoplenty:recipes/transportation/umbran_boat": {
    "criteria": {
      "in_water": "2024-05-29 05:10:18 +0000"
    },
    "done": true
  },
  "pfm:recipes/pfm.furniture/light_gray_simple_sofa": {
    "criteria": {
      "has_wool": "2024-05-29 04:59:28 +0000"
    },
    "done": true
  },
  "ic2:mv_charging_bench_bronze_recipe_advancement": {
    "criteria": {
      "hasItem": "2024-05-29 05:01:17 +0000"
    },
    "done": true
  },
  "pfm:recipes/pfm.furniture/oak_simple_stool": {
    "criteria": {
      "has_planks": "2024-05-29 05:01:18 +0000"
    },
    "done": true
  },
  "aquaculture:recipes/aquaculture/redstone_hook": {
    "criteria": {
      "has_items": "2024-05-29 04:56:12 +0000"
    },
    "done": true
  },
  "pfm:recipes/pfm.furniture/oak_kitchen_counter": {
    "criteria": {
      "has_planks": "2024-05-29 04:59:28 +0000"
    },
    "done": true
  },
  "ic2:mv_charging_bench_recipe_advancement": {
    "criteria": {
      "hasItem": "2024-05-29 05:01:17 +0000"
    },
    "done": true
  },
  "cfm:recipes/cfm/stripped_spruce_kitchen_drawer": {
    "criteria": {
      "has_log": "2024-05-29 05:03:09 +0000"
    },
    "done": true
  },
  "ic2:hazmat_boots_recipe_advancement": {
    "criteria": {
      "hasItem": "2024-05-29 05:15:09 +0000"
    },
    "done": true
  },
  "cfm:recipes/cfm/stripped_oak_crate": {
    "criteria": {
      "has_planks": "2024-05-29 04:59:28 +0000"
    },
    "done": true
  },
  "decorative_blocks:recipes/decorative_blocks.general/rocky_dirt": {
    "criteria": {
      "has_dirt": "2024-05-29 05:01:38 +0000"
    },
    "done": true
  },
  "minecraft:recipes/building_blocks/iron_block": {
    "criteria": {
      "has_iron_ingot": "2024-05-29 05:23:16 +0000"
    },
    "done": true
  },
  "cfm:recipes/cfm/fridge_dark": {
    "criteria": {
      "has_iron": "2024-05-29 05:23:16 +0000"
    },
    "done": true
  },
  "cfm:recipes/cfm/oak_chair": {
    "criteria": {
      "has_log": "2024-05-29 04:59:28 +0000"
    },
    "done": true
  },
  "usefulslime:recipes/slime_sling": {
    "criteria": {
      "has_slime": "2024-05-29 05:32:36 +0000"
    },
    "done": true
  },
  "pfm:recipes/pfm.furniture/spruce_table_dinner": {
    "criteria": {
      "has_planks": "2024-05-29 05:22:49 +0000"
    },
    "done": true
  },
  "minecraft:recipes/building_blocks/spruce_wood": {
    "criteria": {
      "has_log": "2024-05-29 05:03:09 +0000"
    },
    "done": true
  },
  "mowziesmobs:root": {
    "criteria": {
      "custom_test_name": "2024-05-29 04:56:12 +0000"
    },
    "done": true
  },
  "ic2:terraformer_recipe_advancement": {
    "criteria": {
      "hasItem": "2024-05-29 05:01:38 +0000"
    },
    "done": true
  },
  "ic2:lv_charging_bench_recipe_advancement": {
    "criteria": {
      "hasItem": "2024-05-29 05:01:17 +0000"
    },
    "done": true
  },
  "minecraft:recipes/building_blocks/light_blue_wool": {
    "criteria": {
      "has_white_wool": "2024-05-29 05:15:09 +0000"
    },
    "done": true
  },
  "another_furniture:recipes/oak_drawer": {
    "criteria": {
      "has_planks": "2024-05-29 05:01:22 +0000"
    },
    "done": true
  },
  "minecraft:recipes/combat/wooden_sword": {
    "criteria": {
      "has_stick": "2024-05-29 05:01:22 +0000"
    },
    "done": true
  },
  "pfm:recipes/pfm.furniture/iron_fridge": {
    "criteria": {
      "has_iron_ingot": "2024-05-29 05:23:16 +0000"
    },
    "done": true
  },
  "minecraft:recipes/building_blocks/oak_planks": {
    "criteria": {
      "has_logs": "2024-05-29 04:59:28 +0000"
    },
    "done": true
  },
  "another_furniture:recipes/jungle_drawer": {
    "criteria": {
      "has_planks": "2024-05-29 05:01:22 +0000"
    },
    "done": true
  },
  "cfm:recipes/cfm/spruce_coffee_table": {
    "criteria": {
      "has_log": "2024-05-29 05:03:09 +0000"
    },
    "done": true
  },
  "ic2:honey_cake_recipe_advancement": {
    "criteria": {
      "hasItem": "2024-05-29 05:15:12 +0000"
    },
    "done": true
  },
  "ic2:barrel_0_recipe_advancement": {
    "criteria": {
      "hasItem": "2024-05-29 05:01:17 +0000"
    },
    "done": true
  },
  "mcwfurnitures:recipes/oak": {
    "criteria": {
      "has_wood": "2024-05-29 04:59:28 +0000"
    },
    "done": true
  },
  "cfm:recipes/cfm/stripped_oak_kitchen_counter": {
    "criteria": {
      "has_log": "2024-05-29 04:59:28 +0000"
    },
    "done": true
  },
  "securitycraft:recipes/securitycraft/smart_module": {
    "criteria": {
      "has_iron": "2024-05-29 05:23:16 +0000"
    },
    "done": true
  },
  "minecraft:recipes/tools/golden_axe": {
    "criteria": {
      "has_gold_ingot": "2024-05-29 05:13:32 +0000"
    },
    "done": true
  },
  "another_furniture:recipes/spruce_table": {
    "criteria": {
      "has_planks": "2024-05-29 05:22:49 +0000"
    },
    "done": true
  },
  "minecraft:recipes/tools/iron_axe": {
    "criteria": {
      "has_iron_ingot": "2024-05-29 05:23:16 +0000"
    },
    "done": true
  },
  "securitycraft:recipes/securitycraft/block_change_detector": {
    "criteria": {
      "has_iron": "2024-05-29 05:23:16 +0000"
    },
    "done": true
  },
  "ic2:cfoam_wool_black_2_recipe_advancement": {
    "criteria": {
      "hasItem": "2024-05-29 05:15:59 +0000"
    },
    "done": true
  },
  "mca:recipes/misc/comb": {
    "criteria": {
      "has_item": "2024-05-29 05:23:16 +0000"
    },
    "done": true
  },
  "minecraft:recipes/decorations/black_banner": {
    "criteria": {
      "has_black_wool": "2024-05-29 05:15:59 +0000"
    },
    "done": true
  },
  "minecraft:recipes/redstone/tripwire_hook": {
    "criteria": {
      "has_string": "2024-05-29 05:08:25 +0000"
    },
    "done": true
  },
  "ic2:copper_sign_recipe_advancement": {
    "criteria": {
      "hasItem": "2024-05-29 05:01:22 +0000"
    },
    "done": true
  },
  "cfm:recipes/cfm/stripped_spruce_desk_cabinet": {
    "criteria": {
      "has_planks": "2024-05-29 05:03:09 +0000"
    },
    "done": true
  },
  "ic2:condensator_lap_repair_lapis_recipe_advancement": {
    "criteria": {
      "hasItem": "2024-05-29 05:23:20 +0000"
    },
    "done": true
  },
  "minecraft:recipes/combat/iron_boots": {
    "criteria": {
      "has_iron_ingot": "2024-05-29 05:23:16 +0000"
    },
    "done": true
  },
  "aquaculture:recipes/aquaculture/diamond_hook": {
    "criteria": {
      "has_items": "2024-05-29 04:56:12 +0000"
    },
    "done": true
  },
  "pfm:recipes/pfm.furniture/stone_kitchen_counter_oven": {
    "criteria": {
      "has_planks": "2024-05-29 05:01:49 +0000"
    },
    "done": true
  },
  "ic2:treetap_recipe_advancement": {
    "criteria": {
      "hasItem": "2024-05-29 05:01:17 +0000"
    },
    "done": true
  },
  "tconstruct:recipes/tconstruct/general/common/gold_bars": {
    "criteria": {
      "has_ingot": "2024-05-29 05:13:32 +0000"
    },
    "done": true
  },
  "ic2:coal_chunk_0_recipe_advancement": {
    "criteria": {
      "hasItem": "2024-05-29 05:13:38 +0000"
    },
    "done": true
  },
  "mcwwindows:recipes/components": {
    "criteria": {
      "has_wood": "2024-05-29 04:59:28 +0000"
    },
    "done": true
  },
  "tconstruct:recipes/tconstruct/general/common/slime/sky/slimeball_from_congealed": {
    "criteria": {
      "has_item": "2024-05-29 05:34:50 +0000"
    },
    "done": true
  },
  "paraglider:recipes/paraglider/paraglider": {
    "criteria": {
      "has_stick": "2024-05-29 05:01:22 +0000"
    },
    "done": true
  },
  "sophisticatedbackpacks:recipes/sophisticatedbackpacks/upgrade_base": {
    "criteria": {
      "has_leather": "2024-05-29 05:14:30 +0000"
    },
    "done": true
  },
  "minecraft:recipes/combat/iron_chestplate": {
    "criteria": {
      "has_iron_ingot": "2024-05-29 05:23:16 +0000"
    },
    "done": true
  },
  "minecraft:recipes/combat/crossbow": {
    "criteria": {
      "has_stick": "2024-05-29 05:01:22 +0000"
    },
    "done": true
  },
  "mcwwindows:recipes/warped": {
    "criteria": {
      "has_the_recipe": "2024-05-29 04:59:28 +0000"
    },
    "done": true
  },
  "minecraft:recipes/building_blocks/yellow_wool": {
    "criteria": {
      "has_white_wool": "2024-05-29 05:15:09 +0000"
    },
    "done": true
  },
  "minecraft:recipes/redstone/spruce_pressure_plate": {
    "criteria": {
      "has_planks": "2024-05-29 05:22:49 +0000"
    },
    "done": true
  },
  "mcwwindows:recipes/mangrove": {
    "criteria": {
      "has_the_recipe": "2024-05-29 04:59:28 +0000"
    },
    "done": true
  },
  "minecraft:recipes/decorations/oak_sign": {
    "criteria": {
      "has_planks": "2024-05-29 05:01:18 +0000"
    },
    "done": true
  },
  "minecraft:recipes/redstone/oak_trapdoor": {
    "criteria": {
      "has_planks": "2024-05-29 05:01:18 +0000"
    },
    "done": true
  },
  "ic2:tfbp_cultivation_recipe_advancement": {
    "criteria": {
      "hasItem": "2024-05-29 05:03:50 +0000"
    },
    "done": true
  },
  "ic2:heat_exchanger_spread_recipe_advancement": {
    "criteria": {
      "hasItem": "2024-05-29 05:13:32 +0000"
    },
    "done": true
  },
  "cfm:recipes/cfm/stripped_oak_desk": {
    "criteria": {
      "has_planks": "2024-05-29 04:59:28 +0000"
    },
    "done": true
  },
  "minecraft:recipes/misc/iron_nugget_from_blasting": {
    "criteria": {
      "has_iron_shovel": "2024-05-29 05:13:33 +0000"
    },
    "done": true
  },
  "aquaculture:recipes/food/sushi": {
    "criteria": {
      "has_alt_items": "2024-05-29 04:56:12 +0000",
      "has_items": "2024-05-29 04:56:12 +0000"
    },
    "done": true
  },
  "sophisticatedbackpacks:recipes/sophisticatedbackpacks/backpack": {
    "criteria": {
      "has_leather": "2024-05-29 05:14:30 +0000"
    },
    "done": true
  },
  "securitycraft:recipes/securitycraft/reinforced_diorite": {
    "criteria": {
      "has_cobblestone": "2024-05-29 05:01:49 +0000"
    },
    "done": true
  },
  "securitycraft:recipes/securitycraft/trophy_system": {
    "criteria": {
      "has_iron": "2024-05-29 05:23:16 +0000"
    },
    "done": true
  },
  "minecraft:adventure/kill_a_mob": {
    "criteria": {
      "minecraft:spider": "2024-05-29 05:08:24 +0000"
    },
    "done": true
  },
  "securitycraft:recipes/securitycraft/camera_monitor": {
    "criteria": {
      "has_iron": "2024-05-29 05:23:16 +0000"
    },
    "done": true
  },
  "minecraft:recipes/tools/golden_pickaxe": {
    "criteria": {
      "has_gold_ingot": "2024-05-29 05:13:32 +0000"
    },
    "done": true
  },
  "ic2:aluminum_axe_recipe_advancement": {
    "criteria": {
      "hasItem": "2024-05-29 05:01:22 +0000"
    },
    "done": true
  },
  "securitycraft:recipes/securitycraft/limited_use_keycard": {
    "criteria": {
      "has_iron": "2024-05-29 05:23:16 +0000"
    },
    "done": true
  },
  "ic2:iron_furnace_upgrade_recipe_advancement": {
    "criteria": {
      "hasItem": "2024-05-29 05:23:16 +0000"
    },
    "done": true
  },
  "pfm:recipes/pfm.furniture/oak_kitchen_sink": {
    "criteria": {
      "has_planks": "2024-05-29 04:59:28 +0000"
    },
    "done": true
  },
  "ic2:composite_helmet_1_recipe_advancement": {
    "criteria": {
      "hasItem": "2024-05-29 05:13:39 +0000"
    },
    "done": true
  },
  "tconstruct:world/earth_island": {
    "criteria": {
      "found_island": "2024-05-29 05:23:42 +0000"
    },
    "done": true
  },
  "minecraft:recipes/building_blocks/stone": {
    "criteria": {
      "has_cobblestone": "2024-05-29 05:01:49 +0000"
    },
    "done": true
  },
  "pfm:recipes/pfm.furniture/oak_kitchen_cabinet": {
    "criteria": {
      "has_planks": "2024-05-29 04:59:28 +0000"
    },
    "done": true
  },
  "another_furniture:recipes/warped_drawer": {
    "criteria": {
      "has_planks": "2024-05-29 05:01:22 +0000"
    },
    "done": true
  },
  "biomesoplenty:recipes/transportation/hellbark_boat": {
    "criteria": {
      "in_water": "2024-05-29 05:10:18 +0000"
    },
    "done": true
  },
  "pfm:recipes/pfm.furniture/oak_modern_stool": {
    "criteria": {
      "has_planks": "2024-05-29 05:01:18 +0000"
    },
    "done": true
  },
  "minecraft:adventure/adventuring_time": {
    "criteria": {
      "minecraft:taiga": "2024-05-29 05:04:32 +0000",
      "minecraft:frozen_river": "2024-05-29 05:07:19 +0000",
      "minecraft:beach": "2024-05-29 05:22:06 +0000",
      "minecraft:river": "2024-05-29 05:21:46 +0000",
      "minecraft:snowy_taiga": "2024-05-29 05:04:26 +0000",
      "minecraft:cold_ocean": "2024-05-29 05:22:14 +0000"
    },
    "done": false
  },
  "cfm:recipes/cfm/red_grill": {
    "criteria": {
      "has_iron": "2024-05-29 05:23:16 +0000"
    },
    "done": true
  },
  "securitycraft:recipes/securitycraft/whitelist_module": {
    "criteria": {
      "has_iron": "2024-05-29 05:23:16 +0000"
    },
    "done": true
  },
  "another_furniture:recipes/white_sofa": {
    "criteria": {
      "has_wool": "2024-05-29 05:15:09 +0000"
    },
    "done": true
  },
  "pfm:recipes/pfm.furniture/spruce_table_classic": {
    "criteria": {
      "has_planks": "2024-05-29 05:22:49 +0000"
    },
    "done": true
  },
  "minecraft:recipes/combat/stone_sword": {
    "criteria": {
      "has_cobblestone": "2024-05-29 05:01:49 +0000"
    },
    "done": true
  },
  "pfm:recipes/pfm.furniture/pink_simple_sofa": {
    "criteria": {
      "has_wool": "2024-05-29 04:59:28 +0000"
    },
    "done": true
  },
  "minecraft:recipes/decorations/cobblestone_wall": {
    "criteria": {
      "has_cobblestone": "2024-05-29 05:01:49 +0000"
    },
    "done": true
  },
  "minecraft:recipes/decorations/barrel": {
    "criteria": {
      "has_planks": "2024-05-29 05:01:17 +0000"
    },
    "done": true
  },
  "minecraft:recipes/tools/stone_pickaxe": {
    "criteria": {
      "has_cobblestone": "2024-05-29 05:01:49 +0000"
    },
    "done": true
  },
  "minecraft:recipes/decorations/smithing_table": {
    "criteria": {
      "has_iron_ingot": "2024-05-29 05:23:16 +0000"
    },
    "done": true
  },
  "cfm:recipes/cfm/oak_desk_cabinet": {
    "criteria": {
      "has_log": "2024-05-29 04:59:28 +0000"
    },
    "done": true
  },
  "ic2:composite_leggings_1_recipe_advancement": {
    "criteria": {
      "hasItem": "2024-05-29 05:23:02 +0000"
    },
    "done": true
  },
  "pfm:recipes/pfm.furniture/oak_table_basic": {
    "criteria": {
      "has_planks": "2024-05-29 05:01:18 +0000"
    },
    "done": true
  },
  "ic2:efficient_sawblade_upgrade_recipe_advancement": {
    "criteria": {
      "hasItem": "2024-05-29 05:01:22 +0000"
    },
    "done": true
  },
  "minecraft:recipes/combat/leather_boots": {
    "criteria": {
      "has_leather": "2024-05-29 05:14:30 +0000"
    },
    "done": true
  },
  "aquaculture:recipes/misc/bonemeal_from_fish_bones": {
    "criteria": {
      "has_items": "2024-05-29 04:56:12 +0000"
    },
    "done": true
  },
  "minecraft:recipes/decorations/cobblestone_wall_from_cobblestone_stonecutting": {
    "criteria": {
      "has_cobblestone": "2024-05-29 05:01:49 +0000"
    },
    "done": true
  },
  "bakingmod:recipes/misc/flour": {
    "criteria": {
      "has_wheat": "2024-05-29 05:15:12 +0000"
    },
    "done": true
  },
  "pfm:recipes/pfm.furniture/yellow_arm_chair": {
    "criteria": {
      "has_wool": "2024-05-29 04:59:28 +0000"
    },
    "done": true
  },
  "aquaculture:recipes/misc/gold_nugget_from_blasting": {
    "criteria": {
      "has_fishing_rod": "2024-05-29 04:56:12 +0000",
      "has_fillet_knife": "2024-05-29 04:56:12 +0000"
    },
    "done": true
  },
  "ic2:durable_sawblade_upgrade_recipe_advancement": {
    "criteria": {
      "hasItem": "2024-05-29 05:01:22 +0000"
    },
    "done": true
  },
  "ic2:tin_sign_recipe_advancement": {
    "criteria": {
      "hasItem": "2024-05-29 05:01:22 +0000"
    },
    "done": true
  },
  "ic2:mute_upgrade_recipe_advancement": {
    "criteria": {
      "hasItem": "2024-05-29 05:08:25 +0000"
    },
    "done": true
  },
  "aquaculture:recipes/aquaculture/heavy_hook": {
    "criteria": {
      "has_items": "2024-05-29 04:56:12 +0000"
    },
    "done": true
  },
  "ic2:bronze_pickaxe_recipe_advancement": {
    "criteria": {
      "hasItem": "2024-05-29 05:01:22 +0000"
    },
    "done": true
  },
  "pfm:recipes/pfm.furniture/oak_chair_classic_white": {
    "criteria": {
      "oak_chair_classic_white": "2024-05-29 05:15:09 +0000"
    },
    "done": true
  },
  "cfm:recipes/cfm/black_grill": {
    "criteria": {
      "has_iron": "2024-05-29 05:23:16 +0000"
    },
    "done": true
  },
  "minecraft:recipes/building_blocks/lapis_block": {
    "criteria": {
      "has_lapis_lazuli": "2024-05-29 05:23:20 +0000"
    },
    "done": true
  },
  "ic2:composite_chest_1_recipe_advancement": {
    "criteria": {
      "hasItem": "2024-05-29 05:23:01 +0000"
    },
    "done": true
  },
  "aquaculture:recipes/aquaculture/double_hook": {
    "criteria": {
      "has_items": "2024-05-29 04:56:12 +0000"
    },
    "done": true
  },
  "pfm:recipes/root": {
    "criteria": {
      "has_planks": "2024-05-29 05:01:17 +0000"
    },
    "done": true
  },
  "mcwwindows:recipes/oak": {
    "criteria": {
      "has_wood": "2024-05-29 04:59:28 +0000"
    },
    "done": true
  },
  "pfm:recipes/pfm.furniture/spruce_table_log": {
    "criteria": {
      "has_log": "2024-05-29 05:22:49 +0000"
    },
    "done": true
  },
  "ic2:hv_flux_generator_0_recipe_advancement": {
    "criteria": {
      "hasItem": "2024-05-29 05:23:16 +0000"
    },
    "done": true
  },
  "another_furniture:recipes/oak_shelf": {
    "criteria": {
      "has_planks": "2024-05-29 05:01:18 +0000"
    },
    "done": true
  },
  "ic2:sound_beacon_recipe_advancement": {
    "criteria": {
      "hasItem": "2024-05-29 05:15:09 +0000"
    },
    "done": true
  },
  "pfm:recipes/pfm.furniture/spruce_raw_table_log": {
    "criteria": {
      "has_log": "2024-05-29 05:03:09 +0000"
    },
    "done": true
  },
  "pfm:recipes/pfm.furniture/oak_kitchen_wall_small_drawer": {
    "criteria": {
      "has_planks": "2024-05-29 04:59:28 +0000"
    },
    "done": true
  },
  "minecraft:recipes/decorations/lantern": {
    "criteria": {
      "has_iron_ingot": "2024-05-29 05:23:16 +0000"
    },
    "done": true
  },
  "pfm:recipes/pfm.furniture/brown_simple_sofa": {
    "criteria": {
      "has_wool": "2024-05-29 04:59:28 +0000"
    },
    "done": true
  },
  "ic2:hv_battery_station_kit_indirect_recipe_advancement": {
    "criteria": {
      "hasItem": "2024-05-29 05:01:17 +0000"
    },
    "done": true
  },
  "cfm:recipes/cfm/light_blue_grill": {
    "criteria": {
      "has_iron": "2024-05-29 05:23:16 +0000"
    },
    "done": true
  },
  "usefulslime:recipes/slime_boots": {
    "criteria": {
      "has_slime": "2024-05-29 05:32:36 +0000"
    },
    "done": true
  },
  "pfm:recipes/pfm.furniture/oak_table_modern_dinner": {
    "criteria": {
      "has_planks": "2024-05-29 05:01:18 +0000"
    },
    "done": true
  },
  "biomesoplenty:recipes/transportation/jacaranda_boat": {
    "criteria": {
      "in_water": "2024-05-29 05:10:18 +0000"
    },
    "done": true
  },
  "decorative_blocks:recipes/decorative_blocks.general/bar_panel": {
    "criteria": {
      "has_ingot": "2024-05-29 05:23:16 +0000"
    },
    "done": true
  },
  "securitycraft:recipes/securitycraft/reinforced_packed_mud": {
    "criteria": {
      "has_wheat": "2024-05-29 05:15:12 +0000"
    },
    "done": true
  },
  "cfm:recipes/cfm/post_box": {
    "criteria": {
      "has_iron": "2024-05-29 05:23:16 +0000"
    },
    "done": true
  },
  "ic2:flesh_ball_recipe_advancement": {
    "criteria": {
      "hasItem": "2024-05-29 05:08:46 +0000"
    },
    "done": true
  },
  "ic2:cutter_recipe_advancement": {
    "criteria": {
      "hasItem": "2024-05-29 05:23:16 +0000"
    },
    "done": true
  },
  "aquaculture:recipes/decorations/birch_fish_mount": {
    "criteria": {
      "has_items": "2024-05-29 04:56:12 +0000"
    },
    "done": true
  },
  "aquaculture:recipes/aquaculture/bobber": {
    "criteria": {
      "has_items": "2024-05-29 04:56:12 +0000"
    },
    "done": true
  },
  "bakingmod:recipes/misc/baked_apple": {
    "criteria": {
      "has_apple": "2024-05-29 05:02:30 +0000"
    },
    "done": true
  },
  "ic2:root": {
    "criteria": {
      "hasCrafting": "2024-05-29 05:01:21 +0000"
    },
    "done": true
  },
  "tconstruct:recipes/redstone/common/slime/sticky_piston": {
    "criteria": {
      "has_slime_ball": "2024-05-29 05:32:36 +0000"
    },
    "done": true
  },
  "minecraft:recipes/building_blocks/light_gray_wool": {
    "criteria": {
      "has_white_wool": "2024-05-29 05:15:09 +0000"
    },
    "done": true
  },
  "minecraft:recipes/building_blocks/red_wool": {
    "criteria": {
      "has_white_wool": "2024-05-29 05:15:09 +0000"
    },
    "done": true
  },
  "cfm:recipes/cfm/spruce_crate": {
    "criteria": {
      "has_log": "2024-05-29 05:03:09 +0000"
    },
    "done": true
  },
  "mcwwindows:recipes/stone": {
    "criteria": {
      "has_the_recipe": "2024-05-29 04:59:28 +0000"
    },
    "done": true
  },
  "ic2:chocolate_cake_recipe_advancement": {
    "criteria": {
      "hasItem": "2024-05-29 05:15:12 +0000"
    },
    "done": true
  },
  "minecraft:recipes/tools/stone_axe": {
    "criteria": {
      "has_cobblestone": "2024-05-29 05:01:49 +0000"
    },
    "done": true
  },
  "securitycraft:recipes/securitycraft/disguise_module": {
    "criteria": {
      "has_iron": "2024-05-29 05:23:16 +0000"
    },
    "done": true
  },
  "pfm:recipes/pfm.furniture/light_blue_arm_chair": {
    "criteria": {
      "has_wool": "2024-05-29 04:59:28 +0000"
    },
    "done": true
  },
  "ic2:coffee_cake_recipe_advancement": {
    "criteria": {
      "hasItem": "2024-05-29 05:15:12 +0000"
    },
    "done": true
  },
  "cfm:recipes/cfm/spruce_kitchen_counter": {
    "criteria": {
      "has_log": "2024-05-29 05:03:09 +0000"
    },
    "done": true
  },
  "ic2:lapatron_crystal_recipe_advancement": {
    "criteria": {
      "hasItem": "2024-05-29 05:23:20 +0000"
    },
    "done": true
  },
  "minecraft:recipes/building_blocks/purple_wool": {
    "criteria": {
      "has_white_wool": "2024-05-29 05:15:09 +0000"
    },
    "done": true
  },
  "ic2:memory_expansion_recipe_advancement": {
    "criteria": {
      "hasItem": "2024-05-29 05:01:21 +0000"
    },
    "done": true
  },
  "pfm:recipes/pfm.furniture/magenta_arm_chair": {
    "criteria": {
      "has_wool": "2024-05-29 04:59:28 +0000"
    },
    "done": true
  },
  "another_furniture:recipes/black_tall_stool": {
    "criteria": {
      "has_wool": "2024-05-29 05:15:59 +0000"
    },
    "done": true
  },
  "minecraft:recipes/building_blocks/cobblestone_stairs_from_cobblestone_stonecutting": {
    "criteria": {
      "has_cobblestone": "2024-05-29 05:01:49 +0000"
    },
    "done": true
  },
  "aquaculture:recipes/aquaculture/note_hook": {
    "criteria": {
      "has_items": "2024-05-29 04:56:12 +0000"
    },
    "done": true
  },
  "biomesoplenty:recipes/transportation/willow_boat": {
    "criteria": {
      "in_water": "2024-05-29 05:10:18 +0000"
    },
    "done": true
  },
  "minecraft:recipes/decorations/white_bed": {
    "criteria": {
      "has_white_wool": "2024-05-29 05:15:09 +0000"
    },
    "done": true
  },
  "mca:recipes/misc/needle_and_thread": {
    "criteria": {
      "has_item": "2024-05-29 05:08:25 +0000"
    },
    "done": true
  },
  "ic2:vent_steam_overclocked_0_recipe_advancement": {
    "criteria": {
      "hasItem": "2024-05-29 05:13:32 +0000"
    },
    "done": true
  },
  "ic2:void_tube_recipe_advancement": {
    "criteria": {
      "hasItem": "2024-05-29 05:13:38 +0000"
    },
    "done": true
  },
  "minecraft:recipes/decorations/candle": {
    "criteria": {
      "has_string": "2024-05-29 05:08:25 +0000"
    },
    "done": true
  },
  "minecraft:recipes/decorations/campfire": {
    "criteria": {
      "has_stick": "2024-05-29 05:01:22 +0000"
    },
    "done": true
  },
  "minecraft:recipes/tools/golden_hoe": {
    "criteria": {
      "has_gold_ingot": "2024-05-29 05:13:32 +0000"
    },
    "done": true
  },
  "minecraft:recipes/food/bread": {
    "criteria": {
      "has_wheat": "2024-05-29 05:15:12 +0000"
    },
    "done": true
  },
  "biomesoplenty:recipes/transportation/mahogany_boat": {
    "criteria": {
      "in_water": "2024-05-29 05:10:18 +0000"
    },
    "done": true
  },
  "ic2:cfoam_wool_black_3_recipe_advancement": {
    "criteria": {
      "hasItem": "2024-05-29 05:15:59 +0000"
    },
    "done": true
  },
  "minecraft:recipes/misc/iron_nugget": {
    "criteria": {
      "has_iron_ingot": "2024-05-29 05:23:16 +0000"
    },
    "done": true
  },
  "ic2:parachute_module_recipe_advancement": {
    "criteria": {
      "hasItem": "2024-05-29 05:01:22 +0000"
    },
    "done": true
  },
  "another_furniture:recipes/oak_chair": {
    "criteria": {
      "has_planks": "2024-05-29 05:01:18 +0000"
    },
    "done": true
  },
  "ic2:painter_recipe_advancement": {
    "criteria": {
      "hasItem": "2024-05-29 05:15:09 +0000"
    },
    "done": true
  },
  "ic2:planter_pot_dirt_recipe_advancement": {
    "criteria": {
      "hasItem": "2024-05-29 05:01:38 +0000"
    },
    "done": true
  },
  "securitycraft:recipes/securitycraft/track_mine": {
    "criteria": {
      "has_iron": "2024-05-29 05:23:16 +0000"
    },
    "done": true
  },
  "ic2:speed_tube_recipe_advancement": {
    "criteria": {
      "hasItem": "2024-05-29 05:13:32 +0000"
    },
    "done": true
  },
  "ic2:muffler_upgrade_1_recipe_advancement": {
    "criteria": {
      "hasItem": "2024-05-29 05:15:09 +0000"
    },
    "done": true
  },
  "pfm:recipes/pfm.furniture/purple_simple_sofa": {
    "criteria": {
      "has_wool": "2024-05-29 04:59:28 +0000"
    },
    "done": true
  },
  "cfm:recipes/cfm/stripped_oak_chair": {
    "criteria": {
      "has_planks": "2024-05-29 04:59:28 +0000"
    },
    "done": true
  },
  "aquaculture:recipes/food/cooked_fish_fillet_from_campfire": {
    "criteria": {
      "has_items": "2024-05-29 04:56:12 +0000"
    },
    "done": true
  },
  "minecraft:recipes/building_blocks/cyan_wool": {
    "criteria": {
      "has_white_wool": "2024-05-29 05:15:09 +0000"
    },
    "done": true
  },
  "cfm:recipes/cfm/trampoline": {
    "criteria": {
      "has_iron": "2024-05-29 05:23:16 +0000"
    },
    "done": true
  },
  "biomesoplenty:recipes/transportation/dead_boat": {
    "criteria": {
      "in_water": "2024-05-29 05:10:18 +0000"
    },
    "done": true
  },
  "cfm:recipes/cfm/oak_crate": {
    "criteria": {
      "has_log": "2024-05-29 04:59:28 +0000"
    },
    "done": true
  },
  "minecraft:recipes/food/cooked_beef_from_grill_cooking": {
    "criteria": {
      "has_beef": "2024-05-29 05:04:36 +0000"
    },
    "done": true
  },
  "pfm:recipes/pfm.furniture/iron_microwave": {
    "criteria": {
      "has_iron_ingot": "2024-05-29 05:23:16 +0000"
    },
    "done": true
  },
  "minecraft:recipes/transportation/spruce_boat": {
    "criteria": {
      "in_water": "2024-05-29 05:10:18 +0000"
    },
    "done": true
  },
  "aquaculture:recipes/tools/wooden_fillet_knife": {
    "criteria": {
      "has_items": "2024-05-29 05:01:22 +0000"
    },
    "done": true
  },
  "ic2:crop_sticks_recipe_advancement": {
    "criteria": {
      "hasItem": "2024-05-29 05:01:22 +0000"
    },
    "done": true
  },
  "cfm:recipes/cfm/stripped_oak_table": {
    "criteria": {
      "has_planks": "2024-05-29 04:59:28 +0000"
    },
    "done": true
  },
  "cfm:recipes/cfm/stripped_spruce_park_bench": {
    "criteria": {
      "has_log": "2024-05-29 05:03:09 +0000"
    },
    "done": true
  },
  "ic2:lead_recipe_advancement": {
    "criteria": {
      "hasItem": "2024-05-29 05:08:25 +0000"
    },
    "done": true
  },
  "securitycraft:recipes/securitycraft/blacklist_module": {
    "criteria": {
      "has_iron": "2024-05-29 05:23:16 +0000"
    },
    "done": true
  },
  "mcwdoors:recipes/oak": {
    "criteria": {
      "has_wood": "2024-05-29 04:59:28 +0000"
    },
    "done": true
  },
  "securitycraft:recipes/securitycraft/speed_module": {
    "criteria": {
      "has_iron": "2024-05-29 05:23:16 +0000"
    },
    "done": true
  },
  "minecraft:recipes/tools/flint_and_steel": {
    "criteria": {
      "has_obsidian": "2024-05-29 05:13:38 +0000"
    },
    "done": true
  },
  "pfm:recipes/pfm.furniture/oak_chair_classic_black": {
    "criteria": {
      "oak_chair_classic_black": "2024-05-29 05:15:59 +0000"
    },
    "done": true
  },
  "ic2:advanced_circuit_0_recipe_advancement": {
    "criteria": {
      "hasItem": "2024-05-29 05:23:20 +0000"
    },
    "done": true
  },
  "ic2:mv_battery_station_kit_indirect_bronze_recipe_advancement": {
    "criteria": {
      "hasItem": "2024-05-29 05:01:17 +0000"
    },
    "done": true
  },
  "cfm:recipes/cfm/stripped_spruce_crate": {
    "criteria": {
      "has_planks": "2024-05-29 05:03:09 +0000"
    },
    "done": true
  },
  "securitycraft:recipes/securitycraft/harming_module": {
    "criteria": {
      "has_iron": "2024-05-29 05:23:16 +0000"
    },
    "done": true
  },
  "another_furniture:recipes/white_stool": {
    "criteria": {
      "has_wool": "2024-05-29 05:15:09 +0000"
    },
    "done": true
  },
  "minecraft:recipes/building_blocks/gray_wool": {
    "criteria": {
      "has_white_wool": "2024-05-29 05:15:09 +0000"
    },
    "done": true
  },
  "cfm:recipes/cfm/oak_kitchen_counter": {
    "criteria": {
      "has_log": "2024-05-29 04:59:28 +0000"
    },
    "done": true
  },
  "pfm:recipes/pfm.furniture/oak_kitchen_wall_drawer": {
    "criteria": {
      "has_planks": "2024-05-29 04:59:28 +0000"
    },
    "done": true
  },
  "minecraft:recipes/misc/gold_nugget": {
    "criteria": {
      "has_gold_ingot": "2024-05-29 05:13:32 +0000"
    },
    "done": true
  },
  "ic2:lv_battery_station_recipe_advancement": {
    "criteria": {
      "hasItem": "2024-05-29 05:01:17 +0000"
    },
    "done": true
  },
  "cfm:recipes/cfm/stripped_oak_kitchen_drawer": {
    "criteria": {
      "has_log": "2024-05-29 04:59:28 +0000"
    },
    "done": true
  },
  "minecraft:husbandry/balanced_diet": {
    "criteria": {
      "sweet_berries": "2024-05-29 05:05:12 +0000",
      "apple": "2024-05-29 05:03:40 +0000",
      "bread": "2024-05-29 05:14:22 +0000"
    },
    "done": false
  },
  "minecraft:recipes/tools/wooden_hoe": {
    "criteria": {
      "has_stick": "2024-05-29 05:01:22 +0000"
    },
    "done": true
  },
  "cfm:recipes/cfm/oak_blinds": {
    "criteria": {
      "has_log": "2024-05-29 04:59:28 +0000"
    },
    "done": true
  },
  "pfm:recipes/pfm.furniture/spruce_chair_modern": {
    "criteria": {
      "has_planks": "2024-05-29 05:22:49 +0000"
    },
    "done": true
  },
  "mcwwindows:recipes/dark_oak": {
    "criteria": {
      "has_the_recipe": "2024-05-29 04:59:28 +0000"
    },
    "done": true
  },
  "ic2:lemon_cake_recipe_advancement": {
    "criteria": {
      "hasItem": "2024-05-29 05:15:12 +0000"
    },
    "done": true
  },
  "aquaculture:recipes/misc/neptunium_ingot_from_nuggets": {
    "criteria": {
      "has_items": "2024-05-29 04:56:12 +0000"
    },
    "done": true
  },
  "minecraft:recipes/misc/bucket": {
    "criteria": {
      "has_iron_ingot": "2024-05-29 05:23:16 +0000"
    },
    "done": true
  },
  "tconstruct:recipes/tools/common/slime/lead": {
    "criteria": {
      "has_slime_ball": "2024-05-29 05:32:36 +0000"
    },
    "done": true
  },
  "minecraft:recipes/building_blocks/cobblestone_stairs": {
    "criteria": {
      "has_cobblestone": "2024-05-29 05:01:49 +0000"
    },
    "done": true
  },
  "cfm:recipes/cfm/oak_kitchen_sink_dark": {
    "criteria": {
      "has_bottom": "2024-05-29 05:01:17 +0000"
    },
    "done": true
  },
  "pfm:recipes/pfm.furniture/spruce_kitchen_drawer": {
    "criteria": {
      "has_planks": "2024-05-29 05:03:09 +0000"
    },
    "done": true
  },
  "aquaculture:recipes/tools/gold_fillet_knife": {
    "criteria": {
      "has_items": "2024-05-29 05:13:32 +0000"
    },
    "done": true
  },
  "biomesoplenty:recipes/transportation/magic_boat": {
    "criteria": {
      "in_water": "2024-05-29 05:10:18 +0000"
    },
    "done": true
  },
  "decorative_blocks:recipes/decorative_blocks.general/oak_palisade": {
    "criteria": {
      "has_log": "2024-05-29 04:59:28 +0000"
    },
    "done": true
  },
  "ic2:energy_storage_upgrade_0_recipe_advancement": {
    "criteria": {
      "hasItem": "2024-05-29 05:01:17 +0000"
    },
    "done": true
  },
  "ic2:mv_battery_station_recipe_advancement": {
    "criteria": {
      "hasItem": "2024-05-29 05:01:17 +0000"
    },
    "done": true
  },
  "another_furniture:recipes/white_lamp": {
    "criteria": {
      "has_wool": "2024-05-29 05:15:09 +0000"
    },
    "done": true
  },
  "mcwwindows:recipes/prismarine": {
    "criteria": {
      "has_the_recipe": "2024-05-29 04:59:28 +0000"
    },
    "done": true
  },
  "aquaculture:recipes/misc/gold_nugget_from_gold_fish": {
    "criteria": {
      "has_items": "2024-05-29 04:56:12 +0000"
    },
    "done": true
  },
  "pfm:recipes/pfm.furniture/cyan_simple_sofa": {
    "criteria": {
      "has_wool": "2024-05-29 04:59:28 +0000"
    },
    "done": true
  },
  "securitycraft:recipes/securitycraft/redstone_module": {
    "criteria": {
      "has_iron": "2024-05-29 05:23:16 +0000"
    },
    "done": true
  },
  "ic2:2x_insulated_gold_cable_2_recipe_advancement": {
    "criteria": {
      "hasItem": "2024-05-29 05:13:32 +0000"
    },
    "done": true
  },
  "minecraft:recipes/decorations/white_banner": {
    "criteria": {
      "has_white_wool": "2024-05-29 05:15:09 +0000"
    },
    "done": true
  },
  "mcwwindows:recipes/crimson": {
    "criteria": {
      "has_the_recipe": "2024-05-29 04:59:28 +0000"
    },
    "done": true
  },
  "aquaculture:recipes/food/cooked_fish_fillet_from_smoking": {
    "criteria": {
      "has_items": "2024-05-29 04:56:12 +0000"
    },
    "done": true
  },
  "ic2:pickup_tube_recipe_advancement": {
    "criteria": {
      "hasItem": "2024-05-29 05:13:38 +0000"
    },
    "done": true
  },
  "ic2:ev_battery_station_kit_indirect_recipe_advancement": {
    "criteria": {
      "hasItem": "2024-05-29 05:01:17 +0000"
    },
    "done": true
  },
  "pfm:recipes/pfm.furniture/white_simple_sofa": {
    "criteria": {
      "has_wool": "2024-05-29 04:59:28 +0000"
    },
    "done": true
  },
  "minecraft:recipes/misc/leather_horse_armor": {
    "criteria": {
      "has_leather": "2024-05-29 05:14:30 +0000"
    },
    "done": true
  },
  "minecraft:recipes/building_blocks/hay_block": {
    "criteria": {
      "has_wheat": "2024-05-29 05:15:12 +0000"
    },
    "done": true
  },
  "minecraft:recipes/combat/iron_helmet": {
    "criteria": {
      "has_iron_ingot": "2024-05-29 05:23:16 +0000"
    },
    "done": true
  },
  "minecraft:recipes/tools/golden_shovel": {
    "criteria": {
      "has_gold_ingot": "2024-05-29 05:13:32 +0000"
    },
    "done": true
  },
  "cfm:recipes/cfm/yellow_grill": {
    "criteria": {
      "has_iron": "2024-05-29 05:23:16 +0000"
    },
    "done": true
  },
  "pfm:recipes/pfm.furniture/stone_kitchen_wall_small_drawer": {
    "criteria": {
      "has_planks": "2024-05-29 05:01:49 +0000"
    },
    "done": true
  },
  "pfm:recipes/pfm.furniture/spruce_chair_classic": {
    "criteria": {
      "has_planks": "2024-05-29 05:22:49 +0000"
    },
    "done": true
  },
  "minecraft:recipes/combat/bow": {
    "criteria": {
      "has_string": "2024-05-29 05:08:25 +0000"
    },
    "done": true
  },
  "ic2:aluminum_pickaxe_recipe_advancement": {
    "criteria": {
      "hasItem": "2024-05-29 05:01:22 +0000"
    },
    "done": true
  },
  "pfm:recipes/pfm.furniture/oak_classic_nightstand": {
    "criteria": {
      "has_planks": "2024-05-29 05:01:17 +0000"
    },
    "done": true
  },
  "minecraft:recipes/redstone/oak_fence_gate": {
    "criteria": {
      "has_planks": "2024-05-29 05:01:18 +0000"
    },
    "done": true
  },
  "cfm:recipes/cfm/white_sofa": {
    "criteria": {
      "has_wool": "2024-05-29 05:15:09 +0000"
    },
    "done": true
  },
  "pfm:recipes/pfm.furniture/oak_raw_table_log": {
    "criteria": {
      "has_log": "2024-05-29 04:59:28 +0000"
    },
    "done": true
  },
  "pfm:recipes/pfm.furniture/stone_kitchen_wall_counter": {
    "criteria": {
      "has_planks": "2024-05-29 05:01:49 +0000"
    },
    "done": true
  },
  "ic2:torch_recipe_advancement": {
    "criteria": {
      "hasItem": "2024-05-29 05:01:22 +0000"
    },
    "done": true
  },
  "another_furniture:recipes/crimson_drawer": {
    "criteria": {
      "has_planks": "2024-05-29 05:01:22 +0000"
    },
    "done": true
  },
  "aquaculture:recipes/misc/neptunium_ingot_from_neptunium_block": {
    "criteria": {
      "has_items": "2024-05-29 04:56:12 +0000"
    },
    "done": true
  },
  "aquaculture:recipes/aquaculture/light_hook": {
    "criteria": {
      "has_items": "2024-05-29 04:56:12 +0000"
    },
    "done": true
  },
  "pfm:recipes/pfm.furniture/magenta_simple_sofa": {
    "criteria": {
      "has_wool": "2024-05-29 04:59:28 +0000"
    },
    "done": true
  },
  "minecraft:story/mine_stone": {
    "criteria": {
      "get_stone": "2024-05-29 05:01:49 +0000"
    },
    "done": true
  },
  "minecraft:recipes/decorations/furnace": {
    "criteria": {
      "has_cobblestone": "2024-05-29 05:01:49 +0000"
    },
    "done": true
  },
  "cfm:recipes/cfm/stripped_spruce_table": {
    "criteria": {
      "has_planks": "2024-05-29 05:03:09 +0000"
    },
    "done": true
  },
  "minecraft:recipes/transportation/minecart": {
    "criteria": {
      "has_iron_ingot": "2024-05-29 05:23:16 +0000"
    },
    "done": true
  },
  "cfm:recipes/cfm/spruce_blinds": {
    "criteria": {
      "has_log": "2024-05-29 05:03:09 +0000"
    },
    "done": true
  },
  "pfm:recipes/pfm.furniture/spruce_table_basic": {
    "criteria": {
      "has_planks": "2024-05-29 05:22:49 +0000"
    },
    "done": true
  },
  "minecraft:recipes/misc/charcoal": {
    "criteria": {
      "has_log": "2024-05-29 04:59:28 +0000"
    },
    "done": true
  },
  "minecraft:recipes/building_blocks/orange_wool": {
    "criteria": {
      "has_white_wool": "2024-05-29 05:15:09 +0000"
    },
    "done": true
  },
  "pfm:recipes/pfm.furniture/black_shower_towel": {
    "criteria": {
      "has_black_wool": "2024-05-29 05:15:59 +0000"
    },
    "done": true
  },
  "minecraft:recipes/tools/wooden_pickaxe": {
    "criteria": {
      "has_stick": "2024-05-29 05:01:22 +0000"
    },
    "done": true
  },
  "minecraft:recipes/tools/iron_hoe": {
    "criteria": {
      "has_iron_ingot": "2024-05-29 05:23:16 +0000"
    },
    "done": true
  },
  "minecraft:husbandry/root": {
    "criteria": {
      "consumed_item": "2024-05-29 05:03:40 +0000"
    },
    "done": true
  },
  "pfm:recipes/pfm.furniture/black_arm_chair": {
    "criteria": {
      "has_wool": "2024-05-29 04:59:28 +0000"
    },
    "done": true
  },
  "pfm:recipes/pfm.furniture/orange_arm_chair": {
    "criteria": {
      "has_wool": "2024-05-29 04:59:28 +0000"
    },
    "done": true
  },
  "minecraft:recipes/transportation/birch_boat": {
    "criteria": {
      "in_water": "2024-05-29 05:10:18 +0000"
    },
    "done": true
  },
  "minecraft:recipes/food/golden_apple": {
    "criteria": {
      "has_gold_ingot": "2024-05-29 05:13:32 +0000"
    },
    "done": true
  },
  "ic2:tfbp_flatificator_recipe_advancement": {
    "criteria": {
      "hasItem": "2024-05-29 05:01:38 +0000"
    },
    "done": true
  },
  "pfm:recipes/pfm.furniture/spruce_kitchen_counter": {
    "criteria": {
      "has_planks": "2024-05-29 05:03:09 +0000"
    },
    "done": true
  },
  "securitycraft:recipes/securitycraft/sonic_security_system": {
    "criteria": {
      "has_stick": "2024-05-29 05:01:22 +0000"
    },
    "done": true
  },
  "pfm:recipes/pfm.furniture/light_blue_simple_sofa": {
    "criteria": {
      "has_wool": "2024-05-29 04:59:28 +0000"
    },
    "done": true
  },
  "ic2:hv_battery_station_recipe_advancement": {
    "criteria": {
      "hasItem": "2024-05-29 05:01:17 +0000"
    },
    "done": true
  },
  "minecraft:recipes/decorations/enchanting_table": {
    "criteria": {
      "has_obsidian": "2024-05-29 05:13:38 +0000"
    },
    "done": true
  },
  "minecraft:recipes/tools/iron_shovel": {
    "criteria": {
      "has_iron_ingot": "2024-05-29 05:23:16 +0000"
    },
    "done": true
  },
  "aquaculture:recipes/tools/diamond_fishing_rod": {
    "criteria": {
      "has_vanilla_rod": "2024-05-29 04:56:12 +0000"
    },
    "done": true
  },
  "aquaculture:recipes/misc/red_mushroom_from_fish": {
    "criteria": {
      "has_items": "2024-05-29 04:56:12 +0000"
    },
    "done": true
  },
  "ic2:mv_battery_station_kit_indirect_gold_recipe_advancement": {
    "criteria": {
      "hasItem": "2024-05-29 05:01:17 +0000"
    },
    "done": true
  },
  "ic2:rubberwood_sign_recipe_advancement": {
    "criteria": {
      "hasItem": "2024-05-29 05:01:22 +0000"
    },
    "done": true
  },
  "aquaculture:recipes/tools/stone_fillet_knife": {
    "criteria": {
      "has_items": "2024-05-29 05:01:49 +0000"
    },
    "done": true
  },
  "ic2:solar_helmet_1_recipe_advancement": {
    "criteria": {
      "hasItem": "2024-05-29 05:13:39 +0000"
    },
    "done": true
  },
  "ic2:mv_charge_bench_kit_indirect_bronze_recipe_advancement": {
    "criteria": {
      "hasItem": "2024-05-29 05:01:17 +0000"
    },
    "done": true
  },
  "pfm:recipes/pfm.furniture/light_gray_arm_chair": {
    "criteria": {
      "has_wool": "2024-05-29 04:59:28 +0000"
    },
    "done": true
  },
  "ic2:wooden_scaffold_recipe_advancement": {
    "criteria": {
      "hasItem": "2024-05-29 05:01:17 +0000"
    },
    "done": true
  },
  "minecraft:recipes/decorations/item_frame": {
    "criteria": {
      "has_leather": "2024-05-29 05:14:30 +0000"
    },
    "done": true
  },
  "mcwwindows:recipes/curtains": {
    "criteria": {
      "has_wood": "2024-05-29 05:15:09 +0000"
    },
    "done": true
  },
  "mcwwindows:recipes/parapets": {
    "criteria": {
      "has_wood": "2024-05-29 05:01:18 +0000",
      "has_the_recipe": "2024-05-29 05:01:18 +0000"
    },
    "done": true
  },
  "minecraft:recipes/tools/stone_hoe": {
    "criteria": {
      "has_cobblestone": "2024-05-29 05:01:49 +0000"
    },
    "done": true
  },
  "minecraft:recipes/decorations/spruce_fence": {
    "criteria": {
      "has_planks": "2024-05-29 05:22:49 +0000"
    },
    "done": true
  },
  "minecraft:recipes/food/baked_potato_from_smoking": {
    "criteria": {
      "has_potato": "2024-05-29 05:15:02 +0000"
    },
    "done": true
  },
  "ic2:water_mill_recipe_advancement": {
    "criteria": {
      "hasItem": "2024-05-29 05:01:17 +0000"
    },
    "done": true
  },
  "simplefarming:berries": {
    "criteria": {
      "strawberries": "2024-05-29 05:08:10 +0000"
    },
    "done": false
  },
  "aquaculture:recipes/misc/iron_nugget_from_blasting": {
    "criteria": {
      "has_fishing_rod": "2024-05-29 04:56:12 +0000",
      "has_fillet_knife": "2024-05-29 04:56:12 +0000"
    },
    "done": true
  },
  "aquaculture:recipes/building_blocks/planks_from_driftwood": {
    "criteria": {
      "has_items": "2024-05-29 04:56:12 +0000"
    },
    "done": true
  },
  "cfm:recipes/cfm/oak_upgraded_gate": {
    "criteria": {
      "has_log": "2024-05-29 04:59:28 +0000"
    },
    "done": true
  },
  "mcwdoors:recipes/metal": {
    "criteria": {
      "has_wood": "2024-05-29 05:23:16 +0000"
    },
    "done": true
  },
  "cfm:recipes/cfm/spruce_upgraded_fence": {
    "criteria": {
      "has_log": "2024-05-29 05:03:09 +0000"
    },
    "done": true
  },
  "tconstruct:world/sky_island": {
    "criteria": {
      "found_island": "2024-05-29 05:32:35 +0000"
    },
    "done": true
  },
  "cfm:recipes/cfm/stripped_spruce_coffee_table": {
    "criteria": {
      "has_planks": "2024-05-29 05:03:09 +0000"
    },
    "done": true
  },
  "minecraft:recipes/food/baked_potato": {
    "criteria": {
      "has_potato": "2024-05-29 05:15:02 +0000"
    },
    "done": true
  },
  "minecraft:recipes/decorations/white_carpet": {
    "criteria": {
      "has_white_wool": "2024-05-29 05:15:09 +0000"
    },
    "done": true
  },
  "minecraft:recipes/building_blocks/spruce_stairs": {
    "criteria": {
      "has_planks": "2024-05-29 05:22:49 +0000"
    },
    "done": true
  },
  "pfm:recipes/pfm.furniture/oak_kitchen_wall_counter": {
    "criteria": {
      "has_planks": "2024-05-29 04:59:28 +0000"
    },
    "done": true
  },
  "cfm:recipes/cfm/white_grill": {
    "criteria": {
      "has_iron": "2024-05-29 05:23:16 +0000"
    },
    "done": true
  },
  "ic2:mud_recipe_advancement": {
    "criteria": {
      "hasItem": "2024-05-29 05:01:38 +0000"
    },
    "done": true
  },
  "ic2:dynamite_recipe_advancement": {
    "criteria": {
      "hasItem": "2024-05-29 05:08:25 +0000"
    },
    "done": true
  },
  "ic2:vent_heat_overclocked_0_recipe_advancement": {
    "criteria": {
      "hasItem": "2024-05-29 05:13:32 +0000"
    },
    "done": true
  },
  "minecraft:story/upgrade_tools": {
    "criteria": {
      "stone_pickaxe": "2024-05-29 05:02:12 +0000"
    },
    "done": true
  },
  "pfm:recipes/pfm.furniture/arm_chair_leather": {
    "criteria": {
      "has_wool": "2024-05-29 04:59:28 +0000"
    },
    "done": true
  },
  "tconstruct:recipes/tconstruct/general/common/iron_platform": {
    "criteria": {
      "has_bars": "2024-05-29 05:23:16 +0000"
    },
    "done": true
  },
  "pfm:recipes/pfm.furniture/oak_table_log": {
    "criteria": {
      "has_log": "2024-05-29 05:01:18 +0000"
    },
    "done": true
  },
  "aquaculture:recipes/aquaculture/fishing_line": {
    "criteria": {
      "has_items": "2024-05-29 04:56:12 +0000"
    },
    "done": true
  },
  "minecraft:recipes/transportation/oak_boat": {
    "criteria": {
      "in_water": "2024-05-29 05:10:18 +0000"
    },
    "done": true
  },
  "aquaculture:recipes/misc/neptinium_ingot_from_blasting": {
    "criteria": {
      "has_leggings": "2024-05-29 04:56:12 +0000",
      "has_axe": "2024-05-29 04:56:12 +0000",
      "has_helmet": "2024-05-29 04:56:12 +0000",
      "has_fishing_rod": "2024-05-29 04:56:12 +0000",
      "has_bow": "2024-05-29 04:56:12 +0000",
      "has_chestplate": "2024-05-29 04:56:12 +0000",
      "has_sword": "2024-05-29 04:56:12 +0000",
      "has_fillet_knife": "2024-05-29 04:56:12 +0000",
      "has_shovel": "2024-05-29 04:56:12 +0000",
      "has_hoe": "2024-05-29 04:56:12 +0000",
      "has_boots": "2024-05-29 04:56:12 +0000",
      "has_pickaxe": "2024-05-29 04:56:12 +0000"
    },
    "done": true
  },
  "pfm:recipes/pfm.furniture/yellow_simple_sofa": {
    "criteria": {
      "has_wool": "2024-05-29 04:59:28 +0000"
    },
    "done": true
  },
  "another_furniture:recipes/black_curtain": {
    "criteria": {
      "has_wool": "2024-05-29 05:15:59 +0000"
    },
    "done": true
  },
  "cfm:recipes/cfm/oak_park_bench": {
    "criteria": {
      "has_log": "2024-05-29 04:59:28 +0000"
    },
    "done": true
  },
  "minecraft:recipes/combat/golden_boots": {
    "criteria": {
      "has_gold_ingot": "2024-05-29 05:13:32 +0000"
    },
    "done": true
  },
  "minecraft:recipes/tools/wooden_axe": {
    "criteria": {
      "has_stick": "2024-05-29 05:01:22 +0000"
    },
    "done": true
  },
  "ic2:advanced_circuit_1_recipe_advancement": {
    "criteria": {
      "hasItem": "2024-05-29 05:23:20 +0000"
    },
    "done": true
  },
  "minecraft:recipes/decorations/spruce_sign": {
    "criteria": {
      "has_planks": "2024-05-29 05:22:49 +0000"
    },
    "done": true
  },
  "minecraft:recipes/building_blocks/lime_wool": {
    "criteria": {
      "has_white_wool": "2024-05-29 05:15:09 +0000"
    },
    "done": true
  },
  "ic2:aluminum_hoe_recipe_advancement": {
    "criteria": {
      "hasItem": "2024-05-29 05:01:22 +0000"
    },
    "done": true
  },
  "securitycraft:recipes/securitycraft/keycard_lv2": {
    "criteria": {
      "has_iron": "2024-05-29 05:23:16 +0000"
    },
    "done": true
  },
  "securitycraft:recipes/securitycraft/keycard_lv1": {
    "criteria": {
      "has_iron": "2024-05-29 05:23:16 +0000"
    },
    "done": true
  },
  "pfm:recipes/pfm.furniture/white_arm_chair": {
    "criteria": {
      "has_wool": "2024-05-29 04:59:28 +0000"
    },
    "done": true
  },
  "aquaculture:recipes/misc/tin_can_to_iron_nugget_from_blasting": {
    "criteria": {
      "has_items": "2024-05-29 04:56:12 +0000"
    },
    "done": true
  },
  "pfm:recipes/pfm.furniture/blue_arm_chair": {
    "criteria": {
      "has_wool": "2024-05-29 04:59:28 +0000"
    },
    "done": true
  },
  "another_furniture:recipes/furniture_hammer": {
    "criteria": {
      "has_stick": "2024-05-29 05:01:22 +0000"
    },
    "done": true
  },
  "pfm:recipes/pfm.furniture/stone_kitchen_counter": {
    "criteria": {
      "has_planks": "2024-05-29 05:01:49 +0000"
    },
    "done": true
  },
  "minecraft:recipes/decorations/loom": {
    "criteria": {
      "has_string": "2024-05-29 05:08:25 +0000"
    },
    "done": true
  },
  "biomesoplenty:recipes/transportation/palm_boat": {
    "criteria": {
      "in_water": "2024-05-29 05:10:18 +0000"
    },
    "done": true
  },
  "minecraft:recipes/building_blocks/green_wool": {
    "criteria": {
      "has_white_wool": "2024-05-29 05:15:09 +0000"
    },
    "done": true
  },
  "securitycraft:recipes/securitycraft/bouncing_betty": {
    "criteria": {
      "has_iron": "2024-05-29 05:23:16 +0000"
    },
    "done": true
  },
  "ic2:refined_iron_sign_recipe_advancement": {
    "criteria": {
      "hasItem": "2024-05-29 05:01:22 +0000"
    },
    "done": true
  },
  "ic2:piston_recipe_advancement": {
    "criteria": {
      "hasItem": "2024-05-29 05:01:17 +0000"
    },
    "done": true
  },
  "another_furniture:recipes/spruce_chair": {
    "criteria": {
      "has_planks": "2024-05-29 05:22:49 +0000"
    },
    "done": true
  },
  "mcwwindows:recipes/blinds": {
    "criteria": {
      "has_wood": "2024-05-29 05:01:17 +0000"
    },
    "done": true
  },
  "cfm:recipes/cfm/light_gray_grill": {
    "criteria": {
      "has_iron": "2024-05-29 05:23:16 +0000"
    },
    "done": true
  },
  "minecraft:recipes/building_blocks/brown_wool": {
    "criteria": {
      "has_white_wool": "2024-05-29 05:15:09 +0000"
    },
    "done": true
  },
  "pfm:recipes/pfm.furniture/red_arm_chair": {
    "criteria": {
      "has_wool": "2024-05-29 04:59:28 +0000"
    },
    "done": true
  },
  "biomesoplenty:recipes/transportation/redwood_boat": {
    "criteria": {
      "in_water": "2024-05-29 05:10:18 +0000"
    },
    "done": true
  },
  "pfm:recipes/pfm.furniture/spruce_kitchen_sink": {
    "criteria": {
      "has_planks": "2024-05-29 05:03:09 +0000"
    },
    "done": true
  },
  "decorative_blocks:recipes/decorative_blocks.general/spruce_seat": {
    "criteria": {
      "has_plank": "2024-05-29 05:22:49 +0000"
    },
    "done": true
  },
  "aquaculture:recipes/food/cooked_fish_fillet": {
    "criteria": {
      "has_items": "2024-05-29 04:56:12 +0000"
    },
    "done": true
  },
  "ic2:rail_recipe_advancement": {
    "criteria": {
      "hasItem": "2024-05-29 05:01:22 +0000"
    },
    "done": true
  },
  "minecraft:recipes/decorations/painting": {
    "criteria": {
      "has_wool": "2024-05-29 05:15:09 +0000"
    },
    "done": true
  },
  "pfm:recipes/pfm.furniture/oak_kitchen_drawer": {
    "criteria": {
      "has_planks": "2024-05-29 04:59:28 +0000"
    },
    "done": true
  },
  "ic2:ev_battery_station_recipe_advancement": {
    "criteria": {
      "hasItem": "2024-05-29 05:01:17 +0000"
    },
    "done": true
  },
  "another_furniture:recipes/birch_drawer": {
    "criteria": {
      "has_planks": "2024-05-29 05:01:22 +0000"
    },
    "done": true
  },
  "securitycraft:recipes/securitycraft/keycard_lv4": {
    "criteria": {
      "has_iron": "2024-05-29 05:23:16 +0000"
    },
    "done": true
  },
  "securitycraft:recipes/securitycraft/sc_manual": {
    "criteria": {
      "has_wood": "2024-05-29 04:59:28 +0000"
    },
    "done": true
  },
  "securitycraft:recipes/securitycraft/keycard_lv3": {
    "criteria": {
      "has_iron": "2024-05-29 05:23:16 +0000"
    },
    "done": true
  },
  "mcwfurnitures:recipes/spruce": {
    "criteria": {
      "has_wood": "2024-05-29 05:03:09 +0000"
    },
    "done": true
  },
  "minecraft:recipes/decorations/black_carpet": {
    "criteria": {
      "has_black_wool": "2024-05-29 05:15:59 +0000"
    },
    "done": true
  },
  "securitycraft:recipes/securitycraft/keycard_lv5": {
    "criteria": {
      "has_iron": "2024-05-29 05:23:16 +0000"
    },
    "done": true
  },
  "minecraft:recipes/building_blocks/coal_block": {
    "criteria": {
      "has_coal": "2024-05-29 05:08:19 +0000"
    },
    "done": true
  },
  "ic2:solar_helmet_0_recipe_advancement": {
    "criteria": {
      "hasItem": "2024-05-29 05:23:16 +0000"
    },
    "done": true
  },
  "cfm:recipes/cfm/stripped_oak_bedside_cabinet": {
    "criteria": {
      "has_planks": "2024-05-29 04:59:28 +0000"
    },
    "done": true
  },
  "minecraft:recipes/redstone/light_weighted_pressure_plate": {
    "criteria": {
      "has_gold_ingot": "2024-05-29 05:13:32 +0000"
    },
    "done": true
  },
  "aquaculture:recipes/aquaculture/gold_hook": {
    "criteria": {
      "has_items": "2024-05-29 04:56:12 +0000"
    },
    "done": true
  },
  "cfm:recipes/cfm/spruce_upgraded_gate": {
    "criteria": {
      "has_log": "2024-05-29 05:03:09 +0000"
    },
    "done": true
  },
  "pfm:recipes/pfm.furniture/spruce_chair_dinner": {
    "criteria": {
      "has_planks": "2024-05-29 05:22:49 +0000"
    },
    "done": true
  },
  "cfm:recipes/cfm/spatula": {
    "criteria": {
      "has_iron": "2024-05-29 05:23:16 +0000"
    },
    "done": true
  },
  "rechiseled:recipes/rechiseled/chisel": {
    "criteria": {
      "recipe_condition": "2024-05-29 05:23:16 +0000"
    },
    "done": true
  },
  "minecraft:recipes/tools/stone_shovel": {
    "criteria": {
      "has_cobblestone": "2024-05-29 05:01:49 +0000"
    },
    "done": true
  },
  "pfm:recipes/pfm.furniture/spruce_kitchen_wall_small_drawer": {
    "criteria": {
      "has_planks": "2024-05-29 05:03:09 +0000"
    },
    "done": true
  },
  "pfm:recipes/pfm.furniture/spruce_kitchen_cabinet": {
    "criteria": {
      "has_planks": "2024-05-29 05:03:09 +0000"
    },
    "done": true
  },
  "minecraft:recipes/building_blocks/spruce_slab": {
    "criteria": {
      "has_planks": "2024-05-29 05:22:49 +0000"
    },
    "done": true
  },
  "securitycraft:recipes/securitycraft/reinforced_andesite": {
    "criteria": {
      "has_cobblestone": "2024-05-29 05:01:49 +0000"
    },
    "done": true
  },
  "ic2:mv_flux_generator_0_recipe_advancement": {
    "criteria": {
      "hasItem": "2024-05-29 05:23:16 +0000"
    },
    "done": true
  },
  "cfm:recipes/cfm/oak_table": {
    "criteria": {
      "has_log": "2024-05-29 04:59:28 +0000"
    },
    "done": true
  },
  "pfm:recipes/pfm.furniture/green_simple_sofa": {
    "criteria": {
      "has_wool": "2024-05-29 04:59:28 +0000"
    },
    "done": true
  },
  "ic2:stone_canner_recipe_advancement": {
    "criteria": {
      "hasItem": "2024-05-29 05:01:21 +0000"
    },
    "done": true
  },
  "cfm:recipes/cfm/spruce_desk": {
    "criteria": {
      "has_log": "2024-05-29 05:03:09 +0000"
    },
    "done": true
  },
  "pfm:recipes/pfm.furniture/stone_kitchen_drawer": {
    "criteria": {
      "has_planks": "2024-05-29 05:01:49 +0000"
    },
    "done": true
  },
  "pfm:recipes/pfm.furniture/spruce_kitchen_wall_drawer": {
    "criteria": {
      "has_planks": "2024-05-29 05:03:09 +0000"
    },
    "done": true
  },
  "minecraft:recipes/combat/golden_helmet": {
    "criteria": {
      "has_gold_ingot": "2024-05-29 05:13:32 +0000"
    },
    "done": true
  },
  "cfm:recipes/cfm/stripped_spruce_chair": {
    "criteria": {
      "has_planks": "2024-05-29 05:03:09 +0000"
    },
    "done": true
  },
  "minecraft:recipes/redstone/oak_pressure_plate": {
    "criteria": {
      "has_planks": "2024-05-29 05:01:17 +0000"
    },
    "done": true
  },
  "mcwwindows:recipes/birch": {
    "criteria": {
      "has_the_recipe": "2024-05-29 04:59:28 +0000"
    },
    "done": true
  },
  "ic2:static_boots_0_recipe_advancement": {
    "criteria": {
      "hasItem": "2024-05-29 05:15:09 +0000"
    },
    "done": true
  },
  "mcwwindows:recipes/shutters": {
    "criteria": {
      "has_wood": "2024-05-29 05:01:18 +0000"
    },
    "done": true
  },
  "biomesoplenty:biomesoplenty/root": {
    "criteria": {
      "snowy_maple_woods": "2024-05-29 04:56:13 +0000"
    },
    "done": true
  },
  "decorative_blocks:recipes/decorative_blocks.general/chandelier": {
    "criteria": {
      "has_torch": "2024-05-29 05:09:02 +0000"
    },
    "done": true
  },
  "cfm:recipes/cfm/oak_desk": {
    "criteria": {
      "has_log": "2024-05-29 04:59:28 +0000"
    },
    "done": true
  },
  "another_furniture:recipes/white_tall_stool": {
    "criteria": {
      "has_wool": "2024-05-29 05:15:09 +0000"
    },
    "done": true
  },
  "ic2:composite_helmet_0_recipe_advancement": {
    "criteria": {
      "hasItem": "2024-05-29 05:13:39 +0000"
    },
    "done": true
  },
  "aquaculture:recipes/misc/tin_can_to_iron_nugget": {
    "criteria": {
      "has_items": "2024-05-29 04:56:12 +0000"
    },
    "done": true
  },
  "cfm:recipes/cfm/stripped_spruce_kitchen_counter": {
    "criteria": {
      "has_log": "2024-05-29 05:03:09 +0000"
    },
    "done": true
  },
  "ic2:energy_storage_upgrade_1_recipe_advancement": {
    "criteria": {
      "hasItem": "2024-05-29 05:01:17 +0000"
    },
    "done": true
  },
  "minecraft:recipes/building_blocks/oak_wood": {
    "criteria": {
      "has_log": "2024-05-29 04:59:28 +0000"
    },
    "done": true
  },
  "minecraft:story/root": {
    "criteria": {
      "crafting_table": "2024-05-29 05:01:21 +0000"
    },
    "done": true
  },
  "pfm:recipes/pfm.furniture/stone_kitchen_sink": {
    "criteria": {
      "has_planks": "2024-05-29 05:01:49 +0000"
    },
    "done": true
  },
  "pfm:recipes/pfm.furniture/spruce_kitchen_wall_counter": {
    "criteria": {
      "has_planks": "2024-05-29 05:03:09 +0000"
    },
    "done": true
  },
  "ic2:void_pipe_recipe_advancement": {
    "criteria": {
      "hasItem": "2024-05-29 05:13:38 +0000"
    },
    "done": true
  },
  "mca:recipes/misc/whistle": {
    "criteria": {
      "has_item": "2024-05-29 05:23:16 +0000"
    },
    "done": true
  },
  "ic2:lv_loader_recipe_advancement": {
    "criteria": {
      "hasItem": "2024-05-29 05:01:17 +0000"
    },
    "done": true
  },
  "ic2:insulated_gold_cable_0_recipe_advancement": {
    "criteria": {
      "hasItem": "2024-05-29 05:13:32 +0000"
    },
    "done": true
  },
  "minecraft:story/form_obsidian": {
    "criteria": {
      "obsidian": "2024-05-29 05:13:38 +0000"
    },
    "done": true
  },
  "another_furniture:recipes/black_stool": {
    "criteria": {
      "has_wool": "2024-05-29 05:15:59 +0000"
    },
    "done": true
  },
  "ic2:directional_tube_recipe_advancement": {
    "criteria": {
      "hasItem": "2024-05-29 05:23:16 +0000"
    },
    "done": true
  },
  "pfm:recipes/pfm.furniture/oak_table_dinner": {
    "criteria": {
      "has_planks": "2024-05-29 05:01:17 +0000"
    },
    "done": true
  },
  "pfm:grant_book_on_first_join": {
    "criteria": {
      "tick": "2024-05-29 04:56:12 +0000"
    },
    "done": true
  },
  "decorative_blocks:recipes/decorative_blocks.general/oak_seat": {
    "criteria": {
      "has_plank": "2024-05-29 05:01:18 +0000"
    },
    "done": true
  },
  "minecraft:recipes/combat/leather_chestplate": {
    "criteria": {
      "has_leather": "2024-05-29 05:14:30 +0000"
    },
    "done": true
  },
  "pfm:recipes/pfm.furniture/oak_kitchen_counter_oven": {
    "criteria": {
      "has_planks": "2024-05-29 04:59:28 +0000"
    },
    "done": true
  },
  "ic2:rubber_sapling_recipe_advancement": {
    "criteria": {
      "hasItem": "2024-05-29 05:04:59 +0000"
    },
    "done": true
  },
  "minecraft:recipes/redstone/oak_button": {
    "criteria": {
      "has_planks": "2024-05-29 05:01:17 +0000"
    },
    "done": true
  },
  "ic2:crafting_upgrade_recipe_advancement": {
    "criteria": {
      "hasItem": "2024-05-29 05:01:21 +0000"
    },
    "done": true
  },
  "pfm:recipes/pfm.furniture/spruce_classic_stool": {
    "criteria": {
      "has_planks": "2024-05-29 05:22:49 +0000"
    },
    "done": true
  },
  "pfm:recipes/pfm.furniture/oak_simple_bunk_ladder": {
    "criteria": {
      "has_planks": "2024-05-29 05:01:17 +0000"
    },
    "done": true
  },
  "ic2:cf_sprayer_recipe_advancement": {
    "criteria": {
      "hasItem": "2024-05-29 05:01:22 +0000"
    },
    "done": true
  },
  "cfm:recipes/cfm/oak_cabinet": {
    "criteria": {
      "has_log": "2024-05-29 04:59:28 +0000"
    },
    "done": true
  },
  "aquaculture:recipes/misc/iron_nugget_from_smelting": {
    "criteria": {
      "has_fishing_rod": "2024-05-29 04:56:12 +0000",
      "has_fillet_knife": "2024-05-29 04:56:12 +0000"
    },
    "done": true
  },
  "mcwwindows:recipes/blackstone": {
    "criteria": {
      "has_the_recipe": "2024-05-29 04:59:28 +0000"
    },
    "done": true
  },
  "aquaculture:recipes/decorations/oak_fish_mount": {
    "criteria": {
      "has_items": "2024-05-29 04:56:12 +0000"
    },
    "done": true
  },
  "ic2:batbox_recipe_advancement": {
    "criteria": {
      "hasItem": "2024-05-29 05:01:17 +0000"
    },
    "done": true
  },
  "tconstruct:recipes/tconstruct/world/common/slime/sky/congealed": {
    "criteria": {
      "has_item": "2024-05-29 05:32:36 +0000"
    },
    "done": true
  },
  "pfm:recipes/pfm.furniture/kitchen_stovetop": {
    "criteria": {
      "has_iron_ingot": "2024-05-29 05:23:16 +0000"
    },
    "done": true
  },
  "aquaculture:recipes/decorations/dark_oak_fish_mount": {
    "criteria": {
      "has_items": "2024-05-29 04:56:12 +0000"
    },
    "done": true
  },
  "minecraft:recipes/food/cooked_beef": {
    "criteria": {
      "has_beef": "2024-05-29 05:04:36 +0000"
    },
    "done": true
  },
  "decorative_blocks:recipes/decorations/torch_from_chandelier": {
    "criteria": {
      "has_torch": "2024-05-29 05:09:02 +0000"
    },
    "done": true
  },
  "minecraft:recipes/redstone/iron_door": {
    "criteria": {
      "has_iron_ingot": "2024-05-29 05:23:16 +0000"
    },
    "done": true
  },
  "pfm:recipes/pfm.furniture/stone_kitchen_cabinet": {
    "criteria": {
      "has_planks": "2024-05-29 05:01:49 +0000"
    },
    "done": true
  },
  "ic2:plant_ball_seed_recipe_advancement": {
    "criteria": {
      "hasItem": "2024-05-29 05:02:30 +0000"
    },
    "done": true
  },
  "ic2:bronze_sign_recipe_advancement": {
    "criteria": {
      "hasItem": "2024-05-29 05:01:22 +0000"
    },
    "done": true
  },
  "pfm:recipes/pfm.furniture/red_simple_sofa": {
    "criteria": {
      "has_wool": "2024-05-29 04:59:28 +0000"
    },
    "done": true
  },
  "another_furniture:recipes/spruce_shelf": {
    "criteria": {
      "has_planks": "2024-05-29 05:22:49 +0000"
    },
    "done": true
  },
  "ic2:muffler_upgrade_0_recipe_advancement": {
    "criteria": {
      "hasItem": "2024-05-29 05:15:09 +0000"
    },
    "done": true
  },
  "cfm:recipes/cfm/gray_grill": {
    "criteria": {
      "has_iron": "2024-05-29 05:23:16 +0000"
    },
    "done": true
  },
  "minecraft:recipes/redstone/oak_door": {
    "criteria": {
      "has_planks": "2024-05-29 05:01:18 +0000"
    },
    "done": true
  },
  "cfm:recipes/cfm/lime_grill": {
    "criteria": {
      "has_iron": "2024-05-29 05:23:16 +0000"
    },
    "done": true
  },
  "tconstruct:recipes/tconstruct/world/common/slime/sky/slimeblock": {
    "criteria": {
      "has_item": "2024-05-29 05:32:36 +0000"
    },
    "done": true
  },
  "another_furniture:recipes/black_lamp": {
    "criteria": {
      "has_wool": "2024-05-29 05:15:59 +0000"
    },
    "done": true
  },
  "another_furniture:recipes/acacia_drawer": {
    "criteria": {
      "has_planks": "2024-05-29 05:01:22 +0000"
    },
    "done": true
  },
  "cfm:recipes/cfm/black_sofa": {
    "criteria": {
      "has_wool": "2024-05-29 05:15:59 +0000"
    },
    "done": true
  },
  "pfm:recipes/pfm.furniture/stone_kitchen_wall_drawer": {
    "criteria": {
      "has_planks": "2024-05-29 05:01:49 +0000"
    },
    "done": true
  },
  "cfm:recipes/cfm/spruce_kitchen_sink_light": {
    "criteria": {
      "has_bottom": "2024-05-29 05:22:49 +0000"
    },
    "done": true
  },
  "securitycraft:recipes/securitycraft/motion_activated_light": {
    "criteria": {
      "has_stick": "2024-05-29 05:01:22 +0000"
    },
    "done": true
  },
  "minecraft:recipes/transportation/jungle_boat": {
    "criteria": {
      "in_water": "2024-05-29 05:10:18 +0000"
    },
    "done": true
  },
  "cfm:recipes/cfm/door_mat": {
    "criteria": {
      "has_wheat": "2024-05-29 05:15:12 +0000"
    },
    "done": true
  },
  "securitycraft:recipes/securitycraft/mine": {
    "criteria": {
      "has_iron": "2024-05-29 05:23:16 +0000"
    },
    "done": true
  },
  "ic2:bronze_sword_recipe_advancement": {
    "criteria": {
      "hasItem": "2024-05-29 05:01:22 +0000"
    },
    "done": true
  },
  "mcwwindows:recipes/jungle": {
    "criteria": {
      "has_the_recipe": "2024-05-29 04:59:28 +0000"
    },
    "done": true
  },
  "tconstruct:recipes/tconstruct/general/tables/pattern": {
    "criteria": {
      "has_item": "2024-05-29 05:01:22 +0000"
    },
    "done": true
  },
  "aquaculture:recipes/aquaculture/iron_hook": {
    "criteria": {
      "has_items": "2024-05-29 04:56:12 +0000"
    },
    "done": true
  },
  "minecraft:recipes/redstone/heavy_weighted_pressure_plate": {
    "criteria": {
      "has_iron_ingot": "2024-05-29 05:23:16 +0000"
    },
    "done": true
  },
  "pfm:recipes/pfm.furniture/oak_chair_classic": {
    "criteria": {
      "has_planks": "2024-05-29 05:01:18 +0000"
    },
    "done": true
  },
  "minecraft:recipes/transportation/dark_oak_boat": {
    "criteria": {
      "in_water": "2024-05-29 05:10:18 +0000"
    },
    "done": true
  },
  "minecraft:recipes/building_blocks/pink_wool": {
    "criteria": {
      "has_white_wool": "2024-05-29 05:15:09 +0000"
    },
    "done": true
  },
  "ic2:iv_battery_station_recipe_advancement": {
    "criteria": {
      "hasItem": "2024-05-29 05:01:17 +0000"
    },
    "done": true
  },
  "tconstruct:recipes/tconstruct/tools/tools/armor/travelers_shield": {
    "criteria": {
      "has_item": "2024-05-29 05:14:30 +0000"
    },
    "done": true
  },
  "another_furniture:recipes/oak_table": {
    "criteria": {
      "has_planks": "2024-05-29 05:01:18 +0000"
    },
    "done": true
  },
  "cfm:recipes/cfm/cyan_grill": {
    "criteria": {
      "has_iron": "2024-05-29 05:23:16 +0000"
    },
    "done": true
  },
  "aquaculture:recipes/decorations/jungle_fish_mount": {
    "criteria": {
      "has_items": "2024-05-29 04:56:12 +0000"
    },
    "done": true
  },
  "mcwwindows:recipes/spruce": {
    "criteria": {
      "has_the_recipe": "2024-05-29 04:59:28 +0000"
    },
    "done": true
  },
  "ic2:silver_sign_recipe_advancement": {
    "criteria": {
      "hasItem": "2024-05-29 05:01:22 +0000"
    },
    "done": true
  },
  "securitycraft:recipes/securitycraft/briefcase": {
    "criteria": {
      "has_iron": "2024-05-29 05:23:16 +0000"
    },
    "done": true
  },
  "minecraft:recipes/combat/golden_leggings": {
    "criteria": {
      "has_gold_ingot": "2024-05-29 05:13:32 +0000"
    },
    "done": true
  },
  "ic2:recycler_recipe_advancement": {
    "criteria": {
      "hasItem": "2024-05-29 05:01:38 +0000"
    },
    "done": true
  },
  "tconstruct:recipes/tconstruct/general/common/slime/sky/slimeball_from_block": {
    "criteria": {
      "has_item": "2024-05-29 05:35:07 +0000"
    },
    "done": true
  },
  "cfm:recipes/cfm/oak_upgraded_fence": {
    "criteria": {
      "has_log": "2024-05-29 04:59:28 +0000"
    },
    "done": true
  },
  "minecraft:recipes/redstone/spruce_trapdoor": {
    "criteria": {
      "has_planks": "2024-05-29 05:22:49 +0000"
    },
    "done": true
  },
  "ic2:iv_charging_bench_recipe_advancement": {
    "criteria": {
      "hasItem": "2024-05-29 05:01:17 +0000"
    },
    "done": true
  },
  "pfm:recipes/pfm.furniture/spruce_chair": {
    "criteria": {
      "has_planks": "2024-05-29 05:22:49 +0000"
    },
    "done": true
  },
  "pfm:recipes/pfm.furniture/lime_arm_chair": {
    "criteria": {
      "has_wool": "2024-05-29 04:59:28 +0000"
    },
    "done": true
  },
  "ic2:rubberwood_fence_gate_recipe_advancement": {
    "criteria": {
      "hasItem": "2024-05-29 05:01:22 +0000"
    },
    "done": true
  },
  "pfm:recipes/pfm.furniture/gray_arm_chair": {
    "criteria": {
      "has_wool": "2024-05-29 04:59:28 +0000"
    },
    "done": true
  },
  "ic2:wooden_rotor_recipe_advancement": {
    "criteria": {
      "hasItem": "2024-05-29 05:01:22 +0000"
    },
    "done": true
  },
  "minecraft:recipes/food/cooked_beef_from_campfire_cooking": {
    "criteria": {
      "has_beef": "2024-05-29 05:04:36 +0000"
    },
    "done": true
  },
  "pfm:recipes/pfm.furniture/oak_chair_modern": {
    "criteria": {
      "has_planks": "2024-05-29 05:01:18 +0000"
    },
    "done": true
  },
  "securitycraft:recipes/securitycraft/reinforced_fence_gate": {
    "criteria": {
      "has_iron": "2024-05-29 05:23:16 +0000"
    },
    "done": true
  },
  "minecraft:recipes/decorations/soul_campfire": {
    "criteria": {
      "has_stick": "2024-05-29 05:01:22 +0000"
    },
    "done": true
  },
  "minecraft:story/smelt_iron": {
    "criteria": {
      "iron": "2024-05-29 05:23:16 +0000"
    },
    "done": true
  },
  "ic2:ev_charge_bench_kit_indirect_recipe_advancement": {
    "criteria": {
      "hasItem": "2024-05-29 05:01:17 +0000"
    },
    "done": true
  },
  "ic2:wool_rotor_recipe_advancement": {
    "criteria": {
      "hasItem": "2024-05-29 05:08:25 +0000"
    },
    "done": true
  },
  "ic2:bronze_shovel_recipe_advancement": {
    "criteria": {
      "hasItem": "2024-05-29 05:01:22 +0000"
    },
    "done": true
  },
  "cfm:recipes/cfm/oak_kitchen_sink_light": {
    "criteria": {
      "has_bottom": "2024-05-29 05:01:18 +0000"
    },
    "done": true
  },
  "ic2:iron_furnace_recipe_advancement": {
    "criteria": {
      "hasItem": "2024-05-29 05:23:16 +0000"
    },
    "done": true
  },
  "pfm:recipes/pfm.furniture/spruce_modern_stool": {
    "criteria": {
      "has_planks": "2024-05-29 05:22:49 +0000"
    },
    "done": true
  },
  "cfm:recipes/cfm/oak_coffee_table": {
    "criteria": {
      "has_log": "2024-05-29 04:59:28 +0000"
    },
    "done": true
  },
  "cfm:recipes/cfm/spruce_desk_cabinet": {
    "criteria": {
      "has_log": "2024-05-29 05:03:09 +0000"
    },
    "done": true
  },
  "cfm:recipes/cfm/fridge_light": {
    "criteria": {
      "has_iron": "2024-05-29 05:23:16 +0000"
    },
    "done": true
  },
  "DataVersion": 3120
}