{
  "pfm:recipes/pfm.furniture/magenta_arm_chair": {
    "criteria": {
      "has_wool": "2024-06-23 10:55:37 +0000"
    },
    "done": true
  },
  "farmersdelight:recipes/farmersdelight/organic_compost_from_rotten_flesh": {
    "criteria": {
      "has_rotten_flesh": "2024-06-23 11:09:18 +0000"
    },
    "done": true
  },
  "aquaculture:recipes/aquaculture/note_hook": {
    "criteria": {
      "has_items": "2024-06-23 10:28:55 +0000"
    },
    "done": true
  },
  "tconstruct:tools/materials_and_you": {
    "criteria": {
      "crafted_book": "2024-06-23 10:28:56 +0000"
    },
    "done": true
  },
  "tconstruct:internal/starting_book": {
    "criteria": {
      "tick": "2024-06-23 10:28:56 +0000"
    },
    "done": true
  },
  "pfm:recipes/pfm.furniture/brown_arm_chair": {
    "criteria": {
      "has_wool": "2024-06-23 10:55:37 +0000"
    },
    "done": true
  },
  "biomesoplenty:recipes/transportation/willow_boat": {
    "criteria": {
      "in_water": "2024-06-23 11:02:14 +0000"
    },
    "done": true
  },
  "pfm:recipes/pfm.furniture/blue_simple_sofa": {
    "criteria": {
      "has_wool": "2024-06-23 10:55:37 +0000"
    },
    "done": true
  },
  "biomesoplenty:recipes/transportation/mahogany_boat": {
    "criteria": {
      "in_water": "2024-06-23 11:02:14 +0000"
    },
    "done": true
  },
  "minecraft:recipes/decorations/chest": {
    "criteria": {
      "has_lots_of_items": "2024-06-23 10:44:10 +0000"
    },
    "done": true
  },
  "minecraft:recipes/transportation/mangrove_boat": {
    "criteria": {
      "in_water": "2024-06-23 11:02:14 +0000"
    },
    "done": true
  },
  "ic2:planter_pot_dirt_recipe_advancement": {
    "criteria": {
      "hasItem": "2024-06-23 10:39:53 +0000"
    },
    "done": true
  },
  "aquaculture:recipes/tools/golden_fishing_rod": {
    "criteria": {
      "has_vanilla_rod": "2024-06-23 10:28:55 +0000"
    },
    "done": true
  },
  "pfm:recipes/pfm.furniture/purple_simple_sofa": {
    "criteria": {
      "has_wool": "2024-06-23 10:55:37 +0000"
    },
    "done": true
  },
  "cfm:recipes/cfm/stripped_oak_chair": {
    "criteria": {
      "has_planks": "2024-06-23 10:55:37 +0000"
    },
    "done": true
  },
  "aquaculture:recipes/food/cooked_fish_fillet_from_campfire": {
    "criteria": {
      "has_items": "2024-06-23 10:28:55 +0000"
    },
    "done": true
  },
  "biomesoplenty:recipes/transportation/dead_boat": {
    "criteria": {
      "in_water": "2024-06-23 11:02:14 +0000"
    },
    "done": true
  },
  "cfm:recipes/cfm/oak_crate": {
    "criteria": {
      "has_log": "2024-06-23 10:55:37 +0000"
    },
    "done": true
  },
  "minecraft:recipes/food/cooked_beef_from_grill_cooking": {
    "criteria": {
      "has_beef": "2024-06-23 10:48:10 +0000"
    },
    "done": true
  },
  "mcwwindows:recipes/dark_prismarine": {
    "criteria": {
      "has_the_recipe": "2024-06-23 10:55:37 +0000"
    },
    "done": true
  },
  "minecraft:recipes/transportation/spruce_boat": {
    "criteria": {
      "in_water": "2024-06-23 11:02:14 +0000"
    },
    "done": true
  },
  "minecraft:recipes/misc/flower_banner_pattern": {
    "criteria": {
      "has_oxeye_daisy": "2024-06-23 10:51:51 +0000"
    },
    "done": true
  },
  "cfm:recipes/cfm/stripped_oak_table": {
    "criteria": {
      "has_planks": "2024-06-23 10:55:37 +0000"
    },
    "done": true
  },
  "mcwdoors:recipes/oak": {
    "criteria": {
      "has_wood": "2024-06-23 10:55:37 +0000"
    },
    "done": true
  },
  "ic2:mug_cold_fruit_tea_recipe_advancement": {
    "criteria": {
      "hasItem": "2024-06-23 11:02:36 +0000"
    },
    "done": true
  },
  "cfm:recipes/cfm/oak_kitchen_counter": {
    "criteria": {
      "has_log": "2024-06-23 10:55:37 +0000"
    },
    "done": true
  },
  "pfm:recipes/pfm.furniture/oak_kitchen_wall_drawer": {
    "criteria": {
      "has_planks": "2024-06-23 10:55:37 +0000"
    },
    "done": true
  },
  "farmersdelight:recipes/farmersdelight/sweet_berry_cookie": {
    "criteria": {
      "has_sweet_berries": "2024-06-23 11:02:36 +0000"
    },
    "done": true
  },
  "cfm:recipes/cfm/stripped_oak_kitchen_drawer": {
    "criteria": {
      "has_log": "2024-06-23 10:55:37 +0000"
    },
    "done": true
  },
  "pfm:recipes/pfm.furniture/green_arm_chair": {
    "criteria": {
      "has_wool": "2024-06-23 10:55:37 +0000"
    },
    "done": true
  },
  "minecraft:husbandry/balanced_diet": {
    "criteria": {
      "sweet_berries": "2024-06-23 11:03:47 +0000"
    },
    "done": false
  },
  "cfm:recipes/cfm/oak_blinds": {
    "criteria": {
      "has_log": "2024-06-23 10:55:37 +0000"
    },
    "done": true
  },
  "pfm:recipes/pfm.furniture/lime_simple_sofa": {
    "criteria": {
      "has_wool": "2024-06-23 10:55:37 +0000"
    },
    "done": true
  },
  "mcwwindows:recipes/dark_oak": {
    "criteria": {
      "has_the_recipe": "2024-06-23 10:55:37 +0000"
    },
    "done": true
  },
  "aquaculture:recipes/misc/neptunium_ingot_from_nuggets": {
    "criteria": {
      "has_items": "2024-06-23 10:28:55 +0000"
    },
    "done": true
  },
  "cfm:recipes/cfm/oak_bedside_cabinet": {
    "criteria": {
      "has_log": "2024-06-23 10:55:37 +0000"
    },
    "done": true
  },
  "biomesoplenty:recipes/transportation/magic_boat": {
    "criteria": {
      "in_water": "2024-06-23 11:02:14 +0000"
    },
    "done": true
  },
  "decorative_blocks:recipes/decorative_blocks.general/oak_palisade": {
    "criteria": {
      "has_log": "2024-06-23 10:55:37 +0000"
    },
    "done": true
  },
  "mcwwindows:recipes/prismarine": {
    "criteria": {
      "has_the_recipe": "2024-06-23 10:55:37 +0000"
    },
    "done": true
  },
  "aquaculture:recipes/misc/gold_nugget_from_gold_fish": {
    "criteria": {
      "has_items": "2024-06-23 10:28:55 +0000"
    },
    "done": true
  },
  "farmersdelight:recipes/farmersdelight/cooking/beef_stew": {
    "criteria": {
      "has_any_ingredient": "2024-06-23 10:48:10 +0000"
    },
    "done": true
  },
  "pfm:recipes/pfm.furniture/cyan_simple_sofa": {
    "criteria": {
      "has_wool": "2024-06-23 10:55:37 +0000"
    },
    "done": true
  },
  "naturalist:recipes/food/cooked_egg": {
    "criteria": {
      "has_eggs": "2024-06-23 10:28:55 +0000"
    },
    "done": true
  },
  "aquaculture:recipes/misc/gold_nugget_from_smelting": {
    "criteria": {
      "has_fishing_rod": "2024-06-23 10:28:55 +0000",
      "has_fillet_knife": "2024-06-23 10:28:55 +0000"
    },
    "done": true
  },
  "mcwwindows:recipes/crimson": {
    "criteria": {
      "has_the_recipe": "2024-06-23 10:55:37 +0000"
    },
    "done": true
  },
  "biomesoplenty:recipes/transportation/cherry_boat": {
    "criteria": {
      "in_water": "2024-06-23 11:02:14 +0000"
    },
    "done": true
  },
  "aquaculture:recipes/aquaculture/worm_farm": {
    "criteria": {
      "has_items": "2024-06-23 10:28:55 +0000"
    },
    "done": true
  },
  "aquaculture:recipes/food/cooked_fish_fillet_from_smoking": {
    "criteria": {
      "has_items": "2024-06-23 10:28:55 +0000"
    },
    "done": true
  },
  "biomesoplenty:recipes/transportation/fir_boat": {
    "criteria": {
      "in_water": "2024-06-23 11:02:14 +0000"
    },
    "done": true
  },
  "pfm:recipes/pfm.furniture/white_simple_sofa": {
    "criteria": {
      "has_wool": "2024-06-23 10:55:37 +0000"
    },
    "done": true
  },
  "pfm:recipes/pfm.furniture/gray_simple_sofa": {
    "criteria": {
      "has_wool": "2024-06-23 10:55:37 +0000"
    },
    "done": true
  },
  "pfm:recipes/pfm.furniture/oak_raw_table_log": {
    "criteria": {
      "has_log": "2024-06-23 10:55:37 +0000"
    },
    "done": true
  },
  "aquaculture:recipes/decorations/spruce_fish_mount": {
    "criteria": {
      "has_items": "2024-06-23 10:28:55 +0000"
    },
    "done": true
  },
  "aquaculture:recipes/misc/neptunium_ingot_from_neptunium_block": {
    "criteria": {
      "has_items": "2024-06-23 10:28:55 +0000"
    },
    "done": true
  },
  "minecraft:recipes/misc/red_dye_from_rose_bush": {
    "criteria": {
      "has_rose_bush": "2024-06-23 11:05:27 +0000"
    },
    "done": true
  },
  "aquaculture:recipes/aquaculture/light_hook": {
    "criteria": {
      "has_items": "2024-06-23 10:28:55 +0000"
    },
    "done": true
  },
  "pfm:recipes/pfm.furniture/magenta_simple_sofa": {
    "criteria": {
      "has_wool": "2024-06-23 10:55:37 +0000"
    },
    "done": true
  },
  "biomesoplenty:biomesoplenty/all_biomes": {
    "criteria": {
      "field": "2024-06-23 10:28:56 +0000",
      "coniferous_forest": "2024-06-23 10:54:43 +0000"
    },
    "done": false
  },
  "minecraft:adventure/sleep_in_bed": {
    "criteria": {
      "slept_in_bed": "2024-06-23 10:33:18 +0000"
    },
    "done": true
  },
  "minecraft:recipes/misc/charcoal": {
    "criteria": {
      "has_log": "2024-06-23 10:55:37 +0000"
    },
    "done": true
  },
  "aquaculture:recipes/misc/jellyfish_to_slimeball": {
    "criteria": {
      "has_items": "2024-06-23 10:28:55 +0000"
    },
    "done": true
  },
  "minecraft:husbandry/root": {
    "criteria": {
      "consumed_item": "2024-06-23 10:39:04 +0000"
    },
    "done": true
  },
  "pfm:recipes/pfm.furniture/black_arm_chair": {
    "criteria": {
      "has_wool": "2024-06-23 10:55:37 +0000"
    },
    "done": true
  },
  "pfm:recipes/pfm.furniture/orange_arm_chair": {
    "criteria": {
      "has_wool": "2024-06-23 10:55:37 +0000"
    },
    "done": true
  },
  "minecraft:recipes/transportation/birch_boat": {
    "criteria": {
      "in_water": "2024-06-23 11:02:14 +0000"
    },
    "done": true
  },
  "ic2:tfbp_flatificator_recipe_advancement": {
    "criteria": {
      "hasItem": "2024-06-23 10:39:53 +0000"
    },
    "done": true
  },
  "pfm:recipes/pfm.furniture/purple_arm_chair": {
    "criteria": {
      "has_wool": "2024-06-23 10:55:37 +0000"
    },
    "done": true
  },
  "pfm:recipes/pfm.furniture/light_blue_simple_sofa": {
    "criteria": {
      "has_wool": "2024-06-23 10:55:37 +0000"
    },
    "done": true
  },
  "cfm:recipes/cfm/oak_kitchen_drawer": {
    "criteria": {
      "has_log": "2024-06-23 10:55:37 +0000"
    },
    "done": true
  },
  "cfm:recipes/cfm/stripped_oak_coffee_table": {
    "criteria": {
      "has_planks": "2024-06-23 10:55:37 +0000"
    },
    "done": true
  },
  "minecraft:recipes/transportation/acacia_boat": {
    "criteria": {
      "in_water": "2024-06-23 11:02:14 +0000"
    },
    "done": true
  },
  "cfm:recipes/cfm/stripped_oak_cabinet": {
    "criteria": {
      "has_log": "2024-06-23 10:55:37 +0000"
    },
    "done": true
  },
  "aquaculture:recipes/tools/diamond_fishing_rod": {
    "criteria": {
      "has_vanilla_rod": "2024-06-23 10:28:55 +0000"
    },
    "done": true
  },
  "aquaculture:recipes/misc/red_mushroom_from_fish": {
    "criteria": {
      "has_items": "2024-06-23 10:28:55 +0000"
    },
    "done": true
  },
  "aquaculture:recipes/tools/iron_fishing_rod": {
    "criteria": {
      "has_vanilla_rod": "2024-06-23 10:28:55 +0000"
    },
    "done": true
  },
  "aquaculture:recipes/decorations/acacia_fish_mount": {
    "criteria": {
      "has_items": "2024-06-23 10:28:55 +0000"
    },
    "done": true
  },
  "aquaculture:recipes/misc/brown_mushroom_from_fish": {
    "criteria": {
      "has_items": "2024-06-23 10:28:55 +0000"
    },
    "done": true
  },
  "pfm:recipes/pfm.furniture/light_gray_arm_chair": {
    "criteria": {
      "has_wool": "2024-06-23 10:55:37 +0000"
    },
    "done": true
  },
  "mcwwindows:recipes/acacia": {
    "criteria": {
      "has_the_recipe": "2024-06-23 10:55:37 +0000"
    },
    "done": true
  },
  "farmersdelight:main/root": {
    "criteria": {
      "seeds": "2024-06-23 10:28:55 +0000"
    },
    "done": true
  },
  "cfm:recipes/cfm/stripped_oak_desk_cabinet": {
    "criteria": {
      "has_planks": "2024-06-23 10:55:37 +0000"
    },
    "done": true
  },
  "simplefarming:berries": {
    "criteria": {
      "blueberries": "2024-06-23 11:02:50 +0000",
      "blackberries": "2024-06-23 10:39:15 +0000",
      "strawberries": "2024-06-23 10:56:25 +0000",
      "raspberries": "2024-06-23 10:39:01 +0000"
    },
    "done": true
  },
  "aquaculture:recipes/misc/iron_nugget_from_blasting": {
    "criteria": {
      "has_fishing_rod": "2024-06-23 10:28:55 +0000",
      "has_fillet_knife": "2024-06-23 10:28:55 +0000"
    },
    "done": true
  },
  "aquaculture:recipes/building_blocks/planks_from_driftwood": {
    "criteria": {
      "has_items": "2024-06-23 10:28:55 +0000"
    },
    "done": true
  },
  "cfm:recipes/cfm/oak_upgraded_gate": {
    "criteria": {
      "has_log": "2024-06-23 10:55:37 +0000"
    },
    "done": true
  },
  "farmersdelight:recipes/farmersdelight/cooking/dog_food": {
    "criteria": {
      "has_any_ingredient": "2024-06-23 11:09:18 +0000"
    },
    "done": true
  },
  "pfm:recipes/pfm.furniture/orange_simple_sofa": {
    "criteria": {
      "has_wool": "2024-06-23 10:55:37 +0000"
    },
    "done": true
  },
  "pfm:recipes/pfm.furniture/oak_log_stool": {
    "criteria": {
      "has_log": "2024-06-23 10:55:37 +0000"
    },
    "done": true
  },
  "minecraft:recipes/food/cooked_beef_from_smoking": {
    "criteria": {
      "has_beef": "2024-06-23 10:48:10 +0000"
    },
    "done": true
  },
  "pfm:recipes/pfm.furniture/black_simple_sofa": {
    "criteria": {
      "has_wool": "2024-06-23 10:55:37 +0000"
    },
    "done": true
  },
  "simplefarming:root": {
    "criteria": {
      "pickup_seed": "2024-06-23 10:51:54 +0000"
    },
    "done": true
  },
  "ic2:glass_cold_fruit_tea_recipe_advancement": {
    "criteria": {
      "hasItem": "2024-06-23 11:02:36 +0000"
    },
    "done": true
  },
  "mca:root": {
    "criteria": {
      "village_plains": "2024-06-23 10:32:39 +0000"
    },
    "done": true
  },
  "pfm:recipes/pfm.furniture/oak_kitchen_wall_counter": {
    "criteria": {
      "has_planks": "2024-06-23 10:55:37 +0000"
    },
    "done": true
  },
  "ic2:mud_recipe_advancement": {
    "criteria": {
      "hasItem": "2024-06-23 10:39:53 +0000"
    },
    "done": true
  },
  "mcwwindows:recipes/diorite": {
    "criteria": {
      "has_the_recipe": "2024-06-23 10:55:37 +0000"
    },
    "done": true
  },
  "pfm:recipes/pfm.furniture/arm_chair_leather": {
    "criteria": {
      "has_wool": "2024-06-23 10:55:37 +0000"
    },
    "done": true
  },
  "aquaculture:recipes/aquaculture/fishing_line": {
    "criteria": {
      "has_items": "2024-06-23 10:28:55 +0000"
    },
    "done": true
  },
  "minecraft:recipes/transportation/oak_boat": {
    "criteria": {
      "in_water": "2024-06-23 11:02:14 +0000"
    },
    "done": true
  },
  "aquaculture:recipes/misc/neptinium_ingot_from_blasting": {
    "criteria": {
      "has_leggings": "2024-06-23 10:28:55 +0000",
      "has_axe": "2024-06-23 10:28:55 +0000",
      "has_helmet": "2024-06-23 10:28:55 +0000",
      "has_fishing_rod": "2024-06-23 10:28:55 +0000",
      "has_bow": "2024-06-23 10:28:55 +0000",
      "has_chestplate": "2024-06-23 10:28:55 +0000",
      "has_sword": "2024-06-23 10:28:55 +0000",
      "has_fillet_knife": "2024-06-23 10:28:55 +0000",
      "has_shovel": "2024-06-23 10:28:55 +0000",
      "has_hoe": "2024-06-23 10:28:55 +0000",
      "has_boots": "2024-06-23 10:28:55 +0000",
      "has_pickaxe": "2024-06-23 10:28:55 +0000"
    },
    "done": true
  },
  "pfm:recipes/pfm.furniture/yellow_simple_sofa": {
    "criteria": {
      "has_wool": "2024-06-23 10:55:37 +0000"
    },
    "done": true
  },
  "pfm:recipes/pfm.furniture/cyan_arm_chair": {
    "criteria": {
      "has_wool": "2024-06-23 10:55:37 +0000"
    },
    "done": true
  },
  "mcwwindows:recipes/granite": {
    "criteria": {
      "has_the_recipe": "2024-06-23 10:55:37 +0000"
    },
    "done": true
  },
  "cfm:recipes/cfm/oak_park_bench": {
    "criteria": {
      "has_log": "2024-06-23 10:55:37 +0000"
    },
    "done": true
  },
  "cfm:recipes/cfm/stripped_oak_park_bench": {
    "criteria": {
      "has_log": "2024-06-23 10:55:37 +0000"
    },
    "done": true
  },
  "pfm:recipes/pfm.furniture/pink_arm_chair": {
    "criteria": {
      "has_wool": "2024-06-23 10:55:37 +0000"
    },
    "done": true
  },
  "farmersdelight:main/plant_all_crops": {
    "criteria": {
      "sweet_berries": "2024-06-23 11:03:51 +0000"
    },
    "done": false
  },
  "pfm:recipes/pfm.furniture/white_arm_chair": {
    "criteria": {
      "has_wool": "2024-06-23 10:55:37 +0000"
    },
    "done": true
  },
  "aquaculture:recipes/misc/tin_can_to_iron_nugget_from_blasting": {
    "criteria": {
      "has_items": "2024-06-23 10:28:55 +0000"
    },
    "done": true
  },
  "pfm:recipes/pfm.furniture/blue_arm_chair": {
    "criteria": {
      "has_wool": "2024-06-23 10:55:37 +0000"
    },
    "done": true
  },
  "mcwwindows:recipes/andesite": {
    "criteria": {
      "has_the_recipe": "2024-06-23 10:55:37 +0000"
    },
    "done": true
  },
  "biomesoplenty:recipes/transportation/umbran_boat": {
    "criteria": {
      "in_water": "2024-06-23 11:02:14 +0000"
    },
    "done": true
  },
  "pfm:recipes/pfm.furniture/light_gray_simple_sofa": {
    "criteria": {
      "has_wool": "2024-06-23 10:55:37 +0000"
    },
    "done": true
  },
  "biomesoplenty:recipes/transportation/palm_boat": {
    "criteria": {
      "in_water": "2024-06-23 11:02:14 +0000"
    },
    "done": true
  },
  "sophisticatedbackpacks:recipes/sophisticatedbackpacks/iron_backpack": {
    "criteria": {
      "has_backpack": "2024-06-23 11:00:56 +0000"
    },
    "done": true
  },
  "minecraft:recipes/misc/blue_dye_from_cornflower": {
    "criteria": {
      "has_cornflower": "2024-06-23 10:36:18 +0000"
    },
    "done": true
  },
  "pfm:recipes/pfm.furniture/red_arm_chair": {
    "criteria": {
      "has_wool": "2024-06-23 10:55:37 +0000"
    },
    "done": true
  },
  "farmersdelight:recipes/farmersdelight/cooking/pasta_with_meatballs": {
    "criteria": {
      "has_any_ingredient": "2024-06-23 10:48:10 +0000"
    },
    "done": true
  },
  "aquaculture:recipes/aquaculture/redstone_hook": {
    "criteria": {
      "has_items": "2024-06-23 10:28:55 +0000"
    },
    "done": true
  },
  "pfm:recipes/pfm.furniture/oak_kitchen_counter": {
    "criteria": {
      "has_planks": "2024-06-23 10:55:37 +0000"
    },
    "done": true
  },
  "biomesoplenty:recipes/transportation/redwood_boat": {
    "criteria": {
      "in_water": "2024-06-23 11:02:14 +0000"
    },
    "done": true
  },
  "aquaculture:recipes/food/cooked_fish_fillet": {
    "criteria": {
      "has_items": "2024-06-23 10:28:55 +0000"
    },
    "done": true
  },
  "cfm:recipes/cfm/stripped_oak_crate": {
    "criteria": {
      "has_planks": "2024-06-23 10:55:37 +0000"
    },
    "done": true
  },
  "decorative_blocks:recipes/decorative_blocks.general/rocky_dirt": {
    "criteria": {
      "has_dirt": "2024-06-23 10:39:53 +0000"
    },
    "done": true
  },
  "cfm:recipes/cfm/oak_chair": {
    "criteria": {
      "has_log": "2024-06-23 10:55:37 +0000"
    },
    "done": true
  },
  "pfm:recipes/pfm.furniture/oak_kitchen_drawer": {
    "criteria": {
      "has_planks": "2024-06-23 10:55:37 +0000"
    },
    "done": true
  },
  "minecraft:recipes/misc/red_dye_from_poppy": {
    "criteria": {
      "has_poppy": "2024-06-23 10:54:07 +0000"
    },
    "done": true
  },
  "sophisticatedbackpacks:recipes/sophisticatedbackpacks/copper_backpack": {
    "criteria": {
      "has_backpack": "2024-06-23 11:00:56 +0000"
    },
    "done": true
  },
  "securitycraft:recipes/securitycraft/sc_manual": {
    "criteria": {
      "has_wood": "2024-06-23 10:55:37 +0000"
    },
    "done": true
  },
  "mowziesmobs:root": {
    "criteria": {
      "custom_test_name": "2024-06-23 10:28:56 +0000"
    },
    "done": true
  },
  "ic2:terraformer_recipe_advancement": {
    "criteria": {
      "hasItem": "2024-06-23 10:39:53 +0000"
    },
    "done": true
  },
  "cfm:recipes/cfm/stripped_oak_bedside_cabinet": {
    "criteria": {
      "has_planks": "2024-06-23 10:55:37 +0000"
    },
    "done": true
  },
  "aquaculture:recipes/aquaculture/gold_hook": {
    "criteria": {
      "has_items": "2024-06-23 10:28:55 +0000"
    },
    "done": true
  },
  "minecraft:recipes/building_blocks/oak_planks": {
    "criteria": {
      "has_logs": "2024-06-23 10:55:37 +0000"
    },
    "done": true
  },
  "mcwfurnitures:recipes/oak": {
    "criteria": {
      "has_wood": "2024-06-23 10:55:37 +0000"
    },
    "done": true
  },
  "cfm:recipes/cfm/stripped_oak_kitchen_counter": {
    "criteria": {
      "has_log": "2024-06-23 10:55:37 +0000"
    },
    "done": true
  },
  "cfm:recipes/cfm/oak_table": {
    "criteria": {
      "has_log": "2024-06-23 10:55:37 +0000"
    },
    "done": true
  },
  "pfm:recipes/pfm.furniture/green_simple_sofa": {
    "criteria": {
      "has_wool": "2024-06-23 10:55:37 +0000"
    },
    "done": true
  },
  "mcwwindows:recipes/birch": {
    "criteria": {
      "has_the_recipe": "2024-06-23 10:55:37 +0000"
    },
    "done": true
  },
  "aquaculture:recipes/aquaculture/diamond_hook": {
    "criteria": {
      "has_items": "2024-06-23 10:28:55 +0000"
    },
    "done": true
  },
  "biomesoplenty:biomesoplenty/root": {
    "criteria": {
      "field": "2024-06-23 10:28:56 +0000"
    },
    "done": true
  },
  "mca:recipes/misc/bouquet": {
    "criteria": {
      "has_item": "2024-06-23 10:36:18 +0000"
    },
    "done": true
  },
  "cfm:recipes/cfm/oak_desk": {
    "criteria": {
      "has_log": "2024-06-23 10:55:37 +0000"
    },
    "done": true
  },
  "mcwwindows:recipes/components": {
    "criteria": {
      "has_wood": "2024-06-23 10:55:37 +0000"
    },
    "done": true
  },
  "aquaculture:recipes/misc/tin_can_to_iron_nugget": {
    "criteria": {
      "has_items": "2024-06-23 10:28:55 +0000"
    },
    "done": true
  },
  "minecraft:recipes/building_blocks/oak_wood": {
    "criteria": {
      "has_log": "2024-06-23 10:55:37 +0000"
    },
    "done": true
  },
  "sophisticatedbackpacks:recipes/sophisticatedbackpacks/upgrade_base": {
    "criteria": {
      "has_leather": "2024-06-23 10:47:46 +0000"
    },
    "done": true
  },
  "mcwwindows:recipes/warped": {
    "criteria": {
      "has_the_recipe": "2024-06-23 10:55:37 +0000"
    },
    "done": true
  },
  "mcwwindows:recipes/mangrove": {
    "criteria": {
      "has_the_recipe": "2024-06-23 10:55:37 +0000"
    },
    "done": true
  },
  "cfm:recipes/cfm/stripped_oak_desk": {
    "criteria": {
      "has_planks": "2024-06-23 10:55:37 +0000"
    },
    "done": true
  },
  "aquaculture:recipes/food/sushi": {
    "criteria": {
      "has_alt_items": "2024-06-23 10:28:55 +0000",
      "has_items": "2024-06-23 10:28:55 +0000"
    },
    "done": true
  },
  "pfm:grant_book_on_first_join": {
    "criteria": {
      "tick": "2024-06-23 10:28:56 +0000"
    },
    "done": true
  },
  "sophisticatedbackpacks:recipes/sophisticatedbackpacks/backpack": {
    "criteria": {
      "has_leather": "2024-06-23 10:47:46 +0000"
    },
    "done": true
  },
  "pfm:recipes/pfm.furniture/oak_kitchen_counter_oven": {
    "criteria": {
      "has_planks": "2024-06-23 10:55:37 +0000"
    },
    "done": true
  },
  "pfm:recipes/pfm.furniture/oak_kitchen_sink": {
    "criteria": {
      "has_planks": "2024-06-23 10:55:37 +0000"
    },
    "done": true
  },
  "cfm:recipes/cfm/oak_cabinet": {
    "criteria": {
      "has_log": "2024-06-23 10:55:37 +0000"
    },
    "done": true
  },
  "aquaculture:recipes/misc/iron_nugget_from_smelting": {
    "criteria": {
      "has_fishing_rod": "2024-06-23 10:28:55 +0000",
      "has_fillet_knife": "2024-06-23 10:28:55 +0000"
    },
    "done": true
  },
  "mcwwindows:recipes/blackstone": {
    "criteria": {
      "has_the_recipe": "2024-06-23 10:55:37 +0000"
    },
    "done": true
  },
  "aquaculture:recipes/decorations/oak_fish_mount": {
    "criteria": {
      "has_items": "2024-06-23 10:28:55 +0000"
    },
    "done": true
  },
  "pfm:recipes/pfm.furniture/oak_kitchen_cabinet": {
    "criteria": {
      "has_planks": "2024-06-23 10:55:37 +0000"
    },
    "done": true
  },
  "biomesoplenty:recipes/transportation/hellbark_boat": {
    "criteria": {
      "in_water": "2024-06-23 11:02:14 +0000"
    },
    "done": true
  },
  "aquaculture:recipes/decorations/dark_oak_fish_mount": {
    "criteria": {
      "has_items": "2024-06-23 10:28:55 +0000"
    },
    "done": true
  },
  "minecraft:recipes/food/cooked_beef": {
    "criteria": {
      "has_beef": "2024-06-23 10:48:10 +0000"
    },
    "done": true
  },
  "minecraft:adventure/adventuring_time": {
    "criteria": {
      "minecraft:taiga": "2024-06-23 11:02:04 +0000",
      "minecraft:river": "2024-06-23 10:38:59 +0000",
      "minecraft:forest": "2024-06-23 10:34:27 +0000",
      "minecraft:meadow": "2024-06-23 10:35:30 +0000",
      "minecraft:plains": "2024-06-23 10:32:38 +0000"
    },
    "done": false
  },
  "ic2:plant_ball_seed_recipe_advancement": {
    "criteria": {
      "hasItem": "2024-06-23 10:36:18 +0000"
    },
    "done": true
  },
  "pfm:recipes/pfm.furniture/pink_simple_sofa": {
    "criteria": {
      "has_wool": "2024-06-23 10:55:37 +0000"
    },
    "done": true
  },
  "minecraft:recipes/misc/magenta_dye_from_allium": {
    "criteria": {
      "has_allium": "2024-06-23 10:45:52 +0000"
    },
    "done": true
  },
  "pfm:recipes/pfm.furniture/red_simple_sofa": {
    "criteria": {
      "has_wool": "2024-06-23 10:55:37 +0000"
    },
    "done": true
  },
  "cfm:recipes/cfm/oak_desk_cabinet": {
    "criteria": {
      "has_log": "2024-06-23 10:55:37 +0000"
    },
    "done": true
  },
  "minecraft:recipes/transportation/jungle_boat": {
    "criteria": {
      "in_water": "2024-06-23 11:02:14 +0000"
    },
    "done": true
  },
  "aquaculture:recipes/misc/bonemeal_from_fish_bones": {
    "criteria": {
      "has_items": "2024-06-23 10:28:55 +0000"
    },
    "done": true
  },
  "pfm:recipes/pfm.furniture/yellow_arm_chair": {
    "criteria": {
      "has_wool": "2024-06-23 10:55:37 +0000"
    },
    "done": true
  },
  "aquaculture:recipes/misc/gold_nugget_from_blasting": {
    "criteria": {
      "has_fishing_rod": "2024-06-23 10:28:55 +0000",
      "has_fillet_knife": "2024-06-23 10:28:55 +0000"
    },
    "done": true
  },
  "mcwwindows:recipes/jungle": {
    "criteria": {
      "has_the_recipe": "2024-06-23 10:55:37 +0000"
    },
    "done": true
  },
  "aquaculture:recipes/aquaculture/heavy_hook": {
    "criteria": {
      "has_items": "2024-06-23 10:28:55 +0000"
    },
    "done": true
  },
  "aquaculture:recipes/aquaculture/iron_hook": {
    "criteria": {
      "has_items": "2024-06-23 10:28:55 +0000"
    },
    "done": true
  },
  "minecraft:recipes/transportation/dark_oak_boat": {
    "criteria": {
      "in_water": "2024-06-23 11:02:14 +0000"
    },
    "done": true
  },
  "tconstruct:recipes/tconstruct/tools/tools/armor/travelers_shield": {
    "criteria": {
      "has_item": "2024-06-23 10:47:46 +0000"
    },
    "done": true
  },
  "aquaculture:recipes/aquaculture/double_hook": {
    "criteria": {
      "has_items": "2024-06-23 10:28:55 +0000"
    },
    "done": true
  },
  "mcwwindows:recipes/oak": {
    "criteria": {
      "has_wood": "2024-06-23 10:55:37 +0000"
    },
    "done": true
  },
  "aquaculture:recipes/decorations/jungle_fish_mount": {
    "criteria": {
      "has_items": "2024-06-23 10:28:55 +0000"
    },
    "done": true
  },
  "mcwwindows:recipes/spruce": {
    "criteria": {
      "has_the_recipe": "2024-06-23 10:55:37 +0000"
    },
    "done": true
  },
  "pfm:recipes/pfm.furniture/oak_kitchen_wall_small_drawer": {
    "criteria": {
      "has_planks": "2024-06-23 10:55:37 +0000"
    },
    "done": true
  },
  "pfm:recipes/pfm.furniture/brown_simple_sofa": {
    "criteria": {
      "has_wool": "2024-06-23 10:55:37 +0000"
    },
    "done": true
  },
  "ic2:recycler_recipe_advancement": {
    "criteria": {
      "hasItem": "2024-06-23 10:39:53 +0000"
    },
    "done": true
  },
  "biomesoplenty:recipes/transportation/jacaranda_boat": {
    "criteria": {
      "in_water": "2024-06-23 11:02:14 +0000"
    },
    "done": true
  },
  "cfm:recipes/cfm/oak_upgraded_fence": {
    "criteria": {
      "has_log": "2024-06-23 10:55:37 +0000"
    },
    "done": true
  },
  "ic2:flesh_ball_recipe_advancement": {
    "criteria": {
      "hasItem": "2024-06-23 11:09:18 +0000"
    },
    "done": true
  },
  "pfm:recipes/pfm.furniture/lime_arm_chair": {
    "criteria": {
      "has_wool": "2024-06-23 10:55:37 +0000"
    },
    "done": true
  },
  "pfm:recipes/pfm.furniture/gray_arm_chair": {
    "criteria": {
      "has_wool": "2024-06-23 10:55:37 +0000"
    },
    "done": true
  },
  "aquaculture:recipes/decorations/birch_fish_mount": {
    "criteria": {
      "has_items": "2024-06-23 10:28:55 +0000"
    },
    "done": true
  },
  "minecraft:recipes/food/cooked_beef_from_campfire_cooking": {
    "criteria": {
      "has_beef": "2024-06-23 10:48:10 +0000"
    },
    "done": true
  },
  "aquaculture:recipes/aquaculture/bobber": {
    "criteria": {
      "has_items": "2024-06-23 10:28:55 +0000"
    },
    "done": true
  },
  "minecraft:recipes/misc/light_gray_dye_from_oxeye_daisy": {
    "criteria": {
      "has_oxeye_daisy": "2024-06-23 10:51:51 +0000"
    },
    "done": true
  },
  "mcwwindows:recipes/stone": {
    "criteria": {
      "has_the_recipe": "2024-06-23 10:55:37 +0000"
    },
    "done": true
  },
  "cfm:recipes/cfm/oak_coffee_table": {
    "criteria": {
      "has_log": "2024-06-23 10:55:37 +0000"
    },
    "done": true
  },
  "pfm:recipes/pfm.furniture/light_blue_arm_chair": {
    "criteria": {
      "has_wool": "2024-06-23 10:55:37 +0000"
    },
    "done": true
  },
  "DataVersion": 3120
}